Full_Name,Age,Gender,Marital_Status,Number_of_Dependents,Employment_Type,Employment_Experience,Monthly_Income,Annual_Income,Credit_Score,Loan_Amount,Loan_Purpose,Loan_Term,Interest_Rate,Existing_Loans,Loan_Default
Applicant_1,59,Female,Married,1,Unemployed,0,5000.0,60000.0,496,200000,Personal,240,17.94,1,1
Applicant_2,49,Female,Married,0,Salaried,8,46000.0,552000.0,687,500000,Personal,24,7.93,1,0
Applicant_3,35,Male,Single,1,Salaried,10,49500.0,594000.0,684,300000,Education,48,12.67,2,0
Applicant_4,63,Male,Married,1,Self-Employed,36,114900.0,1378800.0,772,250000,Home,240,8.46,2,0
Applicant_5,28,Female,Married,3,Unemployed,0,5000.0,60000.0,619,250000,Business,48,11.55,5,1
Applicant_6,41,Male,Single,1,Salaried,12,40800.0,489600.0,651,300000,Personal,180,17.17,1,0
Applicant_7,59,Male,Married,1,Salaried,17,87400.0,1048800.0,585,150000,Personal,120,15.63,2,0
Applicant_8,39,Male,Single,4,Salaried,14,41600.0,499200.0,709,400000,Education,48,15.49,0,0
Applicant_9,43,Male,Single,2,Freelancer,19,46900.0,562800.0,571,50000,Business,48,10.57,3,0
Applicant_10,31,Male,Single,1,Freelancer,11,22700.0,272400.0,560,250000,Business,12,17.24,3,1
Applicant_11,31,Male,Married,1,Salaried,3,49100.0,589200.0,643,300000,Personal,12,10.74,2,0
Applicant_12,44,Male,Single,3,Salaried,4,50800.0,609600.0,527,100000,Vehicle,24,6.96,0,0
Applicant_13,56,Male,Divorced,1,Self-Employed,36,135700.0,1628400.0,810,100000,Home,60,13.83,5,0
Applicant_14,60,Female,Married,1,Salaried,32,117700.0,1412400.0,842,750000,Business,180,10.67,4,0
Applicant_15,44,Female,Married,2,Self-Employed,17,90600.0,1087200.0,604,100000,Personal,36,8.27,1,0
Applicant_16,23,Female,Single,0,Salaried,2,48300.0,579600.0,511,150000,Home,36,17.25,2,0
Applicant_17,42,Male,Married,3,Self-Employed,18,56300.0,675600.0,683,50000,Home,48,13.83,4,0
Applicant_18,22,Male,Married,1,Freelancer,1,28900.0,346800.0,601,750000,Education,24,17.32,1,1
Applicant_19,44,Female,Married,2,Self-Employed,21,85900.0,1030800.0,767,50000,Vehicle,36,13.2,2,0
Applicant_20,64,Female,Married,2,Salaried,40,130600.0,1567200.0,571,200000,Business,36,7.23,2,0
Applicant_21,50,Male,Divorced,0,Freelancer,0,17900.0,214800.0,704,400000,Personal,36,6.84,2,1
Applicant_22,58,Male,Married,3,Salaried,24,95300.0,1143600.0,661,100000,Home,36,16.86,2,0
Applicant_23,22,Female,Married,4,Freelancer,3,17000.0,204000.0,582,500000,Vehicle,180,6.95,1,1
Applicant_24,41,Male,Single,1,Salaried,2,28400.0,340800.0,674,500000,Education,180,13.57,1,1
Applicant_25,53,Male,Married,4,Freelancer,5,18300.0,219600.0,737,150000,Personal,120,9.93,4,0
Applicant_26,32,Female,Married,0,Salaried,5,50400.0,604800.0,658,200000,Business,36,14.41,3,0
Applicant_27,42,Male,Married,3,Salaried,17,56300.0,675600.0,659,400000,Home,120,9.77,3,0
Applicant_28,64,Male,Married,1,Salaried,36,105600.0,1267200.0,562,250000,Personal,120,6.93,1,0
Applicant_29,45,Male,Married,1,Unemployed,0,18500.0,222000.0,764,250000,Home,24,14.9,3,1
Applicant_30,47,Female,Married,0,Unemployed,0,5000.0,60000.0,754,100000,Home,36,10.08,1,1
Applicant_31,62,Male,Single,1,Salaried,2,36400.0,436800.0,608,300000,Business,36,12.83,2,0
Applicant_32,48,Male,Single,0,Salaried,4,49100.0,589200.0,637,200000,Home,120,15.4,2,0
Applicant_33,36,Male,Single,3,Salaried,2,47700.0,572400.0,791,250000,Personal,24,14.58,1,0
Applicant_34,35,Female,Divorced,3,Salaried,12,56500.0,678000.0,536,250000,Home,180,10.51,1,0
Applicant_35,64,Male,Married,0,Freelancer,14,64800.0,777600.0,710,100000,Personal,12,15.1,3,0
Applicant_36,23,Other,Married,0,Salaried,0,48900.0,586800.0,594,500000,Home,12,17.15,4,1
Applicant_37,57,Male,Married,3,Freelancer,14,70100.0,841200.0,827,50000,Business,12,13.51,0,0
Applicant_38,27,Other,Married,1,Self-Employed,4,41800.0,501600.0,656,100000,Home,36,14.59,1,0
Applicant_39,41,Female,Divorced,0,Self-Employed,21,69300.0,831600.0,776,400000,Business,24,16.46,1,0
Applicant_40,29,Male,Married,1,Freelancer,10,34800.0,417600.0,573,400000,Personal,12,16.2,1,1
Applicant_41,59,Male,Married,1,Salaried,27,98600.0,1183200.0,525,100000,Personal,48,10.54,5,0
Applicant_42,38,Male,Married,0,Salaried,13,60300.0,723600.0,626,50000,Vehicle,48,17.9,1,0
Applicant_43,24,Male,Single,2,Freelancer,6,28500.0,342000.0,676,1000000,Home,24,6.83,3,1
Applicant_44,45,Female,Married,2,Salaried,2,37300.0,447600.0,598,50000,Education,240,17.85,2,0
Applicant_45,34,Male,Married,0,Salaried,9,47700.0,572400.0,725,50000,Home,36,9.33,0,0
Applicant_46,29,Male,Single,4,Unemployed,0,8000.0,96000.0,629,300000,Education,240,11.57,2,1
Applicant_47,46,Male,Married,2,Self-Employed,10,33800.0,405600.0,441,1000000,Vehicle,120,16.66,2,1
Applicant_48,22,Female,Married,0,Salaried,4,52500.0,630000.0,705,400000,Home,12,9.31,3,0
Applicant_49,40,Male,Divorced,0,Self-Employed,19,83100.0,997200.0,561,100000,Business,36,9.08,0,0
Applicant_50,48,Male,Single,0,Salaried,21,73300.0,879600.0,613,300000,Personal,120,13.9,0,0
Applicant_51,27,Male,Married,1,Unemployed,0,33800.0,405600.0,805,200000,Home,180,14.61,3,1
Applicant_52,64,Female,Married,0,Salaried,12,64300.0,771600.0,827,750000,Vehicle,12,6.59,1,0
Applicant_53,28,Female,Single,1,Self-Employed,2,15600.0,187200.0,592,500000,Vehicle,60,11.68,4,1
Applicant_54,55,Male,Married,0,Freelancer,20,60800.0,729600.0,707,500000,Vehicle,60,12.12,1,0
Applicant_55,34,Male,Single,2,Self-Employed,4,43900.0,526800.0,594,100000,Personal,36,9.63,0,0
Applicant_56,37,Male,Single,2,Freelancer,19,69700.0,836400.0,621,250000,Home,48,12.78,2,0
Applicant_57,56,Male,Single,1,Unemployed,0,5000.0,60000.0,589,100000,Education,36,8.28,1,1
Applicant_58,60,Female,Single,2,Self-Employed,20,59800.0,717600.0,477,150000,Personal,12,10.22,1,0
Applicant_59,24,Female,Married,4,Salaried,3,29600.0,355200.0,659,500000,Education,36,14.7,0,1
Applicant_60,22,Male,Single,2,Self-Employed,0,25200.0,302400.0,678,250000,Business,36,16.55,0,0
Applicant_61,26,Female,Married,1,Unemployed,0,5000.0,60000.0,582,200000,Business,240,13.28,0,1
Applicant_62,62,Male,Married,1,Salaried,3,29000.0,348000.0,758,250000,Home,12,7.36,2,0
Applicant_63,24,Female,Married,3,Self-Employed,4,32000.0,384000.0,606,500000,Personal,48,14.31,3,1
Applicant_64,49,Female,Divorced,0,Self-Employed,14,72900.0,874800.0,586,1000000,Vehicle,60,16.82,0,1
Applicant_65,38,Male,Married,1,Salaried,2,68700.0,824400.0,702,400000,Home,120,12.3,2,0
Applicant_66,46,Female,Married,2,Salaried,22,95300.0,1143600.0,495,300000,Education,12,12.18,4,1
Applicant_67,64,Male,Single,2,Unemployed,0,24600.0,295200.0,740,100000,Home,36,17.9,2,0
Applicant_68,54,Male,Married,2,Self-Employed,6,61600.0,739200.0,609,1000000,Education,24,13.82,3,1
Applicant_69,30,Male,Married,1,Salaried,7,66500.0,798000.0,748,250000,Education,36,15.77,0,0
Applicant_70,56,Male,Married,0,Freelancer,8,35900.0,430800.0,778,1000000,Home,120,13.93,0,1
Applicant_71,34,Female,Single,4,Self-Employed,2,41100.0,493200.0,714,750000,Home,36,9.04,1,1
Applicant_72,51,Female,Married,0,Freelancer,8,34700.0,416400.0,568,750000,Personal,24,9.77,2,1
Applicant_73,35,Female,Married,0,Salaried,3,42700.0,512400.0,524,750000,Education,120,14.16,2,1
Applicant_74,28,Female,Married,1,Unemployed,0,6000.0,72000.0,506,150000,Home,36,11.74,5,1
Applicant_75,34,Female,Married,3,Self-Employed,16,77700.0,932400.0,760,750000,Vehicle,24,11.15,2,0
Applicant_76,43,Male,Single,2,Self-Employed,24,89300.0,1071600.0,636,750000,Personal,180,6.76,1,0
Applicant_77,60,Male,Married,4,Salaried,5,47600.0,571200.0,590,250000,Home,240,16.67,3,0
Applicant_78,41,Male,Single,0,Salaried,15,70800.0,849600.0,636,300000,Vehicle,36,16.67,0,0
Applicant_79,36,Female,Single,1,Salaried,17,80500.0,966000.0,758,400000,Education,48,11.8,3,0
Applicant_80,38,Female,Married,0,Unemployed,0,15000.0,180000.0,727,1000000,Home,120,14.56,1,1
Applicant_81,44,Male,Single,3,Salaried,12,41200.0,494400.0,693,1000000,Vehicle,60,8.54,0,1
Applicant_82,46,Female,Single,1,Self-Employed,6,30800.0,369600.0,713,1000000,Home,48,12.29,0,1
Applicant_83,45,Female,Single,0,Salaried,2,60600.0,727200.0,668,300000,Vehicle,12,11.55,5,0
Applicant_84,61,Female,Married,2,Salaried,30,99100.0,1189200.0,680,250000,Business,12,14.05,2,0
Applicant_85,49,Male,Divorced,1,Salaried,5,43600.0,523200.0,672,50000,Education,36,11.9,0,0
Applicant_86,35,Male,Married,1,Freelancer,2,25000.0,300000.0,649,200000,Home,180,12.23,0,1
Applicant_87,21,Male,Married,3,Freelancer,0,21000.0,252000.0,725,500000,Home,12,9.9,1,1
Applicant_88,45,Male,Single,0,Unemployed,0,13400.0,160800.0,686,500000,Home,180,7.06,0,1
Applicant_89,27,Male,Married,0,Unemployed,0,5000.0,60000.0,561,300000,Vehicle,12,17.05,0,1
Applicant_90,29,Female,Married,0,Salaried,11,62400.0,748800.0,702,150000,Personal,180,6.64,3,0
Applicant_91,44,Male,Single,1,Freelancer,11,50700.0,608400.0,674,500000,Home,36,9.74,3,1
Applicant_92,21,Female,Single,0,Self-Employed,0,40900.0,490800.0,711,400000,Personal,36,11.65,5,1
Applicant_93,64,Male,Single,2,Freelancer,29,86300.0,1035600.0,639,750000,Home,60,10.17,0,0
Applicant_94,28,Female,Married,0,Salaried,5,57700.0,692400.0,731,150000,Home,24,12.85,4,0
Applicant_95,44,Male,Married,4,Freelancer,16,48400.0,580800.0,643,300000,Home,36,11.81,1,0
Applicant_96,31,Female,Married,0,Salaried,9,43900.0,526800.0,722,50000,Business,180,9.44,1,0
Applicant_97,37,Female,Single,0,Salaried,6,88900.0,1066800.0,604,500000,Home,60,7.51,0,0
Applicant_98,28,Male,Single,0,Salaried,3,41500.0,498000.0,611,100000,Personal,48,8.08,5,1
Applicant_99,55,Male,Married,2,Salaried,26,89200.0,1070400.0,710,250000,Home,12,12.09,5,0
Applicant_100,55,Female,Married,1,Salaried,6,62200.0,746400.0,616,300000,Personal,180,16.23,3,1
Applicant_101,53,Male,Single,3,Freelancer,22,92900.0,1114800.0,870,200000,Education,180,7.66,0,0
Applicant_102,25,Male,Single,2,Freelancer,2,20800.0,249600.0,706,750000,Home,24,14.29,3,1
Applicant_103,62,Male,Single,4,Salaried,7,39000.0,468000.0,652,150000,Personal,180,15.61,2,0
Applicant_104,59,Male,Single,2,Salaried,7,35400.0,424800.0,731,100000,Personal,240,9.68,0,0
Applicant_105,61,Female,Single,0,Salaried,36,135900.0,1630800.0,601,150000,Home,180,14.18,0,0
Applicant_106,48,Male,Divorced,3,Freelancer,4,17400.0,208800.0,742,250000,Business,180,14.4,2,1
Applicant_107,27,Female,Married,4,Salaried,6,51600.0,619200.0,739,50000,Education,120,14.64,3,0
Applicant_108,29,Female,Married,4,Self-Employed,5,30300.0,363600.0,775,1000000,Business,48,16.74,3,1
Applicant_109,28,Female,Married,0,Salaried,3,24300.0,291600.0,605,200000,Personal,240,11.08,1,1
Applicant_110,32,Female,Single,2,Self-Employed,1,32600.0,391200.0,527,50000,Vehicle,36,9.3,1,0
Applicant_111,54,Female,Single,0,Salaried,23,71900.0,862800.0,588,750000,Personal,48,12.75,2,0
Applicant_112,53,Male,Married,0,Salaried,1,31600.0,379200.0,621,150000,Home,120,7.22,3,1
Applicant_113,43,Female,Married,2,Salaried,15,100100.0,1201200.0,816,100000,Business,60,10.34,0,0
Applicant_114,44,Female,Single,4,Salaried,11,68400.0,820800.0,869,250000,Business,36,16.66,2,0
Applicant_115,57,Female,Married,2,Salaried,25,104000.0,1248000.0,684,50000,Vehicle,180,12.62,1,0
Applicant_116,55,Female,Married,3,Self-Employed,37,121400.0,1456800.0,650,1000000,Home,240,11.52,1,0
Applicant_117,64,Male,Single,0,Salaried,5,48500.0,582000.0,615,400000,Personal,180,9.56,0,0
Applicant_118,60,Male,Single,0,Salaried,22,77400.0,928800.0,732,750000,Personal,36,9.38,2,0
Applicant_119,42,Female,Married,2,Salaried,1,45700.0,548400.0,868,50000,Personal,24,9.22,0,0
Applicant_120,47,Male,Married,1,Freelancer,25,77500.0,930000.0,828,500000,Vehicle,60,16.04,4,0
Applicant_121,55,Female,Single,3,Self-Employed,13,52500.0,630000.0,763,500000,Personal,12,17.83,2,0
Applicant_122,21,Male,Single,1,Self-Employed,1,38900.0,466800.0,762,400000,Personal,48,12.65,5,1
Applicant_123,55,Male,Married,1,Salaried,37,103400.0,1240800.0,733,1000000,Education,120,7.42,0,0
Applicant_124,57,Male,Single,1,Salaried,31,99400.0,1192800.0,645,200000,Education,24,15.14,2,0
Applicant_125,34,Male,Married,0,Salaried,13,61000.0,732000.0,576,400000,Education,120,16.59,5,0
Applicant_126,23,Male,Married,3,Self-Employed,5,26000.0,312000.0,647,100000,Home,24,17.21,0,0
Applicant_127,21,Male,Single,1,Self-Employed,0,5000.0,60000.0,692,300000,Education,180,13.73,0,1
Applicant_128,25,Other,Single,1,Freelancer,7,24900.0,298800.0,504,250000,Home,240,12.33,2,1
Applicant_129,46,Female,Married,3,Freelancer,4,60100.0,721200.0,634,250000,Personal,240,13.64,1,0
Applicant_130,34,Male,Single,1,Salaried,12,59400.0,712800.0,567,500000,Personal,36,6.65,0,0
Applicant_131,59,Female,Single,3,Salaried,37,125600.0,1507200.0,751,50000,Business,48,14.04,5,0
Applicant_132,47,Female,Married,0,Salaried,21,50100.0,601200.0,595,500000,Personal,24,14.66,3,0
Applicant_133,29,Female,Single,0,Salaried,10,44900.0,538800.0,682,200000,Personal,36,14.8,1,0
Applicant_134,35,Male,Married,4,Unemployed,0,5000.0,60000.0,579,1000000,Home,36,12.98,0,1
Applicant_135,35,Female,Single,3,Salaried,10,57000.0,684000.0,809,300000,Vehicle,60,14.55,0,0
Applicant_136,46,Female,Married,1,Unemployed,0,41300.0,495600.0,479,300000,Home,36,13.85,0,1
Applicant_137,62,Male,Single,2,Self-Employed,15,71900.0,862800.0,697,50000,Vehicle,12,7.83,1,0
Applicant_138,33,Male,Divorced,4,Self-Employed,4,68400.0,820800.0,522,500000,Personal,180,16.83,1,0
Applicant_139,52,Female,Married,0,Salaried,1,38200.0,458400.0,599,200000,Home,240,13.66,0,0
Applicant_140,59,Male,Single,0,Self-Employed,9,73500.0,882000.0,670,750000,Education,60,14.87,4,1
Applicant_141,52,Female,Married,1,Self-Employed,18,102100.0,1225200.0,675,400000,Home,60,10.44,1,0
Applicant_142,24,Male,Married,0,Salaried,3,44400.0,532800.0,672,200000,Home,12,17.07,0,0
Applicant_143,50,Female,Married,0,Salaried,28,87900.0,1054800.0,665,50000,Education,12,12.28,2,0
Applicant_144,57,Female,Married,3,Salaried,24,68200.0,818400.0,585,750000,Personal,120,14.31,0,0
Applicant_145,43,Male,Married,0,Self-Employed,16,62400.0,748800.0,633,1000000,Home,180,17.45,2,1
Applicant_146,59,Male,Single,3,Salaried,12,65200.0,782400.0,653,300000,Personal,24,17.03,2,0
Applicant_147,35,Female,Married,1,Self-Employed,12,89500.0,1074000.0,669,300000,Business,240,13.92,5,0
Applicant_148,63,Female,Single,2,Self-Employed,15,45600.0,547200.0,643,50000,Personal,180,8.41,1,0
Applicant_149,49,Female,Married,2,Salaried,21,82900.0,994800.0,722,250000,Education,120,17.43,0,0
Applicant_150,56,Male,Married,1,Self-Employed,34,75800.0,909600.0,659,200000,Home,180,17.82,0,0
Applicant_151,33,Male,Single,0,Salaried,3,39600.0,475200.0,670,50000,Home,24,7.69,0,0
Applicant_152,52,Male,Single,0,Self-Employed,2,43700.0,524400.0,611,400000,Business,240,11.68,3,1
Applicant_153,27,Female,Married,2,Salaried,8,63700.0,764400.0,544,200000,Personal,120,12.8,2,0
Applicant_154,42,Male,Married,0,Salaried,7,62800.0,753600.0,665,150000,Personal,240,7.56,5,0
Applicant_155,48,Male,Married,0,Salaried,28,102000.0,1224000.0,770,100000,Home,12,8.68,1,0
Applicant_156,22,Female,Single,4,Freelancer,1,35700.0,428400.0,694,500000,Home,24,12.68,3,1
Applicant_157,62,Female,Married,4,Salaried,28,96700.0,1160400.0,568,250000,Business,12,17.58,0,0
Applicant_158,26,Male,Single,1,Salaried,4,32300.0,387600.0,731,1000000,Personal,240,6.82,4,1
Applicant_159,48,Male,Single,0,Salaried,2,16200.0,194400.0,616,750000,Vehicle,12,16.99,0,1
Applicant_160,48,Female,Single,2,Salaried,9,49800.0,597600.0,721,250000,Vehicle,120,16.83,3,1
Applicant_161,64,Female,Single,3,Freelancer,30,83000.0,996000.0,613,1000000,Business,36,16.36,1,0
Applicant_162,64,Male,Married,0,Self-Employed,10,73800.0,885600.0,685,50000,Education,24,10.84,0,0
Applicant_163,40,Female,Divorced,0,Unemployed,0,5000.0,60000.0,598,1000000,Home,60,12.14,2,1
Applicant_164,50,Female,Married,3,Salaried,16,69100.0,829200.0,600,250000,Education,60,11.14,4,0
Applicant_165,31,Male,Single,4,Salaried,7,59800.0,717600.0,493,250000,Vehicle,24,17.4,3,1
Applicant_166,48,Male,Married,2,Self-Employed,8,46900.0,562800.0,701,500000,Education,24,12.5,1,0
Applicant_167,45,Male,Married,0,Self-Employed,7,61200.0,734400.0,687,300000,Business,24,7.43,1,0
Applicant_168,59,Female,Single,1,Salaried,1,71700.0,860400.0,692,250000,Vehicle,24,9.65,0,0
Applicant_169,53,Male,Divorced,2,Self-Employed,3,73900.0,886800.0,677,500000,Business,240,11.81,3,1
Applicant_170,21,Female,Married,0,Freelancer,1,28500.0,342000.0,573,50000,Personal,36,17.47,0,0
Applicant_171,47,Female,Divorced,0,Salaried,15,75100.0,901200.0,746,250000,Home,12,13.04,4,0
Applicant_172,33,Male,Married,0,Self-Employed,8,74700.0,896400.0,749,150000,Home,240,14.5,2,0
Applicant_173,61,Female,Married,1,Salaried,40,117800.0,1413600.0,571,250000,Personal,24,7.52,2,0
Applicant_174,23,Female,Single,1,Unemployed,0,15200.0,182400.0,703,150000,Vehicle,120,16.59,3,1
Applicant_175,59,Male,Married,3,Self-Employed,20,58000.0,696000.0,737,200000,Vehicle,240,12.7,2,0
Applicant_176,26,Male,Single,2,Salaried,4,43300.0,519600.0,602,750000,Home,24,17.09,1,1
Applicant_177,28,Male,Married,3,Salaried,9,75300.0,903600.0,620,100000,Education,12,11.62,1,0
Applicant_178,47,Female,Married,3,Unemployed,0,5000.0,60000.0,703,1000000,Personal,12,14.36,0,1
Applicant_179,29,Other,Married,0,Self-Employed,2,37100.0,445200.0,498,50000,Personal,12,11.91,1,0
Applicant_180,57,Male,Married,1,Salaried,13,42400.0,508800.0,541,200000,Home,240,8.14,0,0
Applicant_181,53,Female,Married,1,Self-Employed,14,93100.0,1117200.0,551,500000,Education,120,9.63,2,0
Applicant_182,62,Male,Single,0,Self-Employed,5,63900.0,766800.0,470,250000,Vehicle,48,7.27,0,0
Applicant_183,64,Male,Married,3,Salaried,15,72800.0,873600.0,758,750000,Vehicle,60,11.56,3,0
Applicant_184,44,Male,Married,0,Salaried,22,91600.0,1099200.0,451,1000000,Personal,240,13.97,2,1
Applicant_185,35,Male,Married,1,Self-Employed,9,58900.0,706800.0,684,150000,Personal,120,9.3,4,0
Applicant_186,52,Male,Married,2,Salaried,11,82800.0,993600.0,731,750000,Home,24,12.14,0,0
Applicant_187,52,Female,Single,1,Salaried,18,68200.0,818400.0,620,50000,Business,36,11.78,3,0
Applicant_188,44,Male,Single,2,Freelancer,11,58000.0,696000.0,583,100000,Home,36,12.63,4,0
Applicant_189,61,Female,Divorced,1,Self-Employed,12,75200.0,902400.0,673,750000,Home,180,8.62,0,0
Applicant_190,32,Male,Married,0,Salaried,0,58200.0,698400.0,650,750000,Home,12,12.64,5,1
Applicant_191,59,Male,Single,0,Salaried,1,8100.0,97200.0,750,1000000,Education,36,10.69,1,1
Applicant_192,22,Male,Married,3,Self-Employed,3,32000.0,384000.0,387,250000,Vehicle,60,9.79,0,1
Applicant_193,23,Female,Divorced,0,Self-Employed,0,19700.0,236400.0,558,1000000,Vehicle,240,13.24,1,1
Applicant_194,57,Male,Single,0,Self-Employed,20,77200.0,926400.0,706,200000,Personal,24,8.2,0,0
Applicant_195,37,Male,Married,1,Salaried,7,23800.0,285600.0,655,750000,Business,240,16.86,4,1
Applicant_196,22,Other,Divorced,0,Self-Employed,4,12300.0,147600.0,725,1000000,Education,180,17.25,0,1
Applicant_197,22,Male,Divorced,1,Unemployed,0,37600.0,451200.0,676,100000,Personal,36,14.1,1,1
Applicant_198,48,Male,Divorced,2,Salaried,28,105300.0,1263600.0,636,150000,Business,60,9.99,2,0
Applicant_199,43,Female,Married,2,Salaried,18,77800.0,933600.0,619,500000,Personal,60,13.7,3,0
Applicant_200,57,Male,Married,2,Freelancer,34,98500.0,1182000.0,882,50000,Home,48,13.42,0,0
Applicant_201,52,Male,Single,0,Salaried,25,92200.0,1106400.0,803,100000,Business,48,11.0,2,0
Applicant_202,53,Male,Single,1,Salaried,10,75000.0,900000.0,699,250000,Home,36,9.8,0,0
Applicant_203,21,Male,Married,0,Salaried,3,36500.0,438000.0,657,400000,Home,60,8.44,2,0
Applicant_204,39,Male,Married,0,Salaried,2,46800.0,561600.0,703,1000000,Personal,12,9.0,4,1
Applicant_205,22,Male,Single,1,Salaried,3,49400.0,592800.0,732,750000,Home,48,14.01,0,1
Applicant_206,64,Male,Married,0,Salaried,2,28300.0,339600.0,691,150000,Personal,60,16.69,0,0
Applicant_207,46,Male,Single,2,Freelancer,12,68200.0,818400.0,574,200000,Personal,48,10.93,2,0
Applicant_208,52,Female,Married,2,Self-Employed,11,50300.0,603600.0,828,1000000,Education,24,7.9,0,0
Applicant_209,26,Male,Single,3,Self-Employed,5,60300.0,723600.0,674,50000,Vehicle,180,6.65,0,0
Applicant_210,52,Male,Married,2,Salaried,28,97700.0,1172400.0,851,50000,Business,60,11.17,0,0
Applicant_211,24,Female,Married,0,Self-Employed,6,71500.0,858000.0,668,50000,Home,60,9.17,1,0
Applicant_212,31,Female,Single,1,Salaried,3,30400.0,364800.0,625,200000,Business,120,10.21,0,0
Applicant_213,37,Male,Divorced,0,Freelancer,18,44700.0,536400.0,788,750000,Education,24,9.28,1,0
Applicant_214,58,Female,Married,1,Freelancer,18,47400.0,568800.0,680,500000,Business,120,14.14,1,0
Applicant_215,44,Male,Single,0,Self-Employed,26,89000.0,1068000.0,663,200000,Business,48,13.84,2,0
Applicant_216,25,Male,Single,0,Self-Employed,2,62100.0,745200.0,529,500000,Home,240,16.99,4,1
Applicant_217,54,Female,Single,1,Freelancer,26,100900.0,1210800.0,716,400000,Personal,24,14.55,1,0
Applicant_218,26,Male,Single,2,Self-Employed,2,5000.0,60000.0,600,300000,Vehicle,180,8.4,1,1
Applicant_219,42,Male,Married,2,Salaried,2,47700.0,572400.0,605,1000000,Education,36,15.14,0,1
Applicant_220,31,Male,Married,1,Salaried,7,5800.0,69600.0,600,100000,Home,12,8.58,2,1
Applicant_221,36,Male,Married,1,Unemployed,0,16900.0,202800.0,693,150000,Home,48,12.92,4,1
Applicant_222,53,Male,Married,1,Salaried,6,68800.0,825600.0,496,200000,Home,180,7.39,3,1
Applicant_223,29,Female,Single,2,Freelancer,2,28400.0,340800.0,628,400000,Home,60,7.04,0,1
Applicant_224,26,Male,Single,0,Salaried,7,55300.0,663600.0,748,500000,Education,36,11.84,4,1
Applicant_225,36,Female,Married,2,Salaried,2,45100.0,541200.0,525,500000,Education,48,7.71,2,1
Applicant_226,49,Female,Single,2,Self-Employed,20,63200.0,758400.0,667,200000,Home,180,10.03,0,0
Applicant_227,23,Female,Single,0,Salaried,0,46500.0,558000.0,586,750000,Personal,180,10.4,2,1
Applicant_228,40,Female,Married,0,Self-Employed,11,53500.0,642000.0,609,500000,Vehicle,240,15.35,0,0
Applicant_229,56,Female,Single,0,Self-Employed,5,59000.0,708000.0,815,250000,Vehicle,12,10.33,1,0
Applicant_230,39,Male,Married,1,Self-Employed,6,45300.0,543600.0,484,150000,Education,60,12.18,1,0
Applicant_231,46,Male,Single,2,Self-Employed,1,24100.0,289200.0,726,100000,Business,24,15.38,0,0
Applicant_232,23,Male,Divorced,1,Salaried,1,19000.0,228000.0,602,750000,Vehicle,12,8.86,3,1
Applicant_233,39,Female,Married,1,Salaried,14,40000.0,480000.0,597,50000,Vehicle,120,15.76,3,0
Applicant_234,40,Female,Married,4,Salaried,14,87700.0,1052400.0,538,400000,Vehicle,48,16.07,0,0
Applicant_235,52,Male,Single,0,Salaried,31,95100.0,1141200.0,725,400000,Business,60,17.87,0,0
Applicant_236,27,Male,Married,0,Unemployed,0,10100.0,121200.0,630,50000,Education,48,11.61,1,1
Applicant_237,61,Male,Married,1,Self-Employed,17,95700.0,1148400.0,618,400000,Home,12,10.76,3,0
Applicant_238,53,Female,Married,2,Self-Employed,30,86600.0,1039200.0,660,50000,Personal,180,14.57,0,0
Applicant_239,60,Male,Married,2,Self-Employed,28,81600.0,979200.0,632,100000,Home,60,7.17,3,0
Applicant_240,59,Female,Married,1,Salaried,14,66000.0,792000.0,449,750000,Vehicle,180,6.96,4,1
Applicant_241,38,Other,Single,4,Self-Employed,5,45400.0,544800.0,600,500000,Education,12,10.35,2,1
Applicant_242,60,Male,Married,2,Freelancer,40,133300.0,1599600.0,739,750000,Vehicle,48,14.89,0,0
Applicant_243,21,Male,Married,0,Salaried,2,67500.0,810000.0,499,750000,Business,120,7.84,0,1
Applicant_244,31,Male,Married,2,Freelancer,6,46300.0,555600.0,541,200000,Personal,60,13.81,0,0
Applicant_245,48,Male,Single,0,Self-Employed,2,60700.0,728400.0,607,250000,Home,240,9.6,0,0
Applicant_246,45,Male,Married,2,Salaried,18,73300.0,879600.0,577,1000000,Home,180,13.99,3,1
Applicant_247,43,Male,Married,0,Self-Employed,0,39500.0,474000.0,647,400000,Personal,180,11.76,0,1
Applicant_248,51,Female,Single,2,Salaried,23,81500.0,978000.0,540,300000,Business,180,7.82,0,0
Applicant_249,50,Male,Single,1,Salaried,10,40600.0,487200.0,611,750000,Vehicle,180,9.34,1,1
Applicant_250,62,Male,Single,3,Freelancer,29,101100.0,1213200.0,645,100000,Home,240,9.03,4,0
Applicant_251,55,Female,Married,1,Freelancer,10,53000.0,636000.0,714,500000,Home,60,8.39,0,0
Applicant_252,27,Female,Single,2,Freelancer,6,37300.0,447600.0,774,100000,Home,180,11.89,3,0
Applicant_253,36,Male,Married,0,Freelancer,0,25000.0,300000.0,623,100000,Education,180,17.48,2,0
Applicant_254,46,Female,Married,3,Unemployed,0,5000.0,60000.0,838,150000,Business,60,14.07,2,1
Applicant_255,22,Male,Married,2,Unemployed,0,5000.0,60000.0,631,200000,Home,48,16.11,3,1
Applicant_256,21,Female,Divorced,0,Salaried,3,51000.0,612000.0,732,300000,Personal,36,17.78,0,0
Applicant_257,32,Female,Single,4,Self-Employed,3,33100.0,397200.0,843,300000,Personal,120,12.72,1,0
Applicant_258,25,Female,Single,1,Salaried,0,36700.0,440400.0,663,100000,Education,48,9.24,2,0
Applicant_259,57,Male,Married,2,Self-Employed,7,47400.0,568800.0,512,300000,Personal,24,17.17,4,1
Applicant_260,52,Female,Single,2,Unemployed,0,5000.0,60000.0,659,500000,Personal,240,14.54,0,1
Applicant_261,29,Male,Single,0,Salaried,10,45500.0,546000.0,588,250000,Education,36,17.53,1,0
Applicant_262,61,Male,Married,4,Self-Employed,29,68800.0,825600.0,622,50000,Personal,240,13.99,0,0
Applicant_263,55,Male,Divorced,1,Self-Employed,31,94800.0,1137600.0,848,500000,Education,48,15.41,3,0
Applicant_264,39,Male,Married,0,Salaried,11,71300.0,855600.0,527,300000,Personal,24,16.74,3,1
Applicant_265,36,Male,Single,3,Salaried,2,19300.0,231600.0,680,100000,Vehicle,240,15.23,1,0
Applicant_266,23,Female,Married,2,Self-Employed,4,42600.0,511200.0,562,400000,Business,240,12.97,0,0
Applicant_267,40,Female,Single,0,Salaried,3,50200.0,602400.0,619,500000,Personal,180,11.93,0,0
Applicant_268,44,Male,Married,0,Self-Employed,26,72200.0,866400.0,724,100000,Business,12,15.97,2,0
Applicant_269,53,Male,Married,2,Self-Employed,7,70300.0,843600.0,681,50000,Business,24,15.38,5,0
Applicant_270,44,Male,Married,0,Self-Employed,26,81200.0,974400.0,627,300000,Education,120,10.71,3,0
Applicant_271,31,Male,Single,3,Salaried,6,50500.0,606000.0,585,300000,Business,60,12.23,3,0
Applicant_272,28,Male,Married,2,Self-Employed,6,44600.0,535200.0,681,500000,Personal,120,13.8,1,0
Applicant_273,56,Female,Single,1,Salaried,32,77400.0,928800.0,820,400000,Business,36,6.83,5,0
Applicant_274,58,Male,Single,1,Freelancer,12,64100.0,769200.0,559,500000,Education,48,9.35,3,1
Applicant_275,60,Male,Married,1,Salaried,38,101700.0,1220400.0,841,1000000,Vehicle,240,9.38,1,0
Applicant_276,40,Male,Single,1,Freelancer,19,59500.0,714000.0,769,1000000,Personal,180,16.66,2,1
Applicant_277,55,Female,Married,2,Self-Employed,34,112000.0,1344000.0,786,250000,Education,120,10.31,1,0
Applicant_278,45,Female,Married,4,Freelancer,15,76900.0,922800.0,680,100000,Personal,48,12.77,2,0
Applicant_279,55,Female,Divorced,2,Salaried,11,45800.0,549600.0,767,250000,Education,60,16.06,5,0
Applicant_280,45,Female,Married,1,Salaried,4,41300.0,495600.0,549,100000,Home,240,9.49,0,0
Applicant_281,49,Male,Married,0,Salaried,17,94700.0,1136400.0,583,750000,Home,36,7.92,3,0
Applicant_282,38,Male,Married,2,Salaried,7,61000.0,732000.0,726,250000,Education,240,17.41,2,0
Applicant_283,38,Female,Single,2,Unemployed,0,15100.0,181200.0,679,50000,Personal,36,14.6,4,1
Applicant_284,22,Male,Married,2,Salaried,3,30200.0,362400.0,635,750000,Education,120,8.54,0,1
Applicant_285,55,Female,Married,0,Unemployed,0,5000.0,60000.0,399,1000000,Home,60,15.93,2,1
Applicant_286,36,Male,Married,3,Freelancer,2,26500.0,318000.0,606,250000,Personal,36,15.55,0,0
Applicant_287,61,Male,Married,1,Salaried,9,45100.0,541200.0,532,50000,Home,60,16.13,0,0
Applicant_288,56,Male,Married,2,Self-Employed,22,53900.0,646800.0,699,750000,Home,24,9.68,1,0
Applicant_289,53,Female,Single,2,Salaried,16,64300.0,771600.0,630,750000,Home,120,11.66,1,1
Applicant_290,24,Female,Single,2,Salaried,1,62300.0,747600.0,587,1000000,Personal,180,14.48,5,1
Applicant_291,53,Male,Married,1,Salaried,34,108900.0,1306800.0,900,1000000,Home,240,10.99,0,0
Applicant_292,34,Male,Married,2,Unemployed,0,25600.0,307200.0,753,750000,Education,60,7.3,0,1
Applicant_293,41,Male,Married,0,Self-Employed,1,39700.0,476400.0,755,300000,Personal,48,8.07,0,0
Applicant_294,40,Male,Married,2,Self-Employed,13,49500.0,594000.0,870,1000000,Home,12,13.37,1,1
Applicant_295,28,Male,Single,0,Salaried,8,75200.0,902400.0,730,1000000,Personal,24,10.81,0,0
Applicant_296,27,Male,Married,1,Self-Employed,0,38200.0,458400.0,572,100000,Education,120,6.56,5,1
Applicant_297,23,Male,Married,0,Salaried,3,60400.0,724800.0,561,400000,Vehicle,120,15.32,2,1
Applicant_298,37,Male,Married,3,Salaried,14,52000.0,624000.0,746,100000,Business,240,11.29,3,0
Applicant_299,53,Male,Married,2,Salaried,12,79600.0,955200.0,444,200000,Vehicle,120,10.11,3,1
Applicant_300,32,Male,Married,2,Salaried,6,68000.0,816000.0,642,200000,Personal,48,14.71,2,0
Applicant_301,42,Male,Married,2,Self-Employed,18,75300.0,903600.0,432,1000000,Personal,24,11.73,4,1
Applicant_302,42,Male,Married,3,Salaried,8,43900.0,526800.0,659,400000,Vehicle,48,14.49,4,1
Applicant_303,50,Male,Married,0,Unemployed,0,5000.0,60000.0,735,300000,Education,180,6.65,0,1
Applicant_304,58,Female,Married,2,Salaried,35,119200.0,1430400.0,677,1000000,Personal,36,6.61,4,0
Applicant_305,58,Male,Married,2,Self-Employed,39,116500.0,1398000.0,743,400000,Education,60,12.94,1,0
Applicant_306,28,Male,Married,0,Salaried,2,53000.0,636000.0,846,300000,Personal,48,17.8,0,0
Applicant_307,47,Male,Married,0,Salaried,23,101200.0,1214400.0,635,50000,Home,48,9.63,2,0
Applicant_308,47,Female,Married,0,Unemployed,0,5000.0,60000.0,900,200000,Business,180,14.35,0,1
Applicant_309,54,Female,Married,0,Freelancer,29,65700.0,788400.0,671,150000,Vehicle,36,8.48,1,0
Applicant_310,41,Female,Single,1,Self-Employed,16,66400.0,796800.0,744,400000,Home,180,10.08,3,0
Applicant_311,50,Female,Divorced,0,Freelancer,13,46100.0,553200.0,588,400000,Business,12,7.4,0,0
Applicant_312,53,Male,Married,2,Freelancer,10,56800.0,681600.0,811,200000,Home,180,16.63,0,0
Applicant_313,48,Female,Married,0,Self-Employed,26,70900.0,850800.0,754,400000,Home,12,10.07,5,0
Applicant_314,53,Female,Married,0,Freelancer,25,90300.0,1083600.0,797,200000,Personal,60,9.15,1,0
Applicant_315,25,Male,Single,3,Salaried,7,74300.0,891600.0,655,750000,Home,36,14.9,1,0
Applicant_316,39,Male,Single,1,Self-Employed,21,77000.0,924000.0,524,150000,Personal,180,8.79,4,0
Applicant_317,24,Male,Single,0,Freelancer,4,33900.0,406800.0,696,1000000,Home,180,9.26,4,1
Applicant_318,55,Female,Married,2,Salaried,8,44500.0,534000.0,480,100000,Personal,240,7.69,0,0
Applicant_319,37,Male,Married,0,Freelancer,14,44900.0,538800.0,616,250000,Personal,24,17.57,1,0
Applicant_320,64,Female,Married,0,Salaried,0,33900.0,406800.0,669,750000,Vehicle,48,9.35,4,1
Applicant_321,48,Male,Married,0,Freelancer,11,68600.0,823200.0,887,150000,Business,60,17.95,0,0
Applicant_322,50,Male,Married,4,Salaried,5,48900.0,586800.0,681,50000,Home,12,8.53,2,0
Applicant_323,49,Male,Single,2,Salaried,0,20200.0,242400.0,663,750000,Education,24,6.74,1,1
Applicant_324,26,Male,Single,2,Salaried,5,53800.0,645600.0,643,250000,Vehicle,120,16.8,2,0
Applicant_325,55,Female,Married,4,Freelancer,12,61400.0,736800.0,515,100000,Business,36,13.17,0,0
Applicant_326,61,Female,Divorced,4,Salaried,37,113600.0,1363200.0,658,300000,Personal,240,10.54,2,0
Applicant_327,57,Male,Married,2,Self-Employed,39,135000.0,1620000.0,660,150000,Personal,240,12.4,0,0
Applicant_328,44,Female,Married,2,Self-Employed,14,74700.0,896400.0,553,750000,Education,240,9.5,0,0
Applicant_329,49,Male,Divorced,1,Salaried,17,58300.0,699600.0,531,150000,Personal,120,13.8,0,0
Applicant_330,51,Other,Single,0,Unemployed,0,5000.0,60000.0,601,100000,Business,48,13.59,0,1
Applicant_331,55,Male,Married,2,Salaried,1,45400.0,544800.0,656,150000,Home,120,7.42,3,0
Applicant_332,53,Male,Married,2,Self-Employed,30,70000.0,840000.0,604,300000,Vehicle,240,16.97,4,0
Applicant_333,41,Male,Married,4,Self-Employed,1,42000.0,504000.0,544,150000,Home,120,11.8,3,1
Applicant_334,52,Male,Single,1,Salaried,10,33600.0,403200.0,678,750000,Personal,48,8.74,2,1
Applicant_335,43,Male,Married,2,Salaried,0,55400.0,664800.0,703,750000,Home,12,10.03,0,1
Applicant_336,53,Female,Married,2,Self-Employed,17,82600.0,991200.0,662,750000,Personal,120,16.46,0,0
Applicant_337,23,Female,Single,0,Unemployed,0,12600.0,151200.0,593,100000,Education,180,10.91,1,1
Applicant_338,38,Female,Married,2,Salaried,20,69900.0,838800.0,709,400000,Home,12,12.96,3,0
Applicant_339,45,Male,Single,1,Salaried,26,94600.0,1135200.0,630,100000,Vehicle,60,17.4,0,0
Applicant_340,62,Male,Married,1,Unemployed,0,5000.0,60000.0,531,50000,Personal,120,13.99,5,1
Applicant_341,51,Male,Married,1,Salaried,30,84500.0,1014000.0,753,250000,Personal,240,14.27,3,0
Applicant_342,23,Male,Married,0,Self-Employed,1,31900.0,382800.0,685,500000,Personal,240,9.36,5,1
Applicant_343,60,Female,Married,1,Self-Employed,29,103500.0,1242000.0,638,150000,Home,120,14.19,1,0
Applicant_344,44,Male,Single,2,Salaried,6,52700.0,632400.0,492,400000,Education,240,11.03,2,1
Applicant_345,52,Male,Single,1,Self-Employed,20,96800.0,1161600.0,575,300000,Education,48,16.98,0,0
Applicant_346,42,Male,Single,1,Unemployed,0,16500.0,198000.0,851,50000,Personal,48,7.99,2,0
Applicant_347,43,Other,Single,0,Self-Employed,16,76900.0,922800.0,499,400000,Vehicle,120,9.78,5,1
Applicant_348,22,Male,Married,0,Self-Employed,1,12900.0,154800.0,624,150000,Home,120,7.26,0,1
Applicant_349,47,Male,Single,1,Self-Employed,4,38700.0,464400.0,648,200000,Personal,180,10.88,0,0
Applicant_350,62,Male,Married,1,Self-Employed,13,45000.0,540000.0,682,1000000,Home,48,8.21,0,1
Applicant_351,22,Male,Married,2,Salaried,4,45300.0,543600.0,500,100000,Education,48,16.22,5,1
Applicant_352,46,Male,Married,3,Self-Employed,11,46600.0,559200.0,667,50000,Personal,24,17.14,0,0
Applicant_353,37,Male,Married,0,Salaried,6,46300.0,555600.0,481,250000,Home,36,14.2,3,0
Applicant_354,60,Female,Married,0,Salaried,37,129900.0,1558800.0,659,300000,Personal,24,7.69,0,0
Applicant_355,53,Male,Divorced,1,Unemployed,0,12100.0,145200.0,584,100000,Education,120,10.43,3,1
Applicant_356,29,Female,Single,1,Freelancer,5,50100.0,601200.0,563,1000000,Vehicle,36,17.59,1,1
Applicant_357,63,Other,Married,2,Unemployed,0,5000.0,60000.0,733,300000,Personal,24,8.07,0,1
Applicant_358,59,Female,Married,3,Salaried,16,72900.0,874800.0,626,300000,Home,60,12.9,2,0
Applicant_359,49,Male,Married,3,Freelancer,15,69500.0,834000.0,697,500000,Home,36,10.56,3,0
Applicant_360,62,Male,Married,0,Self-Employed,32,121600.0,1459200.0,700,500000,Home,48,17.99,1,0
Applicant_361,46,Female,Married,4,Unemployed,0,5000.0,60000.0,776,300000,Home,240,9.78,2,1
Applicant_362,55,Female,Married,0,Unemployed,0,5000.0,60000.0,529,400000,Personal,36,7.05,0,1
Applicant_363,45,Male,Married,2,Unemployed,0,20500.0,246000.0,741,200000,Vehicle,48,14.58,4,1
Applicant_364,44,Female,Divorced,2,Unemployed,0,5000.0,60000.0,651,250000,Home,60,10.26,0,1
Applicant_365,33,Male,Divorced,2,Salaried,6,38300.0,459600.0,612,300000,Personal,240,14.06,0,0
Applicant_366,27,Male,Single,0,Self-Employed,2,15800.0,189600.0,535,300000,Education,180,7.7,0,1
Applicant_367,56,Male,Single,1,Salaried,37,99800.0,1197600.0,710,150000,Personal,120,12.52,0,0
Applicant_368,40,Male,Married,1,Self-Employed,20,49700.0,596400.0,557,750000,Home,180,10.82,1,0
Applicant_369,21,Male,Divorced,0,Unemployed,0,5900.0,70800.0,701,200000,Vehicle,36,12.67,1,1
Applicant_370,28,Female,Single,0,Salaried,2,57400.0,688800.0,842,500000,Business,12,16.31,1,0
Applicant_371,36,Male,Married,2,Self-Employed,2,20100.0,241200.0,747,200000,Vehicle,48,17.69,0,0
Applicant_372,34,Male,Divorced,1,Self-Employed,7,52900.0,634800.0,789,300000,Education,36,15.16,0,0
Applicant_373,32,Male,Married,2,Salaried,13,78700.0,944400.0,578,50000,Personal,240,15.32,3,0
Applicant_374,43,Male,Single,0,Salaried,22,84000.0,1008000.0,726,100000,Business,24,12.58,3,0
Applicant_375,35,Male,Married,3,Salaried,8,31800.0,381600.0,535,300000,Business,180,7.62,1,1
Applicant_376,48,Female,Divorced,0,Salaried,4,53800.0,645600.0,626,150000,Home,36,14.17,1,0
Applicant_377,54,Female,Married,3,Self-Employed,27,88200.0,1058400.0,824,400000,Vehicle,48,8.2,0,0
Applicant_378,22,Female,Married,1,Self-Employed,0,32700.0,392400.0,589,50000,Vehicle,12,9.33,3,0
Applicant_379,52,Female,Married,1,Salaried,26,83800.0,1005600.0,761,150000,Home,12,14.64,5,0
Applicant_380,43,Male,Single,3,Unemployed,0,6300.0,75600.0,751,150000,Personal,240,14.06,0,1
Applicant_381,42,Male,Married,0,Self-Employed,9,60600.0,727200.0,757,50000,Education,180,10.11,3,0
Applicant_382,45,Male,Single,0,Self-Employed,26,122900.0,1474800.0,523,200000,Vehicle,24,15.38,1,0
Applicant_383,42,Male,Divorced,1,Salaried,7,55700.0,668400.0,702,500000,Personal,60,17.3,0,0
Applicant_384,42,Other,Married,0,Self-Employed,17,91700.0,1100400.0,634,400000,Home,12,12.77,2,0
Applicant_385,62,Male,Married,1,Salaried,37,119400.0,1432800.0,758,400000,Home,120,14.29,1,0
Applicant_386,26,Male,Single,0,Self-Employed,0,33500.0,402000.0,484,250000,Education,60,9.63,3,1
Applicant_387,35,Female,Married,3,Self-Employed,3,43200.0,518400.0,686,200000,Home,48,17.66,2,0
Applicant_388,63,Female,Single,2,Salaried,20,61700.0,740400.0,672,1000000,Home,36,9.65,4,1
Applicant_389,57,Female,Married,0,Unemployed,0,9600.0,115200.0,450,300000,Personal,60,16.71,1,1
Applicant_390,53,Male,Married,3,Self-Employed,22,49100.0,589200.0,561,100000,Business,120,17.17,1,0
Applicant_391,28,Male,Married,1,Salaried,5,37100.0,445200.0,466,50000,Personal,240,14.78,1,0
Applicant_392,64,Male,Married,1,Unemployed,0,6600.0,79200.0,577,400000,Personal,240,15.83,0,1
Applicant_393,64,Male,Single,1,Salaried,0,57900.0,694800.0,704,200000,Home,48,11.77,2,0
Applicant_394,25,Male,Divorced,2,Self-Employed,0,56500.0,678000.0,669,400000,Education,48,17.07,3,0
Applicant_395,59,Male,Married,1,Self-Employed,40,111500.0,1338000.0,666,300000,Business,180,15.04,0,0
Applicant_396,24,Female,Married,2,Salaried,3,48300.0,579600.0,546,750000,Education,48,10.26,5,1
Applicant_397,26,Male,Married,0,Unemployed,0,19800.0,237600.0,762,1000000,Education,240,6.9,2,1
Applicant_398,52,Female,Married,4,Self-Employed,10,35100.0,421200.0,648,300000,Home,240,12.72,3,1
Applicant_399,50,Female,Married,2,Salaried,21,88100.0,1057200.0,653,150000,Personal,120,16.17,5,0
Applicant_400,55,Male,Married,0,Unemployed,0,5000.0,60000.0,744,400000,Business,24,16.4,1,1
Applicant_401,60,Female,Married,2,Self-Employed,24,80400.0,964800.0,550,750000,Personal,120,16.1,0,0
Applicant_402,36,Male,Married,2,Self-Employed,3,34100.0,409200.0,672,1000000,Home,24,8.97,3,1
Applicant_403,33,Male,Married,0,Freelancer,9,49500.0,594000.0,692,300000,Business,60,11.4,4,0
Applicant_404,62,Female,Single,0,Salaried,19,86300.0,1035600.0,595,400000,Home,48,13.56,0,0
Applicant_405,50,Male,Married,0,Salaried,15,83400.0,1000800.0,715,500000,Personal,60,14.18,0,0
Applicant_406,39,Other,Single,3,Salaried,17,79200.0,950400.0,697,200000,Education,12,10.35,0,0
Applicant_407,37,Male,Single,2,Freelancer,7,41600.0,499200.0,639,250000,Vehicle,60,14.47,1,0
Applicant_408,39,Female,Married,1,Salaried,1,69800.0,837600.0,636,200000,Business,36,13.3,4,0
Applicant_409,48,Male,Married,0,Salaried,30,77100.0,925200.0,702,50000,Personal,48,13.02,0,0
Applicant_410,46,Male,Single,1,Salaried,16,97400.0,1168800.0,728,300000,Personal,240,14.12,3,0
Applicant_411,57,Male,Married,1,Salaried,9,53700.0,644400.0,656,400000,Personal,60,13.44,3,0
Applicant_412,46,Female,Divorced,2,Self-Employed,12,67600.0,811200.0,762,100000,Home,24,8.42,3,0
Applicant_413,43,Female,Married,4,Unemployed,0,5000.0,60000.0,715,300000,Business,36,16.56,0,1
Applicant_414,29,Female,Married,1,Salaried,8,45500.0,546000.0,471,100000,Personal,60,9.27,2,0
Applicant_415,32,Male,Married,1,Salaried,10,67300.0,807600.0,509,1000000,Personal,60,15.06,5,1
Applicant_416,21,Female,Married,1,Freelancer,3,46600.0,559200.0,768,250000,Home,180,8.53,0,0
Applicant_417,21,Female,Single,3,Salaried,1,49100.0,589200.0,625,50000,Home,60,14.1,0,0
Applicant_418,54,Female,Single,0,Unemployed,0,5000.0,60000.0,666,150000,Personal,240,16.8,4,1
Applicant_419,52,Male,Single,1,Self-Employed,23,135200.0,1622400.0,763,200000,Personal,120,6.61,2,0
Applicant_420,45,Female,Married,2,Salaried,2,62000.0,744000.0,649,200000,Home,120,17.77,2,0
Applicant_421,60,Female,Divorced,0,Unemployed,0,19000.0,228000.0,653,100000,Home,120,6.84,5,1
Applicant_422,21,Male,Married,0,Salaried,1,36700.0,440400.0,563,500000,Personal,24,6.63,3,1
Applicant_423,36,Female,Married,2,Salaried,3,36600.0,439200.0,686,300000,Home,60,16.36,1,0
Applicant_424,59,Female,Married,0,Salaried,20,75800.0,909600.0,708,750000,Personal,120,14.65,1,0
Applicant_425,25,Male,Single,1,Unemployed,0,21200.0,254400.0,592,300000,Personal,12,7.72,0,1
Applicant_426,42,Male,Married,1,Freelancer,12,34100.0,409200.0,557,150000,Education,240,17.28,1,1
Applicant_427,49,Male,Married,1,Salaried,19,62000.0,744000.0,900,100000,Business,12,14.23,1,0
Applicant_428,23,Male,Single,0,Freelancer,2,37100.0,445200.0,640,750000,Home,12,7.78,0,1
Applicant_429,32,Female,Single,4,Self-Employed,7,53800.0,645600.0,581,150000,Vehicle,60,16.4,4,0
Applicant_430,46,Male,Married,0,Salaried,24,76400.0,916800.0,720,300000,Business,36,12.03,0,0
Applicant_431,36,Female,Married,2,Self-Employed,13,44600.0,535200.0,644,1000000,Personal,180,9.7,2,1
Applicant_432,57,Female,Married,0,Self-Employed,13,82600.0,991200.0,541,100000,Vehicle,180,15.99,3,0
Applicant_433,42,Male,Married,1,Self-Employed,0,40400.0,484800.0,698,400000,Business,240,14.99,2,1
Applicant_434,49,Female,Married,0,Salaried,1,21500.0,258000.0,564,50000,Vehicle,24,13.67,2,0
Applicant_435,34,Other,Single,0,Salaried,0,20600.0,247200.0,807,750000,Personal,12,16.83,1,1
Applicant_436,48,Female,Married,0,Freelancer,10,39600.0,475200.0,699,50000,Personal,12,16.4,4,0
Applicant_437,25,Female,Married,1,Freelancer,5,46000.0,552000.0,622,750000,Personal,120,9.11,1,1
Applicant_438,50,Other,Married,1,Self-Employed,31,105900.0,1270800.0,660,50000,Home,36,16.6,3,0
Applicant_439,25,Female,Divorced,0,Freelancer,6,54000.0,648000.0,740,50000,Vehicle,240,10.8,4,0
Applicant_440,32,Male,Married,4,Self-Employed,11,34600.0,415200.0,668,500000,Personal,12,11.47,0,0
Applicant_441,36,Female,Married,0,Freelancer,4,36400.0,436800.0,862,50000,Personal,24,17.68,4,0
Applicant_442,46,Female,Married,1,Salaried,28,117400.0,1408800.0,763,500000,Vehicle,36,15.24,3,0
Applicant_443,46,Female,Married,0,Salaried,22,104000.0,1248000.0,698,150000,Vehicle,48,10.2,2,0
Applicant_444,41,Male,Divorced,1,Self-Employed,11,62400.0,748800.0,556,200000,Home,24,13.95,1,0
Applicant_445,59,Female,Single,2,Salaried,21,117200.0,1406400.0,635,100000,Business,24,12.7,4,0
Applicant_446,56,Male,Married,1,Self-Employed,13,70100.0,841200.0,697,300000,Personal,60,7.84,0,0
Applicant_447,53,Female,Married,0,Unemployed,0,20600.0,247200.0,567,400000,Personal,48,16.71,1,1
Applicant_448,50,Male,Married,0,Salaried,18,76700.0,920400.0,779,1000000,Vehicle,48,15.95,3,0
Applicant_449,57,Male,Single,2,Unemployed,0,5000.0,60000.0,552,150000,Vehicle,180,15.44,3,1
Applicant_450,43,Male,Married,0,Self-Employed,4,29900.0,358800.0,586,750000,Personal,36,12.93,0,1
Applicant_451,30,Male,Married,1,Self-Employed,2,41700.0,500400.0,593,150000,Education,12,9.04,0,0
Applicant_452,25,Female,Married,0,Self-Employed,0,31800.0,381600.0,724,400000,Personal,48,16.66,3,1
Applicant_453,56,Female,Married,0,Salaried,37,87500.0,1050000.0,569,200000,Personal,36,10.56,1,0
Applicant_454,54,Female,Married,0,Salaried,8,40600.0,487200.0,470,250000,Home,48,6.73,0,0
Applicant_455,51,Male,Divorced,3,Self-Employed,6,42200.0,506400.0,758,750000,Personal,120,17.79,0,1
Applicant_456,30,Male,Married,2,Unemployed,0,15900.0,190800.0,605,150000,Home,24,16.4,2,1
Applicant_457,39,Female,Married,2,Self-Employed,20,74800.0,897600.0,543,150000,Personal,120,13.66,2,0
Applicant_458,52,Female,Single,0,Salaried,17,72900.0,874800.0,574,750000,Business,48,6.64,3,1
Applicant_459,21,Male,Single,1,Salaried,3,31200.0,374400.0,821,750000,Home,12,9.12,0,1
Applicant_460,25,Male,Married,1,Unemployed,0,5300.0,63600.0,584,200000,Business,36,11.7,3,1
Applicant_461,24,Male,Married,2,Self-Employed,1,56800.0,681600.0,637,50000,Home,12,13.72,4,0
Applicant_462,36,Female,Married,0,Unemployed,0,7300.0,87600.0,605,50000,Personal,60,14.64,1,1
Applicant_463,44,Female,Single,4,Self-Employed,19,50400.0,604800.0,526,750000,Personal,12,15.57,0,1
Applicant_464,36,Male,Married,1,Self-Employed,9,34200.0,410400.0,575,300000,Business,12,12.89,4,1
Applicant_465,22,Male,Married,4,Self-Employed,3,49800.0,597600.0,519,250000,Business,36,14.05,0,1
Applicant_466,48,Female,Single,0,Salaried,1,38600.0,463200.0,745,1000000,Personal,120,15.83,2,1
Applicant_467,52,Male,Married,0,Self-Employed,7,47900.0,574800.0,660,150000,Home,24,14.78,1,0
Applicant_468,47,Male,Married,0,Self-Employed,25,75800.0,909600.0,898,150000,Personal,120,17.48,3,0
Applicant_469,40,Female,Married,2,Self-Employed,22,86600.0,1039200.0,579,100000,Personal,48,16.56,1,0
Applicant_470,44,Male,Single,1,Freelancer,6,32500.0,390000.0,564,400000,Education,48,8.45,1,1
Applicant_471,32,Male,Married,3,Salaried,2,41200.0,494400.0,803,750000,Home,180,17.4,4,1
Applicant_472,55,Female,Single,3,Self-Employed,22,66200.0,794400.0,755,300000,Home,36,8.85,5,0
Applicant_473,53,Female,Single,2,Salaried,7,67800.0,813600.0,688,1000000,Education,36,17.9,1,1
Applicant_474,53,Female,Single,2,Salaried,20,76700.0,920400.0,538,50000,Personal,120,14.57,1,0
Applicant_475,63,Female,Married,2,Self-Employed,32,108100.0,1297200.0,824,300000,Personal,180,13.72,3,0
Applicant_476,57,Female,Single,2,Salaried,0,22100.0,265200.0,642,500000,Personal,24,10.23,3,1
Applicant_477,32,Female,Divorced,1,Self-Employed,11,83000.0,996000.0,606,500000,Education,24,8.03,1,0
Applicant_478,23,Male,Single,2,Salaried,2,63200.0,758400.0,764,1000000,Vehicle,60,7.95,2,0
Applicant_479,21,Female,Single,3,Salaried,3,17400.0,208800.0,647,150000,Personal,48,16.47,0,1
Applicant_480,53,Other,Married,1,Salaried,29,86000.0,1032000.0,533,50000,Personal,48,11.47,2,0
Applicant_481,60,Male,Single,4,Salaried,3,53200.0,638400.0,654,250000,Home,180,12.94,3,0
Applicant_482,30,Male,Married,0,Freelancer,1,7200.0,86400.0,571,300000,Personal,60,17.22,0,1
Applicant_483,63,Male,Single,1,Self-Employed,22,77000.0,924000.0,349,1000000,Personal,36,9.44,1,1
Applicant_484,64,Male,Single,0,Unemployed,0,11400.0,136800.0,561,750000,Personal,180,15.29,1,1
Applicant_485,49,Male,Single,0,Salaried,31,99200.0,1190400.0,597,100000,Vehicle,48,11.91,3,0
Applicant_486,33,Female,Married,3,Freelancer,12,57100.0,685200.0,534,50000,Business,12,8.95,2,0
Applicant_487,32,Other,Single,3,Self-Employed,2,28600.0,343200.0,707,400000,Vehicle,36,16.31,1,1
Applicant_488,51,Male,Married,2,Salaried,27,60300.0,723600.0,572,100000,Home,180,14.32,0,0
Applicant_489,22,Male,Married,4,Self-Employed,3,55700.0,668400.0,697,100000,Education,36,7.59,2,0
Applicant_490,55,Male,Married,0,Self-Employed,11,71600.0,859200.0,526,150000,Education,24,12.73,1,0
Applicant_491,43,Female,Married,0,Self-Employed,23,118600.0,1423200.0,740,200000,Personal,240,16.3,2,0
Applicant_492,37,Male,Married,1,Self-Employed,0,5000.0,60000.0,522,400000,Personal,120,7.27,2,1
Applicant_493,46,Male,Divorced,3,Salaried,2,55300.0,663600.0,415,50000,Business,180,11.29,2,1
Applicant_494,28,Male,Single,0,Salaried,3,16500.0,198000.0,773,300000,Education,60,15.76,2,1
Applicant_495,49,Male,Single,4,Self-Employed,29,119300.0,1431600.0,564,400000,Home,120,16.37,4,0
Applicant_496,46,Male,Single,2,Freelancer,5,42300.0,507600.0,825,150000,Education,120,15.42,3,0
Applicant_497,30,Female,Single,4,Salaried,0,25700.0,308400.0,706,150000,Home,36,10.02,0,0
Applicant_498,46,Female,Single,1,Salaried,7,65700.0,788400.0,729,100000,Home,24,12.33,2,0
Applicant_499,54,Female,Married,1,Self-Employed,17,60700.0,728400.0,754,250000,Home,12,15.02,1,0
Applicant_500,61,Male,Married,2,Freelancer,15,59500.0,714000.0,661,400000,Home,12,8.25,0,0
Applicant_501,27,Female,Divorced,2,Self-Employed,4,46100.0,553200.0,662,150000,Business,48,13.34,2,0
Applicant_502,24,Female,Single,0,Salaried,5,76200.0,914400.0,778,400000,Education,240,14.78,1,0
Applicant_503,31,Male,Single,4,Self-Employed,7,76200.0,914400.0,661,500000,Home,60,16.27,3,0
Applicant_504,49,Female,Divorced,3,Self-Employed,18,62000.0,744000.0,577,150000,Education,60,7.78,0,0
Applicant_505,56,Male,Married,0,Self-Employed,27,104900.0,1258800.0,708,50000,Vehicle,24,10.29,1,0
Applicant_506,45,Female,Married,0,Self-Employed,24,88300.0,1059600.0,438,150000,Personal,48,12.73,0,0
Applicant_507,41,Male,Married,1,Self-Employed,20,53800.0,645600.0,781,300000,Vehicle,120,14.56,2,0
Applicant_508,56,Other,Married,1,Freelancer,7,28600.0,343200.0,784,50000,Personal,60,14.9,4,0
Applicant_509,30,Male,Married,2,Self-Employed,3,76000.0,912000.0,769,750000,Vehicle,48,9.41,2,0
Applicant_510,57,Female,Single,0,Self-Employed,8,56400.0,676800.0,765,150000,Home,24,6.66,2,0
Applicant_511,29,Female,Married,2,Salaried,7,69000.0,828000.0,641,150000,Education,48,14.48,0,0
Applicant_512,44,Female,Married,2,Salaried,20,76800.0,921600.0,639,400000,Personal,180,16.95,1,0
Applicant_513,55,Male,Single,0,Unemployed,0,5000.0,60000.0,527,400000,Vehicle,36,15.67,1,1
Applicant_514,55,Male,Married,1,Self-Employed,0,35400.0,424800.0,824,300000,Business,36,13.66,0,0
Applicant_515,56,Female,Married,0,Self-Employed,3,37000.0,444000.0,601,400000,Personal,36,17.74,3,1
Applicant_516,38,Male,Married,0,Freelancer,9,20600.0,247200.0,683,250000,Home,36,11.48,0,0
Applicant_517,59,Male,Single,2,Salaried,25,75000.0,900000.0,675,500000,Education,240,12.54,2,0
Applicant_518,52,Female,Married,4,Freelancer,2,39600.0,475200.0,515,1000000,Home,12,6.64,1,1
Applicant_519,44,Male,Married,0,Freelancer,11,41300.0,495600.0,475,100000,Education,120,17.38,5,0
Applicant_520,43,Male,Married,1,Freelancer,25,75400.0,904800.0,650,250000,Education,12,13.21,0,0
Applicant_521,52,Male,Single,0,Salaried,8,59500.0,714000.0,604,750000,Education,60,10.99,0,0
Applicant_522,57,Male,Married,0,Self-Employed,31,101700.0,1220400.0,641,200000,Business,12,7.01,5,0
Applicant_523,32,Female,Divorced,1,Salaried,2,61200.0,734400.0,756,500000,Home,120,10.67,0,0
Applicant_524,33,Female,Married,2,Self-Employed,3,24500.0,294000.0,672,150000,Education,180,6.54,2,1
Applicant_525,43,Female,Single,0,Self-Employed,5,53600.0,643200.0,725,300000,Education,48,10.23,1,0
Applicant_526,45,Other,Married,4,Salaried,8,67300.0,807600.0,694,500000,Education,48,17.44,2,0
Applicant_527,55,Male,Married,0,Self-Employed,25,99800.0,1197600.0,618,750000,Education,12,8.27,2,0
Applicant_528,61,Male,Single,3,Salaried,1,20800.0,249600.0,549,400000,Home,48,12.77,2,1
Applicant_529,50,Male,Married,3,Freelancer,1,30800.0,369600.0,676,300000,Vehicle,120,8.65,0,0
Applicant_530,37,Male,Married,1,Self-Employed,17,94700.0,1136400.0,658,300000,Personal,60,15.51,3,0
Applicant_531,40,Female,Single,0,Salaried,20,78500.0,942000.0,741,300000,Home,24,12.97,1,0
Applicant_532,45,Male,Married,2,Salaried,21,89300.0,1071600.0,634,1000000,Personal,12,8.83,1,0
Applicant_533,42,Male,Single,2,Freelancer,2,40700.0,488400.0,620,750000,Home,36,16.46,1,1
Applicant_534,33,Male,Married,3,Self-Employed,2,23600.0,283200.0,627,150000,Home,48,15.52,5,1
Applicant_535,39,Female,Married,2,Salaried,17,101500.0,1218000.0,558,200000,Education,48,17.44,3,0
Applicant_536,56,Female,Married,1,Salaried,37,121500.0,1458000.0,794,150000,Home,24,6.51,1,0
Applicant_537,32,Male,Married,3,Salaried,0,47800.0,573600.0,763,750000,Business,240,11.76,3,1
Applicant_538,61,Other,Single,4,Freelancer,14,28100.0,337200.0,528,250000,Business,60,18.0,1,0
Applicant_539,39,Male,Married,2,Freelancer,10,56900.0,682800.0,730,1000000,Education,180,15.83,4,1
Applicant_540,32,Male,Married,3,Salaried,9,65600.0,787200.0,465,500000,Personal,48,16.06,0,0
Applicant_541,29,Female,Married,2,Salaried,3,70400.0,844800.0,748,500000,Education,36,13.64,1,0
Applicant_542,27,Male,Married,2,Salaried,1,37300.0,447600.0,580,750000,Home,24,14.7,1,1
Applicant_543,48,Female,Married,2,Unemployed,0,5000.0,60000.0,685,1000000,Education,180,15.76,2,1
Applicant_544,34,Other,Single,2,Self-Employed,12,48800.0,585600.0,457,400000,Personal,240,7.56,0,1
Applicant_545,51,Female,Single,1,Freelancer,28,73400.0,880800.0,530,150000,Home,48,14.46,0,0
Applicant_546,39,Female,Single,2,Self-Employed,2,22200.0,266400.0,696,250000,Personal,120,15.88,2,1
Applicant_547,36,Male,Married,2,Freelancer,1,46400.0,556800.0,579,150000,Business,120,6.97,0,0
Applicant_548,25,Female,Single,1,Unemployed,0,24900.0,298800.0,566,100000,Vehicle,36,9.92,0,1
Applicant_549,55,Male,Single,1,Salaried,32,101100.0,1213200.0,789,150000,Home,180,10.23,3,0
Applicant_550,32,Female,Married,2,Unemployed,0,5000.0,60000.0,871,1000000,Home,120,16.33,4,1
Applicant_551,45,Female,Single,2,Freelancer,18,33800.0,405600.0,743,750000,Home,48,15.47,2,1
Applicant_552,41,Other,Married,0,Salaried,7,64400.0,772800.0,540,750000,Vehicle,36,14.05,1,1
Applicant_553,56,Female,Single,3,Freelancer,30,109800.0,1317600.0,826,500000,Business,120,15.75,0,0
Applicant_554,43,Male,Single,3,Self-Employed,10,45400.0,544800.0,493,400000,Business,180,11.71,3,1
Applicant_555,36,Other,Married,1,Freelancer,7,37200.0,446400.0,619,50000,Personal,24,16.56,0,0
Applicant_556,59,Female,Single,0,Salaried,24,94500.0,1134000.0,655,750000,Personal,240,9.19,1,0
Applicant_557,62,Female,Married,4,Self-Employed,19,98900.0,1186800.0,842,1000000,Education,180,14.6,0,0
Applicant_558,59,Female,Married,3,Salaried,37,117000.0,1404000.0,741,100000,Business,180,9.28,2,0
Applicant_559,34,Male,Single,0,Freelancer,6,39900.0,478800.0,603,300000,Business,60,6.96,1,1
Applicant_560,51,Male,Single,0,Unemployed,0,7700.0,92400.0,555,1000000,Education,12,9.77,4,1
Applicant_561,25,Female,Married,1,Self-Employed,4,21600.0,259200.0,750,250000,Education,240,12.17,0,0
Applicant_562,55,Female,Single,2,Self-Employed,12,37300.0,447600.0,596,300000,Business,120,16.2,3,0
Applicant_563,43,Male,Single,0,Self-Employed,6,34900.0,418800.0,671,500000,Home,12,12.35,1,1
Applicant_564,49,Female,Married,1,Salaried,10,75200.0,902400.0,513,500000,Vehicle,60,8.56,1,0
Applicant_565,63,Male,Married,1,Self-Employed,9,48000.0,576000.0,706,1000000,Personal,48,17.92,2,1
Applicant_566,31,Female,Married,3,Self-Employed,7,41100.0,493200.0,698,100000,Personal,24,9.61,3,0
Applicant_567,38,Male,Married,1,Salaried,9,49800.0,597600.0,525,400000,Personal,240,17.83,1,1
Applicant_568,32,Male,Married,1,Salaried,5,47900.0,574800.0,753,100000,Personal,36,17.27,0,0
Applicant_569,29,Male,Single,4,Self-Employed,10,80500.0,966000.0,705,50000,Education,180,12.74,4,0
Applicant_570,30,Male,Married,0,Salaried,3,43700.0,524400.0,724,500000,Vehicle,24,7.56,1,0
Applicant_571,64,Male,Married,0,Freelancer,16,45200.0,542400.0,612,750000,Vehicle,60,14.5,5,1
Applicant_572,37,Male,Married,2,Salaried,10,60400.0,724800.0,667,400000,Personal,48,16.23,3,1
Applicant_573,58,Male,Divorced,0,Salaried,15,96300.0,1155600.0,656,200000,Personal,48,11.62,2,0
Applicant_574,27,Female,Single,3,Self-Employed,4,35500.0,426000.0,635,400000,Personal,180,9.25,0,1
Applicant_575,33,Female,Single,0,Self-Employed,9,35300.0,423600.0,667,200000,Personal,240,15.73,1,0
Applicant_576,60,Male,Married,0,Self-Employed,31,89500.0,1074000.0,775,400000,Vehicle,60,12.77,1,0
Applicant_577,62,Other,Married,3,Self-Employed,25,86900.0,1042800.0,757,200000,Home,24,8.77,1,0
Applicant_578,29,Male,Single,1,Self-Employed,9,63300.0,759600.0,531,750000,Home,240,17.42,0,1
Applicant_579,47,Female,Single,2,Self-Employed,19,88100.0,1057200.0,748,250000,Vehicle,12,17.4,1,0
Applicant_580,22,Female,Married,0,Salaried,4,32300.0,387600.0,769,400000,Home,24,10.72,0,0
Applicant_581,25,Male,Married,0,Salaried,3,31700.0,380400.0,634,500000,Business,240,7.24,0,1
Applicant_582,49,Male,Married,3,Salaried,8,51200.0,614400.0,700,250000,Home,240,13.75,0,0
Applicant_583,57,Male,Divorced,1,Salaried,34,118300.0,1419600.0,699,50000,Vehicle,120,10.15,3,0
Applicant_584,58,Male,Single,1,Salaried,2,25100.0,301200.0,565,200000,Business,48,7.26,2,0
Applicant_585,39,Female,Single,0,Salaried,9,48900.0,586800.0,611,150000,Vehicle,240,16.76,4,0
Applicant_586,28,Male,Married,1,Unemployed,0,5000.0,60000.0,725,400000,Vehicle,48,17.98,1,1
Applicant_587,21,Male,Married,2,Salaried,2,58100.0,697200.0,600,300000,Home,180,10.53,3,1
Applicant_588,42,Male,Single,3,Salaried,1,49900.0,598800.0,747,300000,Personal,120,15.06,2,0
Applicant_589,37,Male,Single,2,Freelancer,7,52600.0,631200.0,780,100000,Personal,180,7.26,2,0
Applicant_590,27,Male,Married,2,Salaried,5,70100.0,841200.0,764,300000,Business,120,10.75,1,0
Applicant_591,45,Male,Divorced,1,Salaried,8,51400.0,616800.0,847,500000,Home,180,7.75,3,0
Applicant_592,24,Female,Married,1,Salaried,2,26200.0,314400.0,640,250000,Vehicle,240,7.14,0,0
Applicant_593,56,Male,Single,2,Salaried,22,66300.0,795600.0,667,750000,Home,60,13.27,0,0
Applicant_594,26,Male,Divorced,0,Salaried,0,12400.0,148800.0,682,100000,Vehicle,24,15.72,0,0
Applicant_595,51,Female,Married,0,Salaried,12,57100.0,685200.0,643,400000,Personal,12,11.71,0,0
Applicant_596,39,Male,Married,4,Freelancer,0,19200.0,230400.0,704,300000,Personal,24,12.53,2,1
Applicant_597,64,Female,Married,0,Salaried,0,51800.0,621600.0,478,300000,Education,120,9.61,2,1
Applicant_598,59,Female,Married,0,Salaried,39,118300.0,1419600.0,670,200000,Home,48,14.97,2,0
Applicant_599,47,Male,Divorced,2,Self-Employed,12,51600.0,619200.0,512,1000000,Education,24,10.65,0,1
Applicant_600,30,Male,Married,2,Salaried,5,48300.0,579600.0,553,750000,Personal,48,7.28,2,1
Applicant_601,46,Male,Married,1,Salaried,2,28400.0,340800.0,723,300000,Personal,48,8.4,0,0
Applicant_602,39,Male,Married,1,Freelancer,15,70400.0,844800.0,630,500000,Business,240,7.98,0,0
Applicant_603,59,Male,Married,4,Unemployed,0,5000.0,60000.0,719,500000,Education,36,11.51,2,1
Applicant_604,23,Male,Married,2,Freelancer,1,9900.0,118800.0,627,200000,Personal,180,7.25,2,1
Applicant_605,33,Male,Married,3,Salaried,6,64300.0,771600.0,760,250000,Vehicle,240,15.77,2,0
Applicant_606,48,Male,Divorced,0,Unemployed,0,13600.0,163200.0,626,100000,Business,12,16.94,0,1
Applicant_607,40,Female,Married,0,Salaried,21,56100.0,673200.0,454,200000,Home,60,9.36,4,0
Applicant_608,48,Female,Married,1,Salaried,20,92800.0,1113600.0,672,300000,Business,120,12.08,4,0
Applicant_609,28,Male,Married,0,Self-Employed,2,27900.0,334800.0,433,100000,Vehicle,12,12.47,1,1
Applicant_610,61,Male,Married,0,Self-Employed,13,55400.0,664800.0,504,100000,Vehicle,24,17.83,5,0
Applicant_611,59,Female,Married,0,Salaried,15,72800.0,873600.0,561,1000000,Business,120,7.25,0,0
Applicant_612,21,Female,Single,1,Self-Employed,3,49800.0,597600.0,549,400000,Personal,120,14.18,1,1
Applicant_613,23,Female,Married,2,Freelancer,4,39700.0,476400.0,595,1000000,Education,36,10.48,4,1
Applicant_614,33,Male,Single,2,Salaried,12,63300.0,759600.0,545,250000,Personal,48,12.27,1,0
Applicant_615,48,Female,Single,0,Self-Employed,26,80600.0,967200.0,509,150000,Personal,12,9.0,1,0
Applicant_616,45,Male,Married,1,Salaried,26,98200.0,1178400.0,804,150000,Education,48,8.34,0,0
Applicant_617,53,Male,Single,0,Salaried,0,38200.0,458400.0,582,400000,Education,48,9.3,0,0
Applicant_618,58,Male,Single,1,Salaried,24,115100.0,1381200.0,426,150000,Education,36,7.32,0,0
Applicant_619,26,Male,Single,1,Self-Employed,4,51800.0,621600.0,613,1000000,Personal,120,9.7,2,1
Applicant_620,64,Male,Single,1,Salaried,10,46100.0,553200.0,537,250000,Education,240,14.44,1,0
Applicant_621,52,Male,Married,3,Freelancer,8,33800.0,405600.0,561,100000,Personal,120,13.99,0,0
Applicant_622,41,Female,Married,3,Unemployed,0,5700.0,68400.0,721,150000,Vehicle,180,12.88,1,1
Applicant_623,36,Female,Married,2,Unemployed,0,24500.0,294000.0,605,200000,Education,240,6.5,2,1
Applicant_624,41,Male,Married,3,Salaried,6,73200.0,878400.0,534,50000,Vehicle,12,7.95,2,0
Applicant_625,31,Male,Single,2,Salaried,13,60100.0,721200.0,694,200000,Personal,240,16.19,3,0
Applicant_626,57,Male,Single,3,Salaried,29,84000.0,1008000.0,764,200000,Home,36,9.62,1,0
Applicant_627,56,Female,Married,2,Self-Employed,23,65100.0,781200.0,703,150000,Home,180,16.99,1,0
Applicant_628,55,Male,Married,1,Unemployed,0,8800.0,105600.0,404,1000000,Education,48,16.56,2,1
Applicant_629,39,Other,Divorced,2,Freelancer,2,63600.0,763200.0,538,750000,Education,12,8.28,0,1
Applicant_630,40,Male,Married,0,Self-Employed,15,73100.0,877200.0,654,150000,Business,120,16.83,2,0
Applicant_631,38,Male,Married,2,Salaried,6,28100.0,337200.0,625,100000,Business,48,13.72,1,0
Applicant_632,61,Female,Married,4,Freelancer,26,66100.0,793200.0,617,400000,Vehicle,48,13.75,1,0
Applicant_633,34,Female,Divorced,2,Salaried,0,30600.0,367200.0,551,750000,Personal,12,16.31,0,1
Applicant_634,35,Male,Married,0,Salaried,5,37700.0,452400.0,509,300000,Personal,60,11.16,0,1
Applicant_635,51,Male,Single,1,Freelancer,25,69200.0,830400.0,850,250000,Education,36,14.96,1,0
Applicant_636,21,Other,Married,3,Self-Employed,1,42500.0,510000.0,652,50000,Personal,24,14.18,1,0
Applicant_637,23,Male,Married,4,Salaried,2,54200.0,650400.0,714,150000,Personal,120,15.37,5,0
Applicant_638,36,Female,Divorced,1,Salaried,9,74400.0,892800.0,650,750000,Education,48,14.09,4,1
Applicant_639,43,Male,Married,3,Salaried,11,69900.0,838800.0,654,500000,Vehicle,120,7.42,2,0
Applicant_640,31,Female,Single,3,Self-Employed,5,15700.0,188400.0,643,750000,Personal,36,9.87,4,1
Applicant_641,32,Female,Divorced,0,Salaried,2,28100.0,337200.0,537,500000,Business,36,17.31,3,1
Applicant_642,30,Male,Married,3,Freelancer,5,32600.0,391200.0,498,50000,Personal,12,9.07,1,1
Applicant_643,52,Female,Single,1,Salaried,34,110200.0,1322400.0,688,500000,Education,12,11.93,2,0
Applicant_644,36,Male,Divorced,2,Self-Employed,9,65900.0,790800.0,668,500000,Business,180,10.6,0,0
Applicant_645,28,Male,Single,1,Salaried,8,56600.0,679200.0,743,250000,Home,12,7.49,2,0
Applicant_646,58,Female,Married,2,Salaried,22,84800.0,1017600.0,723,300000,Personal,36,8.58,0,0
Applicant_647,32,Male,Divorced,2,Self-Employed,13,64600.0,775200.0,569,100000,Personal,12,9.8,3,0
Applicant_648,44,Female,Married,1,Self-Employed,19,69200.0,830400.0,763,50000,Home,240,11.83,2,0
Applicant_649,48,Male,Single,3,Salaried,18,77300.0,927600.0,726,500000,Personal,24,16.56,0,0
Applicant_650,28,Male,Married,3,Self-Employed,5,61900.0,742800.0,719,400000,Education,36,12.43,4,0
Applicant_651,48,Male,Married,2,Freelancer,14,51700.0,620400.0,874,200000,Home,12,14.0,4,0
Applicant_652,56,Male,Single,1,Salaried,8,55500.0,666000.0,854,400000,Business,180,11.4,3,0
Applicant_653,46,Male,Married,0,Salaried,18,75500.0,906000.0,718,100000,Personal,48,16.51,3,0
Applicant_654,28,Female,Married,1,Salaried,7,73500.0,882000.0,706,100000,Education,36,14.12,2,0
Applicant_655,48,Female,Single,3,Self-Employed,21,60400.0,724800.0,758,400000,Personal,60,7.54,1,0
Applicant_656,48,Female,Married,0,Salaried,3,72600.0,871200.0,591,150000,Business,60,11.99,0,0
Applicant_657,57,Male,Married,4,Salaried,4,30400.0,364800.0,593,300000,Home,36,16.01,0,0
Applicant_658,61,Male,Married,3,Self-Employed,18,61200.0,734400.0,717,400000,Personal,36,14.94,1,0
Applicant_659,56,Male,Married,2,Unemployed,0,16200.0,194400.0,564,400000,Personal,60,16.91,1,1
Applicant_660,47,Male,Single,2,Salaried,13,81500.0,978000.0,709,1000000,Vehicle,48,9.12,2,0
Applicant_661,37,Male,Married,2,Salaried,17,52900.0,634800.0,665,200000,Personal,48,17.74,0,0
Applicant_662,29,Male,Married,2,Self-Employed,8,34600.0,415200.0,564,150000,Home,48,9.78,0,0
Applicant_663,53,Male,Single,1,Salaried,28,100200.0,1202400.0,652,50000,Education,24,7.08,2,0
Applicant_664,40,Female,Married,3,Salaried,18,111200.0,1334400.0,780,400000,Personal,120,12.2,0,0
Applicant_665,33,Male,Married,2,Self-Employed,5,63700.0,764400.0,658,750000,Home,120,7.77,0,0
Applicant_666,48,Male,Married,2,Unemployed,0,5000.0,60000.0,658,50000,Vehicle,180,14.34,1,1
Applicant_667,49,Male,Single,2,Freelancer,4,5000.0,60000.0,682,250000,Home,24,16.86,0,1
Applicant_668,33,Male,Married,0,Salaried,9,59200.0,710400.0,695,200000,Home,180,17.1,5,0
Applicant_669,55,Female,Single,0,Freelancer,4,38400.0,460800.0,616,1000000,Home,48,13.48,2,1
Applicant_670,26,Male,Married,3,Salaried,7,48300.0,579600.0,685,100000,Personal,60,12.66,1,0
Applicant_671,38,Male,Married,0,Salaried,4,35200.0,422400.0,545,400000,Personal,24,17.93,0,1
Applicant_672,25,Male,Married,2,Unemployed,0,7400.0,88800.0,570,400000,Home,12,13.16,1,1
Applicant_673,45,Male,Single,1,Unemployed,0,5000.0,60000.0,582,500000,Vehicle,120,17.17,2,1
Applicant_674,22,Male,Married,0,Salaried,2,72100.0,865200.0,696,150000,Home,24,17.04,5,0
Applicant_675,30,Female,Single,0,Salaried,9,80800.0,969600.0,666,300000,Education,60,9.83,1,0
Applicant_676,50,Female,Single,3,Salaried,17,83900.0,1006800.0,636,200000,Home,240,6.66,2,0
Applicant_677,25,Female,Married,2,Self-Employed,1,38300.0,459600.0,719,150000,Vehicle,240,11.55,0,0
Applicant_678,53,Male,Married,1,Freelancer,15,45100.0,541200.0,687,200000,Business,240,16.41,2,0
Applicant_679,21,Female,Single,4,Salaried,1,41700.0,500400.0,621,50000,Business,60,16.12,0,0
Applicant_680,38,Male,Single,0,Salaried,13,90600.0,1087200.0,546,400000,Home,36,13.44,0,0
Applicant_681,52,Male,Married,0,Salaried,22,97000.0,1164000.0,568,400000,Personal,60,8.3,1,0
Applicant_682,31,Female,Married,2,Salaried,2,47100.0,565200.0,503,400000,Personal,180,7.74,0,0
Applicant_683,41,Male,Single,2,Freelancer,2,42900.0,514800.0,664,100000,Education,48,17.48,2,0
Applicant_684,46,Male,Married,1,Freelancer,11,55200.0,662400.0,563,50000,Education,180,11.35,4,1
Applicant_685,45,Female,Married,4,Salaried,22,89900.0,1078800.0,600,750000,Vehicle,240,13.95,1,0
Applicant_686,42,Male,Married,4,Salaried,14,82700.0,992400.0,637,100000,Home,240,16.92,1,0
Applicant_687,47,Female,Married,0,Salaried,10,67800.0,813600.0,754,250000,Personal,240,16.5,0,0
Applicant_688,33,Male,Single,0,Self-Employed,9,65900.0,790800.0,742,250000,Education,240,13.02,1,0
Applicant_689,53,Female,Married,3,Salaried,28,98400.0,1180800.0,644,500000,Personal,60,12.11,2,0
Applicant_690,54,Other,Married,1,Self-Employed,5,41200.0,494400.0,776,50000,Home,24,14.96,1,0
Applicant_691,61,Female,Married,0,Salaried,15,61800.0,741600.0,448,400000,Home,24,10.52,2,0
Applicant_692,55,Male,Married,2,Salaried,33,96000.0,1152000.0,837,150000,Personal,24,13.69,2,0
Applicant_693,21,Male,Divorced,1,Freelancer,2,5000.0,60000.0,719,100000,Vehicle,60,6.77,0,1
Applicant_694,41,Male,Single,1,Salaried,4,34300.0,411600.0,660,250000,Vehicle,240,15.98,2,0
Applicant_695,26,Male,Single,0,Freelancer,4,18900.0,226800.0,560,200000,Home,240,17.98,4,1
Applicant_696,48,Male,Single,2,Self-Employed,28,83400.0,1000800.0,606,750000,Home,48,17.48,0,0
Applicant_697,37,Female,Divorced,2,Freelancer,18,84400.0,1012800.0,710,50000,Personal,120,10.64,2,0
Applicant_698,25,Male,Married,0,Salaried,7,51600.0,619200.0,713,150000,Personal,48,12.61,2,0
Applicant_699,51,Other,Married,1,Self-Employed,7,52600.0,631200.0,716,150000,Business,36,9.22,2,0
Applicant_700,25,Male,Single,2,Salaried,6,56100.0,673200.0,577,200000,Personal,12,9.98,1,0
Applicant_701,58,Male,Married,4,Unemployed,0,28800.0,345600.0,557,400000,Personal,240,11.76,3,1
Applicant_702,23,Male,Married,4,Self-Employed,3,32400.0,388800.0,669,250000,Personal,240,15.09,1,0
Applicant_703,43,Female,Married,0,Salaried,8,52700.0,632400.0,726,1000000,Home,48,6.71,1,1
Applicant_704,57,Female,Single,2,Salaried,34,106400.0,1276800.0,650,300000,Personal,180,11.03,2,0
Applicant_705,57,Female,Single,2,Freelancer,5,52000.0,624000.0,798,150000,Personal,240,12.9,4,0
Applicant_706,30,Female,Married,3,Unemployed,0,25200.0,302400.0,653,250000,Business,120,8.97,3,1
Applicant_707,30,Male,Married,2,Freelancer,4,40100.0,481200.0,649,100000,Home,240,7.4,4,0
Applicant_708,39,Male,Single,0,Freelancer,20,83500.0,1002000.0,717,200000,Education,120,12.71,0,0
Applicant_709,37,Male,Married,2,Freelancer,0,27700.0,332400.0,771,150000,Vehicle,24,13.83,0,0
Applicant_710,41,Female,Single,0,Self-Employed,16,64400.0,772800.0,515,150000,Personal,240,13.87,1,0
Applicant_711,34,Male,Married,0,Salaried,2,61700.0,740400.0,538,200000,Vehicle,36,10.6,0,0
Applicant_712,29,Male,Married,2,Salaried,10,67300.0,807600.0,618,500000,Personal,120,9.23,2,1
Applicant_713,21,Female,Single,4,Self-Employed,1,26000.0,312000.0,900,500000,Vehicle,48,9.03,0,1
Applicant_714,33,Other,Married,0,Salaried,1,57000.0,684000.0,623,50000,Education,48,6.97,1,0
Applicant_715,24,Female,Married,2,Self-Employed,1,33900.0,406800.0,637,250000,Home,180,8.62,2,0
Applicant_716,21,Female,Single,1,Salaried,3,41000.0,492000.0,711,100000,Business,240,15.91,1,0
Applicant_717,60,Female,Married,3,Self-Employed,0,48400.0,580800.0,747,1000000,Business,12,6.54,0,1
Applicant_718,52,Male,Single,2,Salaried,9,56700.0,680400.0,666,300000,Personal,12,7.0,4,0
Applicant_719,54,Male,Single,0,Self-Employed,30,100800.0,1209600.0,766,150000,Personal,12,7.96,3,0
Applicant_720,48,Female,Single,0,Self-Employed,24,92900.0,1114800.0,530,1000000,Vehicle,48,11.33,2,0
Applicant_721,51,Female,Single,1,Salaried,4,36300.0,435600.0,573,1000000,Home,120,10.34,2,1
Applicant_722,28,Male,Single,0,Freelancer,8,46800.0,561600.0,766,750000,Personal,180,8.55,1,1
Applicant_723,59,Female,Single,0,Self-Employed,12,79200.0,950400.0,651,750000,Home,48,7.78,1,0
Applicant_724,46,Male,Married,2,Freelancer,12,34700.0,416400.0,523,500000,Home,24,17.3,0,1
Applicant_725,54,Male,Single,1,Salaried,23,92700.0,1112400.0,517,100000,Personal,240,16.98,3,0
Applicant_726,23,Female,Married,2,Salaried,2,31600.0,379200.0,568,100000,Business,60,15.38,1,0
Applicant_727,32,Male,Single,0,Salaried,0,55300.0,663600.0,650,100000,Business,12,9.4,2,0
Applicant_728,21,Male,Single,2,Salaried,0,55200.0,662400.0,696,250000,Vehicle,24,10.22,0,0
Applicant_729,64,Male,Single,1,Salaried,19,72700.0,872400.0,617,1000000,Home,24,14.16,3,1
Applicant_730,25,Female,Married,0,Salaried,7,87100.0,1045200.0,688,750000,Education,120,9.85,0,0
Applicant_731,50,Male,Married,1,Freelancer,2,45600.0,547200.0,606,400000,Home,36,12.6,2,1
Applicant_732,50,Female,Married,0,Unemployed,0,15600.0,187200.0,772,400000,Home,24,13.99,3,1
Applicant_733,37,Female,Single,3,Unemployed,0,14800.0,177600.0,900,150000,Education,12,12.47,2,1
Applicant_734,43,Male,Married,2,Unemployed,0,19800.0,237600.0,610,150000,Home,60,11.25,2,1
Applicant_735,35,Other,Single,2,Self-Employed,16,52100.0,625200.0,697,1000000,Personal,180,10.5,1,1
Applicant_736,57,Male,Single,0,Self-Employed,31,99900.0,1198800.0,689,150000,Home,240,15.44,2,0
Applicant_737,41,Other,Married,0,Salaried,11,67700.0,812400.0,663,50000,Personal,24,15.0,0,0
Applicant_738,34,Male,Married,1,Salaried,13,60000.0,720000.0,715,500000,Vehicle,180,14.51,0,0
Applicant_739,22,Other,Divorced,2,Freelancer,2,36000.0,432000.0,697,100000,Business,48,10.81,2,0
Applicant_740,31,Male,Single,0,Freelancer,10,63500.0,762000.0,602,400000,Business,48,15.42,4,1
Applicant_741,59,Male,Divorced,0,Freelancer,31,80700.0,968400.0,781,750000,Business,24,17.51,1,0
Applicant_742,58,Male,Married,1,Freelancer,26,76200.0,914400.0,670,100000,Education,12,14.42,2,0
Applicant_743,54,Male,Married,1,Salaried,3,33700.0,404400.0,611,50000,Business,120,11.19,2,0
Applicant_744,58,Female,Single,0,Self-Employed,38,84200.0,1010400.0,894,250000,Business,120,15.66,5,0
Applicant_745,54,Male,Single,1,Self-Employed,10,66700.0,800400.0,638,1000000,Home,60,13.51,3,1
Applicant_746,38,Female,Divorced,1,Unemployed,0,5000.0,60000.0,675,250000,Vehicle,60,16.59,2,1
Applicant_747,50,Male,Married,1,Unemployed,0,5700.0,68400.0,667,50000,Personal,12,14.7,0,1
Applicant_748,35,Male,Married,1,Self-Employed,15,50200.0,602400.0,637,750000,Home,48,15.35,1,1
Applicant_749,47,Female,Divorced,2,Salaried,15,67200.0,806400.0,694,150000,Personal,48,14.18,0,0
Applicant_750,54,Male,Single,0,Salaried,2,60400.0,724800.0,565,100000,Personal,120,7.56,3,0
Applicant_751,58,Female,Married,0,Salaried,24,88000.0,1056000.0,709,400000,Personal,180,12.08,1,0
Applicant_752,53,Female,Married,1,Freelancer,23,71400.0,856800.0,474,250000,Home,120,7.15,1,0
Applicant_753,44,Female,Single,1,Salaried,8,59100.0,709200.0,520,200000,Personal,36,11.65,5,1
Applicant_754,35,Male,Single,1,Salaried,7,35500.0,426000.0,832,200000,Personal,24,14.74,3,0
Applicant_755,50,Female,Married,3,Salaried,30,109400.0,1312800.0,524,750000,Vehicle,120,11.34,3,0
Applicant_756,62,Other,Married,3,Unemployed,0,5000.0,60000.0,454,750000,Business,24,6.52,0,1
Applicant_757,37,Female,Married,0,Self-Employed,16,52900.0,634800.0,526,50000,Business,240,10.75,0,0
Applicant_758,25,Male,Single,3,Self-Employed,2,23300.0,279600.0,824,1000000,Home,120,7.28,0,1
Applicant_759,49,Female,Divorced,1,Salaried,30,97400.0,1168800.0,470,400000,Education,180,15.48,2,0
Applicant_760,24,Female,Single,0,Salaried,3,40700.0,488400.0,554,500000,Education,48,15.51,1,1
Applicant_761,30,Female,Married,4,Salaried,3,46000.0,552000.0,504,250000,Personal,24,15.77,0,0
Applicant_762,37,Male,Married,3,Freelancer,4,19400.0,232800.0,622,400000,Home,12,6.85,2,1
Applicant_763,30,Male,Single,4,Freelancer,7,54100.0,649200.0,606,500000,Personal,240,6.87,0,1
Applicant_764,37,Female,Single,0,Self-Employed,9,65500.0,786000.0,601,500000,Education,60,16.89,2,0
Applicant_765,40,Male,Married,0,Salaried,16,69400.0,832800.0,835,750000,Personal,120,7.92,2,0
Applicant_766,44,Female,Married,1,Freelancer,5,27800.0,333600.0,530,250000,Home,36,14.21,2,1
Applicant_767,25,Male,Single,2,Self-Employed,0,26300.0,315600.0,639,100000,Education,12,15.65,5,1
Applicant_768,54,Male,Married,0,Salaried,7,49300.0,591600.0,683,300000,Business,12,11.65,1,0
Applicant_769,26,Male,Married,3,Salaried,1,21000.0,252000.0,551,50000,Personal,240,12.78,1,0
Applicant_770,22,Male,Single,1,Self-Employed,4,28600.0,343200.0,698,1000000,Business,12,9.11,0,1
Applicant_771,33,Other,Married,1,Self-Employed,1,49900.0,598800.0,610,300000,Personal,24,17.12,1,0
Applicant_772,63,Female,Married,2,Unemployed,0,9500.0,114000.0,687,150000,Vehicle,240,9.97,3,1
Applicant_773,63,Female,Single,2,Freelancer,26,101500.0,1218000.0,639,150000,Home,60,9.0,4,0
Applicant_774,31,Male,Divorced,0,Salaried,0,35500.0,426000.0,444,400000,Education,180,12.54,5,1
Applicant_775,43,Female,Single,4,Self-Employed,1,31600.0,379200.0,780,200000,Personal,240,8.69,1,0
Applicant_776,36,Female,Married,1,Salaried,9,51900.0,622800.0,857,250000,Vehicle,180,14.4,2,0
Applicant_777,51,Female,Married,0,Self-Employed,27,84200.0,1010400.0,632,300000,Personal,36,12.42,2,0
Applicant_778,31,Male,Married,3,Self-Employed,7,39100.0,469200.0,560,1000000,Personal,48,8.2,1,1
Applicant_779,36,Female,Married,4,Self-Employed,18,75100.0,901200.0,800,300000,Home,12,7.27,0,0
Applicant_780,28,Female,Single,3,Freelancer,4,33400.0,400800.0,839,100000,Personal,12,8.07,0,0
Applicant_781,24,Other,Married,3,Self-Employed,6,39400.0,472800.0,633,150000,Personal,180,8.07,1,0
Applicant_782,60,Male,Married,2,Freelancer,10,63800.0,765600.0,628,50000,Business,12,10.1,0,0
Applicant_783,24,Female,Single,4,Salaried,1,70400.0,844800.0,642,150000,Personal,48,16.08,4,0
Applicant_784,45,Female,Married,0,Salaried,27,111500.0,1338000.0,482,500000,Education,180,7.16,3,0
Applicant_785,23,Male,Single,2,Self-Employed,3,49400.0,592800.0,620,200000,Home,120,7.97,2,0
Applicant_786,52,Male,Married,2,Unemployed,0,16400.0,196800.0,821,100000,Home,24,9.98,0,0
Applicant_787,23,Male,Single,0,Salaried,2,71800.0,861600.0,633,200000,Personal,24,12.86,2,0
Applicant_788,47,Male,Single,1,Salaried,9,69400.0,832800.0,545,400000,Education,60,15.27,2,1
Applicant_789,49,Male,Single,1,Salaried,15,61200.0,734400.0,699,750000,Personal,24,17.09,1,0
Applicant_790,52,Female,Married,2,Self-Employed,11,62900.0,754800.0,583,250000,Business,24,11.24,2,0
Applicant_791,39,Female,Married,0,Freelancer,21,76400.0,916800.0,643,250000,Home,36,7.72,3,0
Applicant_792,41,Female,Married,3,Self-Employed,2,24100.0,289200.0,523,250000,Personal,240,8.96,3,1
Applicant_793,25,Female,Single,0,Unemployed,0,5000.0,60000.0,546,1000000,Vehicle,36,9.8,1,1
Applicant_794,38,Male,Married,1,Freelancer,10,61500.0,738000.0,723,750000,Personal,180,15.54,0,0
Applicant_795,48,Male,Married,3,Salaried,30,72600.0,871200.0,661,400000,Personal,24,14.4,1,0
Applicant_796,62,Female,Married,2,Self-Employed,15,46200.0,554400.0,572,150000,Personal,36,8.9,4,1
Applicant_797,42,Male,Single,1,Self-Employed,23,78400.0,940800.0,661,100000,Education,120,16.15,3,0
Applicant_798,41,Male,Single,0,Unemployed,0,10300.0,123600.0,589,750000,Home,60,16.38,0,1
Applicant_799,26,Male,Married,2,Salaried,2,23600.0,283200.0,571,150000,Home,24,16.65,3,1
Applicant_800,21,Male,Single,4,Salaried,3,44100.0,529200.0,766,500000,Home,240,9.66,0,0
Applicant_801,25,Female,Single,3,Salaried,0,57300.0,687600.0,728,200000,Business,36,8.04,2,0
Applicant_802,61,Male,Single,2,Self-Employed,28,92000.0,1104000.0,647,250000,Education,48,7.7,3,0
Applicant_803,32,Male,Married,0,Salaried,4,62100.0,745200.0,664,500000,Vehicle,240,11.1,2,1
Applicant_804,46,Male,Married,0,Self-Employed,15,56100.0,673200.0,649,250000,Business,36,11.44,1,0
Applicant_805,54,Female,Married,0,Freelancer,24,60900.0,730800.0,698,1000000,Personal,36,16.48,1,0
Applicant_806,34,Male,Single,1,Salaried,6,64700.0,776400.0,570,100000,Business,180,9.58,1,0
Applicant_807,46,Female,Married,0,Self-Employed,14,68500.0,822000.0,736,300000,Home,48,13.71,3,0
Applicant_808,47,Male,Single,0,Unemployed,0,5000.0,60000.0,685,400000,Personal,60,15.56,3,1
Applicant_809,29,Male,Married,2,Self-Employed,9,41000.0,492000.0,623,50000,Vehicle,48,9.6,3,0
Applicant_810,46,Male,Married,1,Salaried,2,67500.0,810000.0,601,1000000,Home,60,9.57,0,0
Applicant_811,42,Male,Married,2,Salaried,5,36100.0,433200.0,734,750000,Education,120,14.2,3,1
Applicant_812,50,Male,Single,4,Self-Employed,21,91000.0,1092000.0,634,300000,Home,180,14.85,0,0
Applicant_813,63,Male,Single,2,Salaried,4,40800.0,489600.0,580,200000,Personal,48,17.54,0,0
Applicant_814,37,Female,Married,2,Self-Employed,15,65000.0,780000.0,611,100000,Home,60,16.27,1,0
Applicant_815,46,Male,Married,2,Unemployed,0,9400.0,112800.0,726,750000,Personal,60,15.95,1,1
Applicant_816,56,Female,Single,1,Self-Employed,12,27500.0,330000.0,488,300000,Business,12,14.46,0,1
Applicant_817,21,Male,Divorced,0,Salaried,3,24100.0,289200.0,614,750000,Home,180,7.86,0,1
Applicant_818,28,Male,Divorced,0,Salaried,2,45300.0,543600.0,757,100000,Business,12,15.81,2,0
Applicant_819,55,Male,Married,0,Unemployed,0,5000.0,60000.0,633,250000,Home,36,17.26,1,1
Applicant_820,35,Female,Divorced,2,Freelancer,14,67900.0,814800.0,677,300000,Home,48,10.99,0,0
Applicant_821,42,Male,Single,3,Self-Employed,22,54900.0,658800.0,758,250000,Education,60,10.11,1,0
Applicant_822,34,Male,Single,4,Salaried,5,58500.0,702000.0,739,300000,Business,12,12.51,1,0
Applicant_823,46,Male,Single,0,Self-Employed,24,62400.0,748800.0,605,150000,Vehicle,36,17.5,2,0
Applicant_824,48,Male,Married,4,Salaried,27,88700.0,1064400.0,636,750000,Home,36,7.08,4,0
Applicant_825,43,Male,Single,1,Salaried,21,66000.0,792000.0,740,100000,Home,240,14.65,1,0
Applicant_826,34,Female,Divorced,3,Salaried,3,74500.0,894000.0,743,100000,Business,36,15.87,5,0
Applicant_827,44,Male,Single,0,Salaried,14,47900.0,574800.0,641,250000,Personal,240,15.57,0,0
Applicant_828,22,Male,Single,0,Salaried,1,40200.0,482400.0,644,1000000,Home,240,13.02,0,1
Applicant_829,46,Female,Married,1,Salaried,17,48100.0,577200.0,676,150000,Personal,12,17.09,2,0
Applicant_830,34,Male,Single,3,Salaried,8,80000.0,960000.0,786,100000,Vehicle,120,8.05,2,0
Applicant_831,27,Male,Single,0,Self-Employed,3,47000.0,564000.0,756,300000,Home,24,9.32,1,0
Applicant_832,23,Male,Married,0,Self-Employed,3,43100.0,517200.0,719,300000,Home,180,10.03,0,0
Applicant_833,43,Female,Single,3,Salaried,15,92100.0,1105200.0,542,400000,Education,180,6.6,3,0
Applicant_834,63,Male,Single,4,Unemployed,0,7200.0,86400.0,622,200000,Personal,120,10.76,5,1
Applicant_835,38,Male,Single,0,Salaried,17,77300.0,927600.0,627,500000,Home,240,8.35,5,1
Applicant_836,58,Male,Married,2,Salaried,4,50000.0,600000.0,791,150000,Business,120,14.83,2,0
Applicant_837,55,Female,Divorced,1,Salaried,5,58500.0,702000.0,626,1000000,Business,240,11.27,2,1
Applicant_838,35,Male,Married,1,Self-Employed,11,49600.0,595200.0,775,50000,Personal,240,14.6,3,0
Applicant_839,45,Female,Single,1,Salaried,14,64800.0,777600.0,592,250000,Home,36,9.88,3,0
Applicant_840,57,Female,Married,1,Salaried,8,68200.0,818400.0,600,300000,Vehicle,180,8.02,5,0
Applicant_841,48,Female,Married,1,Self-Employed,6,51200.0,614400.0,698,150000,Personal,180,8.02,3,0
Applicant_842,30,Male,Divorced,2,Self-Employed,12,57300.0,687600.0,806,100000,Personal,24,8.84,2,0
Applicant_843,59,Male,Single,1,Freelancer,13,30000.0,360000.0,628,150000,Vehicle,24,7.82,1,0
Applicant_844,37,Male,Married,2,Freelancer,18,83500.0,1002000.0,393,150000,Vehicle,24,9.04,2,0
Applicant_845,59,Male,Married,2,Unemployed,0,5000.0,60000.0,493,400000,Personal,240,13.16,4,1
Applicant_846,42,Male,Divorced,1,Salaried,19,92800.0,1113600.0,679,50000,Personal,36,9.45,1,0
Applicant_847,46,Female,Single,0,Salaried,15,72600.0,871200.0,502,200000,Home,60,10.44,0,0
Applicant_848,64,Male,Single,2,Unemployed,0,5000.0,60000.0,563,150000,Vehicle,24,7.11,1,1
Applicant_849,45,Male,Single,2,Self-Employed,22,97800.0,1173600.0,651,1000000,Business,12,16.76,5,1
Applicant_850,37,Female,Single,2,Self-Employed,3,44800.0,537600.0,405,400000,Education,12,8.09,3,1
Applicant_851,33,Female,Married,2,Salaried,11,82000.0,984000.0,612,50000,Business,24,10.51,0,0
Applicant_852,40,Male,Married,0,Salaried,17,71300.0,855600.0,533,500000,Business,24,10.86,0,0
Applicant_853,45,Female,Married,2,Salaried,25,100600.0,1207200.0,500,1000000,Home,24,15.38,2,0
Applicant_854,24,Male,Single,1,Salaried,0,13600.0,163200.0,569,400000,Personal,180,12.06,2,1
Applicant_855,30,Female,Single,3,Salaried,8,48500.0,582000.0,543,500000,Education,12,10.9,0,1
Applicant_856,23,Female,Single,2,Salaried,2,24900.0,298800.0,696,500000,Business,48,14.5,5,1
Applicant_857,61,Female,Single,0,Self-Employed,25,79400.0,952800.0,769,750000,Home,60,13.37,2,0
Applicant_858,38,Female,Married,1,Salaried,3,53100.0,637200.0,613,50000,Personal,48,7.4,2,0
Applicant_859,56,Male,Single,3,Salaried,19,68900.0,826800.0,590,750000,Education,12,10.1,3,0
Applicant_860,42,Male,Single,1,Salaried,1,55000.0,660000.0,608,50000,Home,12,17.75,1,0
Applicant_861,54,Female,Married,1,Salaried,11,49200.0,590400.0,539,150000,Home,36,12.06,2,0
Applicant_862,28,Male,Married,2,Salaried,10,73300.0,879600.0,521,400000,Personal,48,11.38,2,1
Applicant_863,60,Female,Married,2,Salaried,4,67600.0,811200.0,485,500000,Home,24,8.22,5,1
Applicant_864,64,Male,Married,0,Salaried,34,123200.0,1478400.0,517,250000,Personal,120,16.15,0,0
Applicant_865,39,Male,Single,2,Self-Employed,11,51800.0,621600.0,813,50000,Personal,180,8.03,3,0
Applicant_866,62,Male,Married,3,Salaried,26,60100.0,721200.0,580,150000,Personal,24,7.71,2,0
Applicant_867,61,Male,Single,4,Self-Employed,0,43700.0,524400.0,355,400000,Personal,12,11.55,3,1
Applicant_868,57,Female,Single,2,Freelancer,33,89100.0,1069200.0,591,100000,Education,36,11.52,3,0
Applicant_869,26,Female,Divorced,4,Self-Employed,6,32300.0,387600.0,490,100000,Home,48,17.79,0,0
Applicant_870,46,Female,Single,2,Salaried,0,31700.0,380400.0,655,750000,Education,36,7.97,0,1
Applicant_871,54,Female,Married,1,Salaried,30,121500.0,1458000.0,645,300000,Personal,60,12.06,0,0
Applicant_872,26,Female,Single,2,Self-Employed,1,19900.0,238800.0,655,200000,Business,36,8.81,1,1
Applicant_873,57,Female,Married,0,Unemployed,0,12000.0,144000.0,645,1000000,Home,60,14.57,4,1
Applicant_874,53,Male,Married,1,Unemployed,0,8300.0,99600.0,612,750000,Personal,180,11.0,0,1
Applicant_875,42,Female,Married,1,Salaried,9,52600.0,631200.0,504,400000,Home,48,13.96,1,0
Applicant_876,41,Male,Married,3,Self-Employed,22,88700.0,1064400.0,642,400000,Home,240,10.39,4,0
Applicant_877,26,Male,Married,2,Freelancer,0,49500.0,594000.0,751,500000,Personal,24,12.99,4,1
Applicant_878,26,Female,Single,2,Freelancer,6,32600.0,391200.0,831,150000,Education,60,11.9,2,0
Applicant_879,24,Male,Married,1,Self-Employed,4,39400.0,472800.0,626,100000,Personal,24,10.81,3,0
Applicant_880,50,Male,Married,0,Salaried,28,105300.0,1263600.0,637,50000,Vehicle,180,12.68,1,0
Applicant_881,31,Male,Single,1,Salaried,13,79800.0,957600.0,700,100000,Home,180,10.91,0,0
Applicant_882,50,Male,Married,2,Self-Employed,16,65100.0,781200.0,799,150000,Personal,36,15.77,0,0
Applicant_883,51,Female,Married,0,Self-Employed,21,72400.0,868800.0,601,250000,Vehicle,36,12.2,1,0
Applicant_884,44,Male,Married,1,Unemployed,0,5000.0,60000.0,719,500000,Home,240,16.89,1,1
Applicant_885,29,Male,Single,1,Freelancer,4,21300.0,255600.0,567,150000,Education,180,9.06,1,0
Applicant_886,23,Male,Married,2,Salaried,2,26900.0,322800.0,682,400000,Home,48,7.79,0,1
Applicant_887,51,Male,Single,3,Self-Employed,21,87300.0,1047600.0,747,250000,Personal,24,10.88,0,0
Applicant_888,60,Female,Single,2,Salaried,31,98300.0,1179600.0,520,250000,Personal,48,8.61,0,0
Applicant_889,57,Male,Married,1,Self-Employed,23,76800.0,921600.0,597,500000,Personal,240,11.02,4,0
Applicant_890,56,Male,Married,1,Self-Employed,10,54900.0,658800.0,745,1000000,Personal,60,8.89,5,1
Applicant_891,44,Female,Married,0,Salaried,10,46900.0,562800.0,711,250000,Business,36,16.48,0,0
Applicant_892,51,Female,Single,0,Salaried,16,95300.0,1143600.0,753,1000000,Home,36,13.03,0,0
Applicant_893,26,Female,Single,0,Salaried,2,63500.0,762000.0,734,400000,Vehicle,36,12.22,4,0
Applicant_894,22,Female,Single,0,Salaried,2,68300.0,819600.0,615,1000000,Home,120,15.56,0,1
Applicant_895,40,Male,Divorced,0,Freelancer,7,49300.0,591600.0,869,500000,Home,36,8.0,4,1
Applicant_896,48,Male,Married,0,Salaried,19,77600.0,931200.0,663,500000,Vehicle,180,16.36,1,0
Applicant_897,31,Male,Single,0,Salaried,10,84200.0,1010400.0,344,150000,Business,36,12.06,1,1
Applicant_898,24,Female,Single,2,Salaried,5,39800.0,477600.0,621,200000,Business,60,8.07,3,0
Applicant_899,35,Male,Single,4,Freelancer,9,29900.0,358800.0,603,500000,Home,240,15.92,0,1
Applicant_900,26,Male,Married,3,Salaried,8,47000.0,564000.0,729,250000,Business,60,11.8,0,0
Applicant_901,50,Male,Single,0,Salaried,1,49800.0,597600.0,604,50000,Personal,180,13.45,3,0
Applicant_902,58,Male,Married,1,Self-Employed,16,55600.0,667200.0,759,400000,Business,48,16.78,5,0
Applicant_903,22,Male,Married,3,Salaried,0,37700.0,452400.0,705,150000,Vehicle,12,16.74,2,0
Applicant_904,35,Other,Married,0,Salaried,12,40000.0,480000.0,549,100000,Home,36,16.77,3,0
Applicant_905,31,Male,Married,3,Self-Employed,2,46200.0,554400.0,635,1000000,Personal,36,11.29,4,1
Applicant_906,28,Female,Married,2,Salaried,9,35200.0,422400.0,572,250000,Business,12,15.12,0,0
Applicant_907,46,Female,Single,4,Freelancer,17,45000.0,540000.0,668,50000,Personal,240,9.18,1,0
Applicant_908,64,Male,Married,3,Self-Employed,13,79300.0,951600.0,571,750000,Home,48,16.06,0,0
Applicant_909,25,Male,Married,2,Self-Employed,6,64700.0,776400.0,657,1000000,Home,60,10.43,0,0
Applicant_910,26,Male,Single,2,Salaried,7,59600.0,715200.0,622,250000,Personal,36,11.83,2,0
Applicant_911,46,Male,Divorced,0,Freelancer,4,37100.0,445200.0,634,300000,Education,48,16.75,0,0
Applicant_912,24,Female,Single,0,Self-Employed,4,35000.0,420000.0,855,400000,Home,12,15.77,0,0
Applicant_913,39,Male,Single,1,Salaried,21,70400.0,844800.0,613,750000,Education,60,17.45,1,0
Applicant_914,40,Male,Single,0,Salaried,12,58600.0,703200.0,456,250000,Home,60,10.68,0,0
Applicant_915,53,Male,Divorced,0,Self-Employed,15,42300.0,507600.0,751,200000,Home,48,8.24,0,0
Applicant_916,40,Female,Married,1,Freelancer,14,56800.0,681600.0,750,150000,Home,24,16.97,0,0
Applicant_917,32,Female,Married,3,Unemployed,0,5700.0,68400.0,452,250000,Vehicle,24,12.17,4,1
Applicant_918,21,Female,Single,0,Self-Employed,2,25000.0,300000.0,579,1000000,Home,120,16.73,3,1
Applicant_919,46,Female,Married,0,Self-Employed,4,66500.0,798000.0,693,1000000,Business,120,14.92,3,1
Applicant_920,34,Male,Married,1,Salaried,5,59100.0,709200.0,702,150000,Business,24,16.56,3,0
Applicant_921,58,Female,Married,1,Self-Employed,28,101400.0,1216800.0,649,250000,Personal,180,14.03,4,0
Applicant_922,57,Male,Single,0,Unemployed,0,5000.0,60000.0,651,500000,Home,12,15.84,0,1
Applicant_923,31,Female,Single,4,Self-Employed,12,59000.0,708000.0,556,100000,Vehicle,24,7.88,4,0
Applicant_924,56,Female,Single,2,Salaried,31,111400.0,1336800.0,410,200000,Personal,48,17.64,1,0
Applicant_925,33,Male,Married,1,Salaried,15,72300.0,867600.0,854,500000,Home,60,8.58,0,0
Applicant_926,63,Female,Married,0,Salaried,26,116000.0,1392000.0,553,250000,Personal,48,6.78,2,0
Applicant_927,23,Female,Married,1,Self-Employed,1,33900.0,406800.0,667,500000,Home,240,12.6,1,1
Applicant_928,53,Male,Married,3,Unemployed,0,5000.0,60000.0,634,300000,Education,48,14.69,0,1
Applicant_929,26,Female,Divorced,0,Salaried,0,49500.0,594000.0,739,50000,Personal,36,14.74,0,0
Applicant_930,30,Male,Married,1,Salaried,0,21000.0,252000.0,661,250000,Education,240,10.4,1,0
Applicant_931,25,Female,Married,0,Self-Employed,3,54900.0,658800.0,665,1000000,Personal,12,15.17,3,1
Applicant_932,43,Male,Single,4,Unemployed,0,5000.0,60000.0,386,100000,Vehicle,60,16.19,1,1
Applicant_933,30,Male,Single,0,Salaried,1,51600.0,619200.0,566,400000,Education,36,13.52,3,1
Applicant_934,64,Female,Divorced,3,Salaried,5,40300.0,483600.0,724,1000000,Education,180,10.94,0,1
Applicant_935,22,Female,Married,1,Salaried,3,53100.0,637200.0,715,200000,Business,12,13.56,1,0
Applicant_936,33,Female,Single,2,Self-Employed,11,70600.0,847200.0,554,100000,Personal,60,16.42,0,0
Applicant_937,60,Male,Married,2,Freelancer,26,79300.0,951600.0,492,50000,Personal,240,16.86,3,0
Applicant_938,22,Female,Divorced,0,Salaried,1,24000.0,288000.0,662,250000,Business,240,6.86,5,1
Applicant_939,40,Male,Married,1,Self-Employed,19,59500.0,714000.0,359,1000000,Vehicle,36,7.91,1,1
Applicant_940,21,Female,Married,1,Self-Employed,0,24100.0,289200.0,535,500000,Personal,120,6.55,5,1
Applicant_941,57,Male,Married,0,Self-Employed,27,60600.0,727200.0,826,500000,Home,240,12.16,3,0
Applicant_942,29,Male,Married,3,Salaried,1,58900.0,706800.0,794,1000000,Personal,240,11.52,0,1
Applicant_943,37,Female,Single,0,Unemployed,0,6700.0,80400.0,698,100000,Personal,24,12.78,1,1
Applicant_944,29,Male,Divorced,2,Self-Employed,0,18000.0,216000.0,680,300000,Personal,48,14.36,3,1
Applicant_945,31,Male,Divorced,1,Self-Employed,6,68800.0,825600.0,454,400000,Education,120,10.71,1,1
Applicant_946,35,Male,Married,0,Self-Employed,9,42500.0,510000.0,575,1000000,Personal,24,8.9,1,1
Applicant_947,44,Male,Married,2,Unemployed,0,8800.0,105600.0,620,50000,Personal,60,11.04,1,1
Applicant_948,58,Male,Single,2,Self-Employed,29,80600.0,967200.0,578,250000,Home,120,6.6,1,0
Applicant_949,55,Male,Divorced,1,Salaried,21,51700.0,620400.0,614,300000,Vehicle,120,16.04,0,0
Applicant_950,50,Male,Single,1,Salaried,4,27500.0,330000.0,779,400000,Vehicle,36,10.91,2,0
Applicant_951,51,Male,Married,0,Salaried,8,49300.0,591600.0,595,750000,Business,36,13.66,3,1
Applicant_952,25,Female,Divorced,3,Salaried,2,57500.0,690000.0,615,150000,Personal,36,10.23,3,0
Applicant_953,64,Male,Married,1,Unemployed,0,10200.0,122400.0,723,500000,Education,48,13.57,2,1
Applicant_954,34,Female,Married,0,Freelancer,3,33100.0,397200.0,508,1000000,Business,36,12.72,1,1
Applicant_955,31,Female,Married,2,Salaried,9,27800.0,333600.0,565,150000,Personal,12,8.9,0,0
Applicant_956,29,Male,Single,0,Salaried,0,59100.0,709200.0,576,750000,Personal,12,13.69,4,1
Applicant_957,54,Female,Married,0,Salaried,33,109400.0,1312800.0,655,500000,Home,12,7.76,1,0
Applicant_958,32,Female,Single,1,Freelancer,8,39200.0,470400.0,615,750000,Personal,240,12.03,2,1
Applicant_959,55,Other,Married,3,Salaried,25,107000.0,1284000.0,618,250000,Vehicle,120,14.78,0,0
Applicant_960,55,Female,Single,4,Self-Employed,17,87700.0,1052400.0,583,750000,Home,24,12.81,0,0
Applicant_961,21,Male,Married,2,Unemployed,0,22300.0,267600.0,542,150000,Education,60,15.08,0,1
Applicant_962,60,Female,Married,1,Salaried,15,66300.0,795600.0,710,400000,Personal,24,9.64,3,0
Applicant_963,42,Female,Divorced,2,Freelancer,22,53900.0,646800.0,616,150000,Personal,120,7.06,2,0
Applicant_964,49,Female,Single,1,Salaried,13,80800.0,969600.0,711,300000,Home,24,7.14,2,0
Applicant_965,28,Male,Married,0,Self-Employed,3,20500.0,246000.0,538,500000,Vehicle,48,9.59,4,1
Applicant_966,31,Female,Married,4,Salaried,9,87200.0,1046400.0,583,100000,Home,120,11.19,0,0
Applicant_967,61,Other,Divorced,0,Salaried,1,42400.0,508800.0,627,500000,Vehicle,24,12.68,0,1
Applicant_968,57,Male,Married,1,Unemployed,0,5000.0,60000.0,637,50000,Home,48,15.21,0,1
Applicant_969,34,Male,Married,3,Self-Employed,11,38500.0,462000.0,725,200000,Home,180,16.16,1,0
Applicant_970,50,Male,Divorced,2,Salaried,4,28800.0,345600.0,606,400000,Business,12,14.48,4,1
Applicant_971,55,Female,Married,0,Salaried,28,98100.0,1177200.0,724,50000,Vehicle,240,11.83,4,0
Applicant_972,41,Female,Divorced,0,Salaried,3,45900.0,550800.0,687,300000,Vehicle,240,9.54,2,0
Applicant_973,57,Female,Divorced,1,Self-Employed,34,84500.0,1014000.0,639,1000000,Home,12,11.42,2,0
Applicant_974,25,Male,Divorced,1,Salaried,5,44700.0,536400.0,554,300000,Personal,24,9.64,4,1
Applicant_975,39,Female,Single,1,Freelancer,16,36500.0,438000.0,725,400000,Home,24,13.68,2,0
Applicant_976,34,Male,Married,1,Salaried,7,62800.0,753600.0,557,750000,Home,240,15.91,0,1
Applicant_977,46,Male,Married,4,Salaried,11,61200.0,734400.0,647,400000,Home,180,12.46,2,0
Applicant_978,24,Female,Married,0,Freelancer,4,27300.0,327600.0,644,150000,Home,12,7.03,3,0
Applicant_979,45,Other,Married,1,Self-Employed,7,29700.0,356400.0,629,200000,Vehicle,180,17.31,2,1
Applicant_980,62,Female,Single,1,Freelancer,4,28500.0,342000.0,611,50000,Home,240,9.88,0,0
Applicant_981,45,Female,Single,0,Self-Employed,20,68800.0,825600.0,567,250000,Personal,36,17.02,1,0
Applicant_982,38,Male,Married,0,Salaried,5,54800.0,657600.0,488,400000,Personal,240,15.85,1,0
Applicant_983,60,Male,Married,3,Self-Employed,4,45500.0,546000.0,790,150000,Home,12,11.25,0,0
Applicant_984,28,Female,Married,3,Salaried,4,59900.0,718800.0,600,300000,Vehicle,180,7.15,1,0
Applicant_985,59,Female,Married,0,Salaried,7,46700.0,560400.0,637,150000,Education,36,17.4,0,0
Applicant_986,60,Male,Married,3,Salaried,21,54100.0,649200.0,636,200000,Vehicle,12,14.08,1,0
Applicant_987,34,Male,Married,0,Self-Employed,3,55900.0,670800.0,759,250000,Vehicle,60,9.37,0,0
Applicant_988,52,Male,Married,2,Salaried,3,32000.0,384000.0,843,300000,Vehicle,240,12.64,4,1
Applicant_989,58,Female,Married,0,Salaried,36,95400.0,1144800.0,665,300000,Business,240,13.81,0,0
Applicant_990,53,Male,Married,3,Salaried,14,67400.0,808800.0,634,50000,Education,240,9.11,1,0
Applicant_991,43,Male,Single,0,Salaried,5,54500.0,654000.0,537,500000,Home,48,7.58,0,0
Applicant_992,35,Male,Married,2,Salaried,15,62000.0,744000.0,505,150000,Personal,48,9.58,0,0
Applicant_993,53,Male,Married,2,Salaried,3,37900.0,454800.0,472,200000,Education,60,7.05,2,1
Applicant_994,45,Female,Married,0,Salaried,10,54100.0,649200.0,570,500000,Business,36,7.3,0,0
Applicant_995,37,Male,Single,1,Salaried,18,97200.0,1166400.0,440,250000,Business,24,8.3,2,0
Applicant_996,53,Female,Married,0,Salaried,18,76000.0,912000.0,757,300000,Education,24,8.32,0,0
Applicant_997,22,Female,Single,2,Freelancer,2,14500.0,174000.0,692,50000,Home,48,9.35,1,0
Applicant_998,34,Female,Divorced,1,Self-Employed,7,34600.0,415200.0,624,500000,Home,24,17.28,2,1
Applicant_999,60,Male,Single,2,Self-Employed,27,85200.0,1022400.0,760,250000,Personal,36,13.12,4,0
Applicant_1000,60,Other,Divorced,4,Unemployed,0,8600.0,103200.0,542,50000,Home,180,11.36,1,1
Applicant_1001,59,Female,Married,1,Salaried,4,55300.0,663600.0,568,400000,Personal,240,12.98,3,1
Applicant_1002,26,Other,Married,0,Salaried,8,57900.0,694800.0,456,100000,Personal,24,6.57,3,1
Applicant_1003,26,Female,Single,2,Freelancer,2,16400.0,196800.0,727,300000,Home,12,16.79,0,1
Applicant_1004,23,Male,Single,2,Self-Employed,1,30600.0,367200.0,568,150000,Personal,60,12.62,4,1
Applicant_1005,27,Male,Single,4,Unemployed,0,16000.0,192000.0,651,300000,Personal,48,11.69,2,1
Applicant_1006,28,Male,Single,0,Unemployed,0,5000.0,60000.0,750,750000,Personal,180,17.33,0,1
Applicant_1007,62,Male,Married,1,Salaried,9,51000.0,612000.0,787,300000,Vehicle,24,14.9,4,0
Applicant_1008,35,Male,Single,3,Unemployed,0,14000.0,168000.0,647,50000,Home,180,10.38,0,1
Applicant_1009,49,Male,Married,3,Unemployed,0,18100.0,217200.0,688,300000,Personal,240,17.27,1,1
Applicant_1010,53,Male,Single,2,Salaried,23,83100.0,997200.0,559,150000,Vehicle,36,16.3,1,0
Applicant_1011,50,Male,Divorced,0,Unemployed,0,5000.0,60000.0,818,200000,Education,24,17.48,2,1
Applicant_1012,59,Male,Married,0,Salaried,28,76200.0,914400.0,633,200000,Personal,180,7.61,2,0
Applicant_1013,47,Male,Single,0,Self-Employed,12,66900.0,802800.0,658,750000,Personal,240,17.49,0,0
Applicant_1014,56,Male,Married,4,Salaried,6,71800.0,861600.0,609,500000,Personal,60,12.74,1,0
Applicant_1015,49,Male,Single,0,Salaried,11,100500.0,1206000.0,769,400000,Home,12,14.23,0,0
Applicant_1016,58,Male,Single,2,Self-Employed,22,84800.0,1017600.0,669,250000,Personal,120,8.94,0,0
Applicant_1017,53,Male,Married,2,Salaried,26,91200.0,1094400.0,726,1000000,Education,48,8.11,3,0
Applicant_1018,57,Female,Married,1,Self-Employed,8,37200.0,446400.0,685,200000,Personal,48,7.41,3,0
Applicant_1019,47,Male,Divorced,1,Self-Employed,11,28800.0,345600.0,627,150000,Personal,36,11.36,1,0
Applicant_1020,53,Male,Married,2,Salaried,2,46700.0,560400.0,742,50000,Personal,12,9.05,0,0
Applicant_1021,24,Male,Divorced,1,Salaried,5,85300.0,1023600.0,684,750000,Personal,24,7.44,1,0
Applicant_1022,42,Female,Divorced,0,Self-Employed,12,78100.0,937200.0,553,500000,Education,24,17.48,0,0
Applicant_1023,22,Female,Married,1,Freelancer,2,45700.0,548400.0,551,50000,Home,120,14.93,3,1
Applicant_1024,30,Female,Married,3,Self-Employed,5,48700.0,584400.0,664,100000,Education,180,12.46,0,0
Applicant_1025,25,Female,Single,4,Self-Employed,4,48400.0,580800.0,740,50000,Home,240,15.05,1,0
Applicant_1026,30,Male,Single,2,Self-Employed,2,5000.0,60000.0,813,50000,Personal,120,13.53,2,0
Applicant_1027,53,Male,Married,2,Salaried,24,99400.0,1192800.0,472,750000,Personal,180,8.55,5,0
Applicant_1028,58,Male,Married,1,Self-Employed,38,102300.0,1227600.0,652,250000,Home,120,13.78,0,0
Applicant_1029,33,Female,Single,2,Unemployed,0,5000.0,60000.0,698,150000,Vehicle,36,14.33,0,1
Applicant_1030,51,Female,Married,4,Self-Employed,3,36200.0,434400.0,679,100000,Personal,12,9.23,5,0
Applicant_1031,56,Female,Single,1,Salaried,21,76600.0,919200.0,750,500000,Home,36,10.18,1,0
Applicant_1032,44,Male,Married,0,Self-Employed,4,32200.0,386400.0,715,500000,Home,240,10.91,2,1
Applicant_1033,35,Female,Single,4,Self-Employed,0,35200.0,422400.0,551,300000,Personal,60,13.43,3,1
Applicant_1034,49,Male,Married,2,Self-Employed,17,60600.0,727200.0,548,100000,Education,60,7.96,1,0
Applicant_1035,28,Male,Married,1,Self-Employed,0,36500.0,438000.0,681,50000,Vehicle,24,15.05,0,0
Applicant_1036,25,Male,Single,4,Self-Employed,0,12700.0,152400.0,749,300000,Personal,60,10.48,0,1
Applicant_1037,49,Female,Married,1,Salaried,8,52800.0,633600.0,664,50000,Vehicle,36,14.46,3,0
Applicant_1038,24,Male,Married,1,Salaried,4,31600.0,379200.0,492,300000,Home,48,17.23,3,1
Applicant_1039,32,Female,Single,2,Freelancer,7,29400.0,352800.0,545,1000000,Personal,60,16.5,2,1
Applicant_1040,22,Male,Single,0,Salaried,1,44200.0,530400.0,719,100000,Vehicle,240,14.98,1,0
Applicant_1041,47,Female,Single,2,Unemployed,0,5000.0,60000.0,615,400000,Education,180,8.72,0,1
Applicant_1042,51,Male,Married,0,Salaried,19,65700.0,788400.0,661,1000000,Home,36,14.92,1,1
Applicant_1043,56,Male,Married,0,Salaried,16,80500.0,966000.0,756,100000,Personal,48,13.81,4,0
Applicant_1044,56,Female,Single,1,Self-Employed,12,37800.0,453600.0,529,100000,Vehicle,180,15.38,3,0
Applicant_1045,46,Female,Married,2,Freelancer,28,107700.0,1292400.0,608,300000,Personal,48,16.49,1,0
Applicant_1046,63,Female,Single,0,Self-Employed,35,123100.0,1477200.0,597,200000,Personal,120,10.08,1,0
Applicant_1047,47,Female,Married,4,Salaried,22,76600.0,919200.0,685,300000,Personal,180,13.91,3,0
Applicant_1048,25,Female,Single,2,Salaried,2,32200.0,386400.0,727,500000,Home,120,9.66,1,1
Applicant_1049,40,Male,Married,0,Self-Employed,17,72000.0,864000.0,501,1000000,Personal,60,10.48,2,1
Applicant_1050,31,Female,Married,1,Salaried,1,20300.0,243600.0,649,150000,Home,12,12.49,1,0
Applicant_1051,30,Male,Married,3,Salaried,5,20000.0,240000.0,736,250000,Education,120,11.49,0,0
Applicant_1052,60,Male,Married,1,Self-Employed,8,44100.0,529200.0,464,250000,Business,60,13.41,0,1
Applicant_1053,58,Male,Married,0,Self-Employed,2,37000.0,444000.0,643,1000000,Personal,60,15.23,0,1
Applicant_1054,26,Female,Married,0,Salaried,6,53400.0,640800.0,528,750000,Vehicle,12,13.46,0,1
Applicant_1055,28,Female,Married,1,Salaried,9,48800.0,585600.0,585,400000,Home,60,17.65,0,0
Applicant_1056,43,Male,Married,1,Salaried,14,87100.0,1045200.0,399,750000,Education,36,14.99,0,0
Applicant_1057,46,Female,Married,2,Salaried,8,33600.0,403200.0,789,500000,Business,12,17.83,0,0
Applicant_1058,63,Female,Married,4,Self-Employed,40,97900.0,1174800.0,614,150000,Home,36,15.05,0,0
Applicant_1059,32,Male,Married,0,Freelancer,10,52300.0,627600.0,569,100000,Home,48,12.34,1,0
Applicant_1060,46,Male,Married,3,Salaried,3,28600.0,343200.0,682,150000,Personal,12,11.23,1,0
Applicant_1061,33,Female,Single,4,Salaried,1,24000.0,288000.0,545,300000,Education,48,14.96,4,1
Applicant_1062,60,Male,Married,3,Salaried,30,101900.0,1222800.0,536,1000000,Vehicle,120,14.4,1,0
Applicant_1063,38,Female,Married,4,Freelancer,16,41200.0,494400.0,801,200000,Personal,24,14.19,0,0
Applicant_1064,45,Male,Divorced,3,Salaried,21,80000.0,960000.0,830,50000,Vehicle,180,14.8,1,0
Applicant_1065,53,Male,Married,2,Unemployed,0,5000.0,60000.0,590,1000000,Vehicle,24,16.53,3,1
Applicant_1066,60,Female,Married,1,Salaried,5,37100.0,445200.0,756,1000000,Home,36,9.12,1,1
Applicant_1067,63,Female,Single,1,Salaried,38,84500.0,1014000.0,685,750000,Business,48,13.0,0,0
Applicant_1068,32,Female,Married,3,Salaried,8,58100.0,697200.0,508,300000,Education,48,13.44,4,1
Applicant_1069,64,Female,Married,1,Self-Employed,37,90300.0,1083600.0,557,50000,Home,12,9.87,0,0
Applicant_1070,56,Female,Divorced,0,Self-Employed,37,106500.0,1278000.0,805,150000,Vehicle,240,17.86,5,0
Applicant_1071,24,Female,Single,0,Self-Employed,4,35300.0,423600.0,507,50000,Education,24,15.53,3,0
Applicant_1072,25,Male,Single,3,Salaried,6,48900.0,586800.0,878,750000,Education,36,10.19,2,1
Applicant_1073,57,Male,Single,2,Salaried,28,93800.0,1125600.0,592,200000,Education,36,10.62,2,0
Applicant_1074,28,Male,Married,1,Salaried,7,56900.0,682800.0,808,100000,Home,12,14.76,0,0
Applicant_1075,62,Female,Divorced,0,Salaried,8,45100.0,541200.0,619,200000,Personal,12,6.63,2,0
Applicant_1076,48,Male,Single,2,Salaried,0,58600.0,703200.0,729,100000,Personal,120,11.84,1,0
Applicant_1077,51,Female,Married,0,Self-Employed,15,37300.0,447600.0,789,300000,Personal,36,10.45,1,0
Applicant_1078,29,Male,Married,2,Salaried,5,46600.0,559200.0,788,300000,Vehicle,12,16.32,0,0
Applicant_1079,49,Female,Married,1,Salaried,22,96500.0,1158000.0,591,400000,Education,240,15.6,0,0
Applicant_1080,34,Female,Married,4,Salaried,7,61200.0,734400.0,564,750000,Home,120,10.32,1,1
Applicant_1081,60,Male,Married,1,Salaried,11,47400.0,568800.0,641,750000,Home,48,16.45,1,1
Applicant_1082,61,Female,Single,2,Self-Employed,9,40900.0,490800.0,519,200000,Business,36,17.01,1,0
Applicant_1083,42,Male,Married,2,Salaried,15,54900.0,658800.0,673,750000,Personal,60,12.85,1,1
Applicant_1084,31,Male,Single,1,Salaried,10,69000.0,828000.0,567,500000,Vehicle,24,8.33,2,1
Applicant_1085,43,Female,Married,0,Unemployed,0,5000.0,60000.0,758,50000,Personal,24,15.36,1,1
Applicant_1086,21,Male,Married,1,Salaried,3,49800.0,597600.0,592,400000,Home,60,10.17,1,1
Applicant_1087,57,Other,Single,4,Salaried,38,120000.0,1440000.0,475,400000,Home,60,12.56,2,0
Applicant_1088,41,Male,Single,1,Freelancer,7,74500.0,894000.0,790,1000000,Personal,180,7.02,3,1
Applicant_1089,46,Male,Married,2,Salaried,10,64700.0,776400.0,668,200000,Personal,240,12.25,1,0
Applicant_1090,56,Female,Married,4,Freelancer,25,62800.0,753600.0,652,400000,Home,48,10.87,4,0
Applicant_1091,43,Male,Married,3,Salaried,6,30100.0,361200.0,759,1000000,Personal,240,14.39,1,1
Applicant_1092,21,Other,Single,2,Self-Employed,2,34900.0,418800.0,737,1000000,Vehicle,36,6.97,0,1
Applicant_1093,60,Other,Single,2,Self-Employed,14,61200.0,734400.0,573,250000,Business,12,13.69,2,0
Applicant_1094,35,Male,Married,4,Unemployed,0,5000.0,60000.0,605,250000,Personal,24,15.38,0,1
Applicant_1095,41,Male,Single,4,Self-Employed,15,54300.0,651600.0,538,250000,Business,240,6.65,4,0
Applicant_1096,29,Male,Divorced,4,Self-Employed,2,43500.0,522000.0,503,300000,Home,60,15.12,1,0
Applicant_1097,29,Male,Single,2,Self-Employed,8,43000.0,516000.0,707,400000,Home,240,8.0,2,0
Applicant_1098,30,Male,Married,1,Salaried,0,54500.0,654000.0,689,250000,Home,180,14.53,2,0
Applicant_1099,46,Male,Single,0,Self-Employed,13,37600.0,451200.0,726,750000,Home,36,11.74,0,1
Applicant_1100,61,Male,Single,1,Salaried,23,96200.0,1154400.0,778,750000,Vehicle,12,12.85,2,0
Applicant_1101,55,Male,Married,4,Self-Employed,10,68700.0,824400.0,727,400000,Home,180,10.38,3,0
Applicant_1102,45,Other,Married,3,Self-Employed,2,53300.0,639600.0,736,1000000,Personal,24,9.32,5,1
Applicant_1103,46,Female,Single,1,Freelancer,8,17500.0,210000.0,442,150000,Personal,36,7.32,1,1
Applicant_1104,31,Female,Single,1,Self-Employed,5,49700.0,596400.0,619,200000,Personal,24,16.44,1,0
Applicant_1105,58,Male,Single,1,Freelancer,30,75000.0,900000.0,746,200000,Personal,48,13.52,4,0
Applicant_1106,22,Female,Married,1,Salaried,2,22900.0,274800.0,533,400000,Personal,180,17.8,0,1
Applicant_1107,27,Male,Married,2,Salaried,1,35800.0,429600.0,659,100000,Personal,24,16.28,0,0
Applicant_1108,38,Female,Single,1,Self-Employed,16,53400.0,640800.0,701,250000,Vehicle,240,16.5,0,0
Applicant_1109,47,Other,Married,0,Self-Employed,16,80800.0,969600.0,694,200000,Home,48,13.38,5,0
Applicant_1110,54,Male,Married,1,Self-Employed,2,46700.0,560400.0,686,1000000,Home,48,7.43,0,1
Applicant_1111,47,Female,Married,0,Self-Employed,26,69700.0,836400.0,709,750000,Personal,48,17.0,3,1
Applicant_1112,37,Female,Divorced,4,Salaried,18,65100.0,781200.0,668,50000,Education,12,7.86,1,0
Applicant_1113,63,Female,Single,1,Self-Employed,23,75300.0,903600.0,503,1000000,Personal,120,12.45,0,1
Applicant_1114,64,Female,Single,3,Salaried,7,52900.0,634800.0,700,150000,Vehicle,12,16.35,4,1
Applicant_1115,44,Male,Single,0,Salaried,16,87100.0,1045200.0,678,300000,Business,48,11.93,1,0
Applicant_1116,45,Male,Married,0,Salaried,3,56400.0,676800.0,505,200000,Vehicle,36,8.41,2,0
Applicant_1117,27,Male,Divorced,2,Self-Employed,7,49800.0,597600.0,787,150000,Education,120,10.79,0,0
Applicant_1118,26,Female,Married,2,Self-Employed,1,33100.0,397200.0,703,300000,Home,120,17.87,1,1
Applicant_1119,44,Male,Single,2,Salaried,22,57400.0,688800.0,511,150000,Business,48,18.0,2,0
Applicant_1120,53,Female,Married,0,Self-Employed,29,112400.0,1348800.0,568,400000,Business,180,14.67,1,0
Applicant_1121,49,Male,Single,0,Salaried,24,81300.0,975600.0,593,50000,Personal,36,16.71,1,0
Applicant_1122,63,Male,Single,2,Freelancer,6,60300.0,723600.0,593,750000,Vehicle,24,7.01,0,1
Applicant_1123,42,Male,Married,0,Self-Employed,8,53900.0,646800.0,679,1000000,Vehicle,12,9.67,3,1
Applicant_1124,46,Female,Single,1,Salaried,17,104400.0,1252800.0,552,100000,Personal,36,10.74,2,0
Applicant_1125,48,Male,Single,2,Unemployed,0,14100.0,169200.0,762,200000,Home,120,6.64,3,1
Applicant_1126,41,Male,Married,0,Salaried,16,50500.0,606000.0,754,300000,Personal,36,10.84,0,0
Applicant_1127,27,Male,Single,0,Self-Employed,0,25800.0,309600.0,711,300000,Vehicle,240,7.57,1,0
Applicant_1128,37,Male,Single,0,Salaried,11,59500.0,714000.0,654,500000,Education,36,12.45,0,0
Applicant_1129,40,Male,Single,4,Salaried,3,32900.0,394800.0,743,500000,Personal,60,6.55,1,0
Applicant_1130,61,Female,Married,1,Self-Employed,6,41300.0,495600.0,622,200000,Personal,12,9.61,1,0
Applicant_1131,40,Male,Married,3,Salaried,2,23500.0,282000.0,577,300000,Home,60,16.46,4,1
Applicant_1132,42,Male,Single,0,Freelancer,0,25100.0,301200.0,769,750000,Personal,24,8.95,5,1
Applicant_1133,48,Female,Married,2,Salaried,18,79600.0,955200.0,681,400000,Education,36,7.25,2,0
Applicant_1134,60,Other,Single,0,Salaried,33,90900.0,1090800.0,581,500000,Vehicle,12,9.37,1,0
Applicant_1135,27,Female,Married,1,Self-Employed,5,74100.0,889200.0,608,500000,Business,240,16.02,1,0
Applicant_1136,21,Male,Married,3,Salaried,2,45000.0,540000.0,576,100000,Business,240,13.25,0,0
Applicant_1137,52,Female,Married,3,Self-Employed,32,86700.0,1040400.0,852,400000,Home,240,13.24,3,0
Applicant_1138,33,Other,Married,2,Freelancer,10,20600.0,247200.0,650,150000,Home,120,6.51,2,1
Applicant_1139,50,Female,Divorced,3,Self-Employed,15,65900.0,790800.0,665,400000,Vehicle,12,11.93,2,1
Applicant_1140,43,Male,Divorced,0,Salaried,5,46100.0,553200.0,722,100000,Education,12,9.55,3,0
Applicant_1141,39,Female,Married,1,Self-Employed,10,66700.0,800400.0,528,50000,Home,36,10.37,4,1
Applicant_1142,52,Female,Married,1,Unemployed,0,5000.0,60000.0,759,750000,Home,120,13.38,1,1
Applicant_1143,50,Male,Married,3,Salaried,7,36100.0,433200.0,589,1000000,Personal,48,16.55,1,1
Applicant_1144,49,Male,Married,0,Self-Employed,19,98100.0,1177200.0,833,1000000,Home,180,8.59,5,0
Applicant_1145,49,Female,Single,4,Salaried,0,46500.0,558000.0,618,50000,Personal,48,15.33,2,0
Applicant_1146,50,Female,Single,1,Freelancer,13,47200.0,566400.0,753,50000,Business,48,7.06,3,0
Applicant_1147,36,Male,Married,2,Self-Employed,1,39500.0,474000.0,400,150000,Personal,60,10.26,0,0
Applicant_1148,60,Female,Married,0,Freelancer,37,106100.0,1273200.0,532,50000,Vehicle,36,9.02,1,0
Applicant_1149,39,Male,Divorced,1,Unemployed,0,5000.0,60000.0,620,400000,Home,24,17.03,1,1
Applicant_1150,38,Male,Single,2,Salaried,8,58400.0,700800.0,446,400000,Personal,240,8.55,1,1
Applicant_1151,21,Female,Single,1,Salaried,1,35200.0,422400.0,710,500000,Home,60,13.15,4,1
Applicant_1152,34,Male,Married,4,Salaried,7,61600.0,739200.0,681,100000,Vehicle,12,8.4,1,0
Applicant_1153,22,Male,Married,2,Salaried,1,30900.0,370800.0,550,400000,Vehicle,48,11.95,5,1
Applicant_1154,48,Other,Single,2,Self-Employed,2,29900.0,358800.0,648,750000,Education,12,11.25,1,1
Applicant_1155,50,Male,Divorced,3,Freelancer,17,83900.0,1006800.0,730,1000000,Education,60,6.98,0,0
Applicant_1156,58,Male,Married,2,Salaried,19,96500.0,1158000.0,439,250000,Education,240,16.0,0,0
Applicant_1157,24,Other,Married,2,Self-Employed,3,5000.0,60000.0,522,1000000,Vehicle,120,15.47,0,1
Applicant_1158,21,Female,Married,0,Freelancer,0,42400.0,508800.0,616,150000,Personal,48,9.7,2,1
Applicant_1159,28,Female,Married,1,Salaried,8,54900.0,658800.0,652,750000,Vehicle,36,13.56,0,1
Applicant_1160,49,Female,Married,2,Salaried,18,65400.0,784800.0,644,50000,Home,48,10.67,1,0
Applicant_1161,59,Male,Married,3,Self-Employed,32,83900.0,1006800.0,738,150000,Personal,48,15.35,3,0
Applicant_1162,23,Female,Single,1,Salaried,0,25800.0,309600.0,697,100000,Personal,120,14.46,0,0
Applicant_1163,52,Male,Married,0,Unemployed,0,5000.0,60000.0,719,100000,Vehicle,48,7.54,0,1
Applicant_1164,30,Female,Single,2,Salaried,3,29100.0,349200.0,511,150000,Education,240,16.21,1,0
Applicant_1165,30,Male,Single,0,Freelancer,3,10700.0,128400.0,664,1000000,Education,60,8.56,2,1
Applicant_1166,39,Female,Divorced,2,Self-Employed,15,49400.0,592800.0,619,400000,Vehicle,48,8.5,4,1
Applicant_1167,54,Male,Married,2,Salaried,15,74900.0,898800.0,796,300000,Home,120,14.94,2,0
Applicant_1168,53,Male,Married,1,Salaried,25,90800.0,1089600.0,667,750000,Personal,60,8.61,4,0
Applicant_1169,43,Female,Married,3,Salaried,5,58300.0,699600.0,583,1000000,Personal,240,7.91,0,1
Applicant_1170,48,Female,Divorced,1,Salaried,4,47000.0,564000.0,735,1000000,Home,12,10.36,1,1
Applicant_1171,52,Female,Married,2,Salaried,21,62400.0,748800.0,706,150000,Education,36,16.15,3,0
Applicant_1172,27,Male,Married,0,Self-Employed,9,60400.0,724800.0,567,250000,Business,240,8.53,3,0
Applicant_1173,49,Male,Single,1,Self-Employed,6,31900.0,382800.0,615,750000,Education,48,10.4,2,1
Applicant_1174,28,Female,Single,3,Self-Employed,6,56700.0,680400.0,616,150000,Education,60,9.79,1,0
Applicant_1175,21,Female,Married,0,Salaried,1,24500.0,294000.0,772,500000,Business,48,10.59,0,1
Applicant_1176,23,Female,Married,1,Self-Employed,5,34700.0,416400.0,670,750000,Vehicle,48,14.71,0,1
Applicant_1177,44,Female,Married,1,Salaried,9,52600.0,631200.0,722,400000,Business,120,11.16,0,0
Applicant_1178,43,Female,Married,0,Unemployed,0,15100.0,181200.0,600,300000,Business,48,15.24,0,1
Applicant_1179,28,Female,Divorced,0,Unemployed,0,7600.0,91200.0,683,300000,Vehicle,24,13.86,3,1
Applicant_1180,57,Female,Married,0,Freelancer,14,53300.0,639600.0,780,300000,Business,36,10.65,0,0
Applicant_1181,23,Female,Married,4,Self-Employed,5,73300.0,879600.0,613,250000,Vehicle,36,11.47,1,0
Applicant_1182,53,Female,Single,2,Salaried,23,58400.0,700800.0,661,400000,Business,60,14.59,5,0
Applicant_1183,48,Female,Single,1,Salaried,1,26400.0,316800.0,513,400000,Personal,12,12.65,1,1
Applicant_1184,28,Female,Single,2,Freelancer,7,22800.0,273600.0,573,400000,Personal,12,16.49,0,1
Applicant_1185,54,Female,Married,0,Salaried,14,41400.0,496800.0,616,150000,Vehicle,12,17.23,2,0
Applicant_1186,55,Male,Single,1,Self-Employed,20,64200.0,770400.0,543,300000,Personal,48,14.75,3,0
Applicant_1187,52,Male,Married,0,Freelancer,17,69300.0,831600.0,782,750000,Business,120,17.88,0,0
Applicant_1188,44,Other,Married,0,Self-Employed,4,34100.0,409200.0,566,750000,Home,60,13.36,3,1
Applicant_1189,34,Female,Single,3,Salaried,3,41000.0,492000.0,728,200000,Vehicle,180,6.96,0,0
Applicant_1190,52,Female,Single,0,Salaried,9,32200.0,386400.0,668,750000,Personal,48,12.31,2,1
Applicant_1191,63,Female,Married,3,Salaried,22,72100.0,865200.0,653,100000,Home,120,9.15,0,0
Applicant_1192,36,Female,Married,1,Self-Employed,12,52100.0,625200.0,798,500000,Business,24,10.34,1,0
Applicant_1193,24,Male,Married,0,Self-Employed,4,52600.0,631200.0,423,100000,Education,60,12.14,1,0
Applicant_1194,57,Female,Married,2,Unemployed,0,5000.0,60000.0,630,250000,Home,60,9.89,2,1
Applicant_1195,41,Female,Married,2,Self-Employed,9,46200.0,554400.0,541,300000,Education,120,10.06,2,1
Applicant_1196,34,Male,Married,1,Salaried,5,66300.0,795600.0,453,100000,Home,180,11.12,3,0
Applicant_1197,51,Male,Married,0,Salaried,12,57300.0,687600.0,530,750000,Home,60,9.79,0,1
Applicant_1198,38,Male,Divorced,0,Self-Employed,20,43300.0,519600.0,651,300000,Personal,120,8.45,2,0
Applicant_1199,27,Male,Single,4,Unemployed,0,24200.0,290400.0,577,500000,Vehicle,240,15.3,0,1
Applicant_1200,30,Male,Married,1,Salaried,10,71000.0,852000.0,739,200000,Personal,24,11.04,1,0
Applicant_1201,27,Male,Married,0,Freelancer,5,48000.0,576000.0,628,150000,Personal,60,16.07,1,0
Applicant_1202,53,Male,Single,3,Salaried,14,41800.0,501600.0,617,200000,Business,240,16.65,0,0
Applicant_1203,43,Male,Single,0,Salaried,1,64700.0,776400.0,617,50000,Education,180,15.14,0,0
Applicant_1204,41,Male,Married,0,Unemployed,0,5000.0,60000.0,640,50000,Personal,120,11.06,3,1
Applicant_1205,39,Female,Single,0,Salaried,14,60400.0,724800.0,608,500000,Education,120,14.8,0,0
Applicant_1206,39,Female,Single,2,Self-Employed,18,60500.0,726000.0,564,50000,Personal,24,8.29,1,0
Applicant_1207,56,Female,Divorced,0,Salaried,16,86200.0,1034400.0,748,250000,Home,240,14.1,2,0
Applicant_1208,49,Male,Married,1,Freelancer,19,60300.0,723600.0,587,1000000,Vehicle,12,11.17,0,1
Applicant_1209,38,Male,Married,3,Freelancer,17,66200.0,794400.0,611,750000,Home,120,14.04,0,0
Applicant_1210,22,Male,Married,0,Freelancer,4,34100.0,409200.0,692,150000,Personal,240,15.18,1,0
Applicant_1211,21,Male,Divorced,1,Salaried,2,42600.0,511200.0,681,1000000,Education,120,12.97,0,1
Applicant_1212,25,Male,Married,1,Salaried,0,25800.0,309600.0,560,100000,Personal,60,13.89,4,1
Applicant_1213,40,Male,Single,2,Self-Employed,21,104200.0,1250400.0,725,250000,Personal,48,8.96,4,0
Applicant_1214,31,Male,Married,3,Salaried,8,34000.0,408000.0,703,100000,Education,36,13.32,1,0
Applicant_1215,62,Female,Married,1,Self-Employed,11,63200.0,758400.0,667,1000000,Education,24,11.8,0,0
Applicant_1216,22,Male,Married,0,Self-Employed,1,42600.0,511200.0,606,50000,Home,12,11.42,1,0
Applicant_1217,23,Male,Married,1,Salaried,4,65300.0,783600.0,609,750000,Business,180,11.22,0,0
Applicant_1218,43,Female,Married,0,Self-Employed,13,81800.0,981600.0,629,1000000,Home,12,10.08,1,0
Applicant_1219,32,Male,Divorced,2,Freelancer,7,36900.0,442800.0,526,750000,Business,36,10.01,0,1
Applicant_1220,40,Male,Single,0,Unemployed,0,13000.0,156000.0,646,50000,Personal,60,14.55,2,1
Applicant_1221,25,Female,Divorced,0,Salaried,7,80500.0,966000.0,739,200000,Home,180,12.91,0,0
Applicant_1222,57,Female,Divorced,1,Salaried,25,89000.0,1068000.0,737,250000,Home,48,6.84,1,0
Applicant_1223,58,Female,Married,0,Salaried,31,86000.0,1032000.0,611,100000,Vehicle,36,7.06,0,0
Applicant_1224,50,Male,Married,2,Salaried,27,88200.0,1058400.0,756,750000,Personal,60,13.06,1,0
Applicant_1225,29,Male,Married,0,Salaried,5,30400.0,364800.0,840,750000,Home,120,16.23,0,1
Applicant_1226,54,Male,Single,4,Unemployed,0,10600.0,127200.0,618,750000,Business,180,7.01,4,1
Applicant_1227,64,Male,Single,0,Salaried,8,72000.0,864000.0,719,500000,Business,60,12.33,1,0
Applicant_1228,55,Female,Married,4,Salaried,2,42200.0,506400.0,423,300000,Education,24,16.29,0,1
Applicant_1229,42,Female,Married,1,Salaried,24,63700.0,764400.0,524,50000,Personal,48,6.55,1,0
Applicant_1230,64,Male,Single,2,Salaried,38,131300.0,1575600.0,659,1000000,Education,48,9.67,0,0
Applicant_1231,44,Female,Single,0,Salaried,11,35400.0,424800.0,549,250000,Home,24,17.08,1,0
Applicant_1232,37,Male,Divorced,2,Self-Employed,2,15800.0,189600.0,853,500000,Education,60,7.44,0,1
Applicant_1233,30,Female,Married,1,Salaried,8,53300.0,639600.0,709,200000,Business,60,13.48,1,0
Applicant_1234,50,Male,Divorced,1,Salaried,22,87800.0,1053600.0,746,500000,Personal,180,12.33,1,0
Applicant_1235,43,Male,Single,2,Salaried,22,90300.0,1083600.0,647,300000,Personal,48,8.24,3,0
Applicant_1236,52,Male,Married,2,Self-Employed,17,68000.0,816000.0,549,50000,Education,48,6.99,1,0
Applicant_1237,37,Female,Single,2,Salaried,10,86400.0,1036800.0,598,50000,Personal,48,12.28,3,0
Applicant_1238,37,Female,Married,0,Salaried,3,47000.0,564000.0,675,150000,Education,48,14.95,4,0
Applicant_1239,34,Male,Married,0,Unemployed,0,20500.0,246000.0,586,50000,Personal,60,8.54,5,1
Applicant_1240,29,Male,Single,2,Salaried,9,69800.0,837600.0,717,200000,Home,48,14.45,0,0
Applicant_1241,60,Male,Married,0,Self-Employed,7,29600.0,355200.0,721,150000,Business,120,12.78,3,0
Applicant_1242,22,Male,Married,0,Freelancer,3,28500.0,342000.0,650,400000,Home,60,10.62,1,1
Applicant_1243,45,Female,Married,0,Salaried,17,105800.0,1269600.0,467,750000,Personal,24,14.14,1,0
Applicant_1244,59,Male,Married,0,Freelancer,12,41400.0,496800.0,821,400000,Personal,120,8.71,3,0
Applicant_1245,29,Male,Single,1,Unemployed,0,5000.0,60000.0,628,250000,Business,12,11.75,0,1
Applicant_1246,42,Female,Married,2,Salaried,3,48600.0,583200.0,900,50000,Business,24,12.82,1,0
Applicant_1247,63,Male,Divorced,3,Freelancer,39,96000.0,1152000.0,715,250000,Home,24,11.77,2,0
Applicant_1248,24,Female,Married,1,Salaried,6,40100.0,481200.0,629,50000,Personal,36,11.07,0,0
Applicant_1249,46,Female,Divorced,4,Salaried,11,54800.0,657600.0,694,300000,Home,240,15.02,3,0
Applicant_1250,49,Male,Married,2,Freelancer,31,108500.0,1302000.0,448,500000,Home,24,14.05,1,0
Applicant_1251,54,Female,Married,3,Unemployed,0,5000.0,60000.0,752,400000,Vehicle,180,13.85,2,1
Applicant_1252,43,Female,Married,3,Self-Employed,18,51100.0,613200.0,900,50000,Home,36,16.76,4,0
Applicant_1253,57,Male,Single,2,Salaried,11,39300.0,471600.0,441,500000,Home,240,17.93,2,1
Applicant_1254,31,Male,Married,1,Self-Employed,5,78100.0,937200.0,621,750000,Home,36,13.02,4,1
Applicant_1255,26,Male,Married,0,Self-Employed,1,33600.0,403200.0,639,1000000,Personal,36,10.51,0,1
Applicant_1256,38,Female,Single,0,Salaried,7,60500.0,726000.0,737,100000,Vehicle,120,15.46,1,0
Applicant_1257,41,Female,Single,4,Unemployed,0,5000.0,60000.0,860,50000,Education,240,8.13,2,1
Applicant_1258,62,Female,Married,4,Salaried,27,98800.0,1185600.0,688,300000,Personal,240,12.4,2,0
Applicant_1259,56,Other,Single,2,Salaried,12,85900.0,1030800.0,864,200000,Personal,24,12.53,0,0
Applicant_1260,61,Female,Single,3,Salaried,32,94200.0,1130400.0,667,400000,Education,12,17.81,2,0
Applicant_1261,58,Female,Married,3,Salaried,2,50900.0,610800.0,695,150000,Personal,180,17.9,0,0
Applicant_1262,54,Male,Single,1,Self-Employed,33,79900.0,958800.0,682,150000,Personal,120,15.69,0,0
Applicant_1263,37,Male,Divorced,2,Salaried,19,108300.0,1299600.0,772,500000,Education,36,11.94,1,0
Applicant_1264,57,Male,Married,1,Freelancer,27,83000.0,996000.0,607,400000,Vehicle,240,12.79,2,0
Applicant_1265,45,Female,Married,1,Salaried,27,87800.0,1053600.0,731,250000,Home,240,10.18,5,0
Applicant_1266,58,Male,Divorced,0,Salaried,7,49500.0,594000.0,526,150000,Home,180,16.04,2,0
Applicant_1267,32,Male,Married,1,Self-Employed,2,31300.0,375600.0,621,50000,Vehicle,48,15.09,2,0
Applicant_1268,43,Male,Married,2,Salaried,24,81100.0,973200.0,586,150000,Business,48,15.37,0,0
Applicant_1269,62,Male,Married,1,Self-Employed,29,56300.0,675600.0,658,750000,Business,60,8.09,0,0
Applicant_1270,42,Female,Married,3,Freelancer,14,51500.0,618000.0,618,50000,Personal,48,11.08,2,0
Applicant_1271,41,Male,Single,1,Self-Employed,1,34900.0,418800.0,763,250000,Personal,48,12.68,0,0
Applicant_1272,47,Female,Married,0,Self-Employed,24,90300.0,1083600.0,562,200000,Personal,36,7.93,2,0
Applicant_1273,51,Male,Married,3,Freelancer,16,49200.0,590400.0,476,300000,Home,120,10.74,0,0
Applicant_1274,26,Female,Married,2,Unemployed,0,5000.0,60000.0,514,100000,Business,240,7.51,1,1
Applicant_1275,47,Male,Divorced,0,Salaried,26,91900.0,1102800.0,749,200000,Personal,240,17.53,3,0
Applicant_1276,60,Male,Married,1,Self-Employed,23,56800.0,681600.0,553,750000,Vehicle,24,15.14,3,1
Applicant_1277,54,Female,Married,1,Salaried,27,96200.0,1154400.0,689,250000,Personal,120,13.64,1,0
Applicant_1278,32,Male,Married,4,Salaried,0,12100.0,145200.0,620,500000,Home,120,8.86,0,1
Applicant_1279,27,Male,Single,2,Salaried,3,62800.0,753600.0,732,100000,Personal,180,10.34,5,0
Applicant_1280,30,Male,Married,0,Unemployed,0,15300.0,183600.0,626,750000,Home,48,8.16,3,1
Applicant_1281,37,Male,Married,1,Self-Employed,18,57100.0,685200.0,900,400000,Business,240,12.67,3,0
Applicant_1282,46,Male,Married,3,Salaried,6,61900.0,742800.0,839,400000,Personal,24,15.94,0,0
Applicant_1283,41,Male,Single,2,Salaried,22,85700.0,1028400.0,618,100000,Education,12,6.72,1,0
Applicant_1284,48,Female,Single,3,Unemployed,0,5000.0,60000.0,604,500000,Vehicle,180,7.69,0,1
Applicant_1285,22,Female,Single,0,Salaried,1,11700.0,140400.0,900,750000,Vehicle,120,9.14,0,1
Applicant_1286,63,Male,Married,3,Salaried,13,70700.0,848400.0,542,1000000,Vehicle,120,14.71,0,1
Applicant_1287,21,Other,Married,2,Freelancer,1,15100.0,181200.0,644,250000,Home,48,16.78,1,1
Applicant_1288,56,Male,Divorced,2,Self-Employed,27,105400.0,1264800.0,652,150000,Business,12,15.16,5,0
Applicant_1289,46,Female,Married,1,Salaried,23,86200.0,1034400.0,649,150000,Vehicle,180,12.54,1,0
Applicant_1290,49,Female,Married,3,Salaried,6,41500.0,498000.0,476,300000,Personal,12,7.71,2,1
Applicant_1291,41,Female,Married,2,Unemployed,0,32000.0,384000.0,699,50000,Home,60,15.18,4,1
Applicant_1292,31,Male,Married,3,Unemployed,0,13600.0,163200.0,552,1000000,Business,240,7.71,0,1
Applicant_1293,60,Male,Married,1,Salaried,35,55200.0,662400.0,793,750000,Vehicle,24,10.5,0,0
Applicant_1294,31,Male,Married,0,Salaried,6,44700.0,536400.0,504,300000,Business,24,10.04,0,0
Applicant_1295,56,Male,Single,1,Salaried,14,47200.0,566400.0,655,750000,Education,60,10.63,4,1
Applicant_1296,59,Male,Married,1,Self-Employed,2,27000.0,324000.0,428,150000,Home,180,10.29,2,1
Applicant_1297,60,Male,Married,1,Self-Employed,1,34800.0,417600.0,434,1000000,Personal,36,15.35,1,1
Applicant_1298,55,Male,Married,1,Salaried,6,57300.0,687600.0,566,150000,Personal,240,8.47,3,1
Applicant_1299,54,Male,Divorced,1,Freelancer,15,58900.0,706800.0,580,1000000,Personal,180,16.23,0,1
Applicant_1300,44,Female,Married,3,Self-Employed,20,91200.0,1094400.0,796,400000,Home,240,16.37,0,0
Applicant_1301,42,Female,Single,0,Self-Employed,8,60500.0,726000.0,645,400000,Home,60,12.15,2,0
Applicant_1302,25,Female,Married,1,Unemployed,0,13600.0,163200.0,779,200000,Education,180,7.72,3,1
Applicant_1303,53,Male,Married,3,Salaried,11,65000.0,780000.0,612,500000,Education,120,13.12,0,0
Applicant_1304,56,Female,Single,2,Salaried,28,115300.0,1383600.0,710,100000,Personal,60,15.94,0,0
Applicant_1305,40,Female,Single,2,Self-Employed,0,30300.0,363600.0,577,50000,Education,240,9.83,1,0
Applicant_1306,39,Male,Married,1,Freelancer,13,46600.0,559200.0,570,50000,Personal,60,16.13,0,0
Applicant_1307,55,Male,Divorced,1,Salaried,17,45400.0,544800.0,467,100000,Business,12,14.28,2,0
Applicant_1308,63,Female,Married,0,Freelancer,4,48800.0,585600.0,683,300000,Home,240,17.85,2,1
Applicant_1309,37,Male,Divorced,1,Salaried,14,66800.0,801600.0,676,500000,Vehicle,180,15.98,1,0
Applicant_1310,63,Male,Married,4,Salaried,6,96000.0,1152000.0,727,150000,Business,180,8.82,4,0
Applicant_1311,54,Male,Single,2,Salaried,24,81900.0,982800.0,671,300000,Personal,24,11.66,2,0
Applicant_1312,29,Male,Married,0,Unemployed,0,6300.0,75600.0,852,500000,Vehicle,36,7.69,0,1
Applicant_1313,46,Female,Married,2,Self-Employed,13,69200.0,830400.0,667,750000,Education,48,7.3,1,0
Applicant_1314,22,Female,Single,1,Salaried,3,29500.0,354000.0,749,500000,Personal,48,14.62,1,0
Applicant_1315,29,Male,Married,0,Unemployed,0,10400.0,124800.0,617,400000,Home,48,17.0,3,1
Applicant_1316,29,Male,Married,3,Self-Employed,7,49500.0,594000.0,559,200000,Personal,36,17.7,2,0
Applicant_1317,60,Female,Single,0,Freelancer,35,90400.0,1084800.0,721,150000,Personal,48,9.61,1,0
Applicant_1318,37,Female,Divorced,4,Salaried,2,61600.0,739200.0,641,400000,Personal,36,8.82,3,0
Applicant_1319,21,Male,Married,1,Salaried,3,32400.0,388800.0,733,50000,Home,48,12.94,1,0
Applicant_1320,45,Female,Divorced,2,Self-Employed,17,73100.0,877200.0,685,400000,Home,48,8.81,3,0
Applicant_1321,63,Male,Single,1,Freelancer,23,92800.0,1113600.0,570,300000,Personal,36,9.9,0,0
Applicant_1322,60,Male,Divorced,0,Self-Employed,14,52400.0,628800.0,757,150000,Home,24,16.13,0,0
Applicant_1323,62,Female,Married,2,Self-Employed,10,50500.0,606000.0,562,150000,Business,120,15.82,3,0
Applicant_1324,45,Male,Single,4,Freelancer,23,106200.0,1274400.0,712,100000,Personal,120,16.79,0,0
Applicant_1325,59,Female,Married,2,Salaried,10,67100.0,805200.0,778,50000,Education,36,12.05,2,0
Applicant_1326,55,Female,Married,2,Self-Employed,16,59400.0,712800.0,611,250000,Home,240,12.99,2,0
Applicant_1327,23,Female,Married,4,Salaried,4,60000.0,720000.0,765,400000,Home,36,15.36,2,0
Applicant_1328,57,Male,Married,0,Salaried,5,41500.0,498000.0,689,400000,Personal,60,9.25,3,1
Applicant_1329,64,Male,Single,0,Salaried,20,56500.0,678000.0,735,300000,Vehicle,12,15.97,1,0
Applicant_1330,64,Male,Married,0,Freelancer,7,59600.0,715200.0,566,1000000,Education,180,6.7,4,1
Applicant_1331,50,Male,Married,2,Freelancer,14,36500.0,438000.0,671,300000,Business,12,15.67,2,0
Applicant_1332,58,Female,Married,3,Salaried,31,138800.0,1665600.0,509,400000,Vehicle,24,15.42,1,0
Applicant_1333,54,Female,Married,2,Salaried,9,50700.0,608400.0,821,500000,Home,24,9.97,1,0
Applicant_1334,32,Female,Divorced,3,Salaried,11,94000.0,1128000.0,448,250000,Vehicle,24,14.87,4,1
Applicant_1335,39,Female,Married,2,Unemployed,0,5000.0,60000.0,614,50000,Personal,12,8.96,0,1
Applicant_1336,57,Female,Married,1,Self-Employed,14,78400.0,940800.0,556,400000,Vehicle,24,13.13,2,1
Applicant_1337,64,Male,Divorced,0,Unemployed,0,12500.0,150000.0,717,100000,Personal,120,14.56,0,1
Applicant_1338,37,Male,Married,4,Freelancer,11,59600.0,715200.0,842,250000,Home,24,14.72,0,0
Applicant_1339,30,Female,Single,0,Salaried,10,74500.0,894000.0,715,400000,Vehicle,180,17.8,5,1
Applicant_1340,32,Male,Single,1,Salaried,1,34500.0,414000.0,900,400000,Home,240,8.59,0,0
Applicant_1341,36,Male,Married,1,Self-Employed,4,23400.0,280800.0,512,750000,Vehicle,240,12.03,2,1
Applicant_1342,44,Male,Single,0,Salaried,11,61200.0,734400.0,519,250000,Home,36,16.62,1,1
Applicant_1343,39,Female,Married,2,Salaried,4,51300.0,615600.0,560,300000,Personal,120,12.96,3,1
Applicant_1344,28,Male,Single,0,Salaried,5,42900.0,514800.0,662,1000000,Personal,120,16.58,3,1
Applicant_1345,51,Female,Single,3,Self-Employed,28,95200.0,1142400.0,547,300000,Vehicle,36,11.49,0,0
Applicant_1346,41,Female,Married,1,Self-Employed,9,57900.0,694800.0,574,50000,Home,180,15.65,1,0
Applicant_1347,37,Male,Divorced,2,Salaried,13,52300.0,627600.0,712,1000000,Personal,12,16.51,0,1
Applicant_1348,43,Male,Married,2,Self-Employed,15,70900.0,850800.0,526,400000,Personal,36,16.23,1,0
Applicant_1349,57,Male,Divorced,2,Salaried,36,108000.0,1296000.0,536,1000000,Vehicle,24,16.52,2,0
Applicant_1350,36,Female,Divorced,3,Freelancer,10,34500.0,414000.0,610,400000,Education,36,9.02,0,0
Applicant_1351,26,Female,Single,0,Self-Employed,2,50800.0,609600.0,619,200000,Education,120,11.55,3,0
Applicant_1352,28,Female,Single,0,Salaried,9,46300.0,555600.0,751,200000,Personal,60,8.51,0,0
Applicant_1353,45,Female,Married,0,Self-Employed,7,42100.0,505200.0,559,300000,Education,36,8.58,0,0
Applicant_1354,38,Male,Married,3,Self-Employed,18,72100.0,865200.0,577,150000,Business,12,12.11,0,0
Applicant_1355,45,Male,Married,4,Salaried,19,98600.0,1183200.0,708,1000000,Home,24,17.54,0,0
Applicant_1356,32,Female,Divorced,1,Salaried,5,52900.0,634800.0,730,300000,Business,120,13.31,1,0
Applicant_1357,35,Male,Single,2,Unemployed,0,12900.0,154800.0,792,200000,Personal,120,16.32,0,1
Applicant_1358,46,Male,Single,0,Salaried,17,69500.0,834000.0,696,1000000,Home,24,17.28,5,1
Applicant_1359,61,Male,Married,0,Self-Employed,29,91800.0,1101600.0,663,500000,Personal,12,7.5,5,0
Applicant_1360,46,Male,Married,2,Freelancer,22,68300.0,819600.0,707,250000,Business,36,8.36,1,0
Applicant_1361,52,Male,Single,0,Salaried,11,66400.0,796800.0,623,500000,Personal,180,9.84,2,0
Applicant_1362,30,Male,Married,1,Salaried,9,53600.0,643200.0,622,750000,Home,24,13.59,4,1
Applicant_1363,36,Male,Single,2,Freelancer,12,69100.0,829200.0,472,200000,Home,24,7.21,3,0
Applicant_1364,27,Male,Married,2,Salaried,4,42400.0,508800.0,739,50000,Business,60,15.55,0,0
Applicant_1365,37,Female,Married,1,Self-Employed,17,43400.0,520800.0,671,1000000,Education,12,7.23,3,1
Applicant_1366,43,Female,Married,2,Self-Employed,14,104100.0,1249200.0,727,400000,Vehicle,120,8.32,0,0
Applicant_1367,46,Male,Married,1,Freelancer,14,48100.0,577200.0,368,400000,Personal,120,10.89,1,1
Applicant_1368,41,Female,Married,0,Unemployed,0,24700.0,296400.0,645,250000,Personal,180,12.91,1,1
Applicant_1369,42,Male,Married,2,Freelancer,11,68100.0,817200.0,564,250000,Personal,36,16.64,2,1
Applicant_1370,27,Male,Single,0,Self-Employed,9,67200.0,806400.0,800,50000,Personal,36,17.58,0,0
Applicant_1371,34,Female,Single,0,Freelancer,8,38000.0,456000.0,711,150000,Vehicle,24,16.67,0,0
Applicant_1372,35,Female,Single,1,Unemployed,0,9300.0,111600.0,673,50000,Personal,48,7.73,3,1
Applicant_1373,27,Female,Married,3,Unemployed,0,5000.0,60000.0,606,400000,Home,60,13.76,3,1
Applicant_1374,29,Male,Divorced,0,Freelancer,2,58900.0,706800.0,689,250000,Personal,60,11.58,1,0
Applicant_1375,28,Male,Married,0,Salaried,6,39200.0,470400.0,557,200000,Personal,60,7.95,2,0
Applicant_1376,43,Female,Married,0,Self-Employed,4,39200.0,470400.0,640,400000,Business,120,12.88,2,1
Applicant_1377,49,Male,Single,1,Salaried,25,91500.0,1098000.0,592,750000,Vehicle,24,10.6,1,0
Applicant_1378,38,Male,Married,2,Salaried,20,78400.0,940800.0,876,300000,Personal,12,10.48,0,0
Applicant_1379,51,Female,Married,0,Salaried,9,48100.0,577200.0,796,750000,Education,12,7.59,1,0
Applicant_1380,50,Female,Married,3,Unemployed,0,25900.0,310800.0,756,300000,Personal,60,17.76,5,1
Applicant_1381,59,Female,Single,2,Salaried,21,96300.0,1155600.0,500,1000000,Vehicle,120,14.85,3,1
Applicant_1382,55,Male,Married,2,Self-Employed,22,83800.0,1005600.0,736,750000,Vehicle,240,9.72,1,0
Applicant_1383,38,Female,Married,1,Self-Employed,10,49000.0,588000.0,668,300000,Vehicle,240,17.05,0,0
Applicant_1384,62,Male,Married,1,Salaried,27,110000.0,1320000.0,772,750000,Home,48,17.4,4,0
Applicant_1385,59,Male,Married,1,Self-Employed,30,88000.0,1056000.0,682,150000,Personal,180,15.82,2,0
Applicant_1386,37,Female,Divorced,1,Self-Employed,7,72600.0,871200.0,649,250000,Education,180,14.08,1,0
Applicant_1387,34,Male,Single,0,Freelancer,6,38700.0,464400.0,673,250000,Education,120,10.83,0,0
Applicant_1388,51,Male,Single,2,Salaried,27,112400.0,1348800.0,469,1000000,Home,48,11.49,3,0
Applicant_1389,44,Female,Single,1,Salaried,15,68300.0,819600.0,573,500000,Home,240,11.73,1,0
Applicant_1390,55,Male,Single,0,Self-Employed,30,96100.0,1153200.0,687,400000,Education,36,17.41,2,0
Applicant_1391,64,Male,Married,0,Salaried,40,138400.0,1660800.0,763,100000,Education,48,15.24,2,0
Applicant_1392,54,Male,Married,0,Salaried,15,102900.0,1234800.0,594,100000,Education,60,9.86,2,0
Applicant_1393,23,Male,Married,3,Salaried,4,71400.0,856800.0,645,400000,Home,36,13.68,1,1
Applicant_1394,57,Male,Single,0,Self-Employed,34,116200.0,1394400.0,489,1000000,Business,60,13.33,2,0
Applicant_1395,63,Female,Divorced,3,Salaried,24,96800.0,1161600.0,795,1000000,Education,240,15.84,0,0
Applicant_1396,60,Female,Single,2,Self-Employed,12,51400.0,616800.0,761,200000,Business,120,7.6,2,0
Applicant_1397,46,Male,Single,3,Unemployed,0,9400.0,112800.0,715,300000,Education,240,14.56,0,1
Applicant_1398,43,Female,Married,1,Freelancer,7,25300.0,303600.0,690,750000,Business,120,10.31,1,1
Applicant_1399,64,Male,Married,4,Salaried,16,77600.0,931200.0,805,1000000,Home,12,7.99,1,0
Applicant_1400,59,Male,Married,0,Self-Employed,36,113600.0,1363200.0,569,200000,Home,60,14.92,2,0
Applicant_1401,35,Female,Single,2,Salaried,5,20600.0,247200.0,558,400000,Personal,240,10.31,2,1
Applicant_1402,24,Male,Married,0,Salaried,6,52600.0,631200.0,756,750000,Vehicle,36,14.9,2,1
Applicant_1403,49,Other,Single,1,Salaried,28,102200.0,1226400.0,749,50000,Home,60,8.37,0,0
Applicant_1404,42,Male,Single,2,Salaried,1,40700.0,488400.0,530,1000000,Home,24,17.84,1,1
Applicant_1405,45,Female,Married,2,Self-Employed,21,82400.0,988800.0,596,100000,Vehicle,120,15.74,0,0
Applicant_1406,33,Male,Single,1,Unemployed,0,5000.0,60000.0,818,750000,Home,36,9.83,1,1
Applicant_1407,38,Male,Single,0,Unemployed,0,5000.0,60000.0,691,250000,Education,48,15.02,2,1
Applicant_1408,53,Male,Married,2,Salaried,24,103500.0,1242000.0,728,200000,Vehicle,12,8.06,0,0
Applicant_1409,36,Female,Divorced,1,Self-Employed,3,41000.0,492000.0,534,400000,Business,48,14.01,1,0
Applicant_1410,62,Male,Divorced,0,Salaried,34,113100.0,1357200.0,715,250000,Education,60,7.19,4,0
Applicant_1411,64,Female,Married,4,Self-Employed,40,106800.0,1281600.0,508,50000,Vehicle,48,10.33,2,0
Applicant_1412,22,Male,Single,4,Salaried,1,42300.0,507600.0,452,750000,Personal,36,17.75,2,1
Applicant_1413,55,Male,Single,3,Unemployed,0,5000.0,60000.0,722,500000,Home,24,7.89,3,1
Applicant_1414,62,Male,Single,3,Freelancer,8,53700.0,644400.0,793,150000,Business,240,13.37,1,0
Applicant_1415,54,Female,Married,0,Salaried,25,117100.0,1405200.0,624,1000000,Personal,48,7.31,3,0
Applicant_1416,50,Female,Married,4,Freelancer,26,61000.0,732000.0,595,150000,Personal,60,14.2,0,0
Applicant_1417,33,Male,Married,1,Self-Employed,10,40900.0,490800.0,821,150000,Vehicle,48,9.7,0,0
Applicant_1418,33,Female,Married,0,Self-Employed,1,43600.0,523200.0,630,400000,Home,48,10.06,1,0
Applicant_1419,38,Male,Single,3,Self-Employed,12,81100.0,973200.0,643,100000,Personal,180,10.38,0,0
Applicant_1420,52,Female,Married,0,Self-Employed,30,95000.0,1140000.0,819,750000,Personal,240,8.86,1,0
Applicant_1421,52,Female,Single,1,Freelancer,2,10600.0,127200.0,614,200000,Education,36,17.33,0,1
Applicant_1422,55,Male,Married,0,Freelancer,28,77900.0,934800.0,584,400000,Personal,180,16.92,5,0
Applicant_1423,59,Male,Married,1,Self-Employed,6,31600.0,379200.0,731,500000,Personal,180,16.51,3,1
Applicant_1424,49,Other,Married,2,Freelancer,17,49000.0,588000.0,578,250000,Vehicle,60,7.72,5,1
Applicant_1425,49,Female,Married,1,Unemployed,0,5000.0,60000.0,635,500000,Vehicle,180,9.18,3,1
Applicant_1426,64,Female,Married,0,Salaried,15,56100.0,673200.0,518,200000,Personal,60,13.54,5,1
Applicant_1427,36,Male,Single,1,Salaried,16,60300.0,723600.0,668,1000000,Education,24,17.66,1,1
Applicant_1428,64,Male,Single,1,Self-Employed,31,98100.0,1177200.0,656,100000,Personal,180,13.46,1,0
Applicant_1429,30,Male,Married,0,Unemployed,0,8200.0,98400.0,746,150000,Education,240,10.26,0,1
Applicant_1430,50,Female,Single,4,Salaried,24,66600.0,799200.0,735,300000,Education,36,15.9,2,0
Applicant_1431,45,Female,Married,1,Salaried,11,67900.0,814800.0,705,1000000,Personal,120,8.06,3,0
Applicant_1432,59,Male,Married,3,Salaried,31,96300.0,1155600.0,689,300000,Personal,36,16.64,1,0
Applicant_1433,40,Male,Divorced,0,Freelancer,18,71800.0,861600.0,642,400000,Personal,12,17.71,0,0
Applicant_1434,25,Male,Divorced,1,Unemployed,0,16700.0,200400.0,710,200000,Vehicle,24,17.63,1,1
Applicant_1435,21,Male,Single,0,Self-Employed,2,30800.0,369600.0,538,500000,Education,24,8.2,0,1
Applicant_1436,50,Male,Divorced,1,Salaried,28,105200.0,1262400.0,415,500000,Education,60,12.82,2,0
Applicant_1437,23,Male,Married,0,Unemployed,0,5000.0,60000.0,766,400000,Personal,60,13.23,1,1
Applicant_1438,34,Male,Married,1,Salaried,10,79900.0,958800.0,717,150000,Personal,240,8.74,4,0
Applicant_1439,50,Male,Single,1,Freelancer,5,23000.0,276000.0,637,150000,Home,24,12.79,4,1
Applicant_1440,24,Male,Married,0,Salaried,2,49300.0,591600.0,757,100000,Education,36,13.94,0,0
Applicant_1441,38,Male,Single,2,Self-Employed,4,40200.0,482400.0,576,400000,Education,12,10.28,5,1
Applicant_1442,57,Male,Married,4,Self-Employed,26,71700.0,860400.0,579,300000,Business,240,10.13,5,0
Applicant_1443,45,Male,Single,0,Self-Employed,4,56500.0,678000.0,565,400000,Vehicle,60,7.19,2,0
Applicant_1444,21,Male,Married,2,Unemployed,0,5000.0,60000.0,706,100000,Education,12,17.5,3,1
Applicant_1445,35,Male,Married,2,Unemployed,0,5000.0,60000.0,491,200000,Home,240,15.74,0,1
Applicant_1446,29,Male,Single,1,Freelancer,9,5000.0,60000.0,573,50000,Home,24,15.23,5,1
Applicant_1447,35,Female,Single,3,Salaried,2,30900.0,370800.0,678,100000,Home,36,6.75,1,0
Applicant_1448,44,Female,Married,4,Salaried,18,96600.0,1159200.0,529,400000,Home,12,13.68,4,0
Applicant_1449,24,Female,Single,1,Self-Employed,0,53900.0,646800.0,583,250000,Home,120,8.58,1,1
Applicant_1450,32,Male,Married,2,Unemployed,0,5000.0,60000.0,428,1000000,Personal,48,14.11,3,1
Applicant_1451,57,Female,Married,2,Self-Employed,34,97400.0,1168800.0,710,150000,Education,240,13.64,1,0
Applicant_1452,57,Female,Married,1,Unemployed,0,5000.0,60000.0,581,100000,Personal,240,16.3,1,1
Applicant_1453,63,Male,Married,1,Unemployed,0,5000.0,60000.0,540,150000,Education,24,9.44,4,1
Applicant_1454,26,Male,Single,4,Self-Employed,0,20800.0,249600.0,520,200000,Business,36,6.82,2,1
Applicant_1455,59,Female,Single,2,Freelancer,12,63700.0,764400.0,608,1000000,Vehicle,24,17.01,3,1
Applicant_1456,44,Male,Single,0,Unemployed,0,12600.0,151200.0,491,1000000,Personal,24,16.95,1,1
Applicant_1457,31,Male,Divorced,0,Freelancer,13,55100.0,661200.0,844,250000,Home,240,11.74,4,0
Applicant_1458,33,Female,Married,4,Self-Employed,13,41000.0,492000.0,411,500000,Home,12,7.4,2,1
Applicant_1459,54,Female,Married,0,Freelancer,16,58500.0,702000.0,604,750000,Home,12,12.23,0,0
Applicant_1460,45,Male,Single,2,Salaried,4,13400.0,160800.0,660,100000,Education,48,12.53,3,1
Applicant_1461,27,Male,Married,0,Self-Employed,4,55600.0,667200.0,572,150000,Personal,60,15.95,0,0
Applicant_1462,24,Male,Married,0,Salaried,6,55900.0,670800.0,671,200000,Personal,48,14.75,3,0
Applicant_1463,28,Female,Married,0,Salaried,1,21800.0,261600.0,570,400000,Home,120,7.31,1,1
Applicant_1464,40,Male,Married,1,Freelancer,15,79200.0,950400.0,803,300000,Business,240,14.61,2,0
Applicant_1465,49,Male,Married,0,Self-Employed,13,34100.0,409200.0,538,300000,Home,36,8.06,2,1
Applicant_1466,30,Female,Single,2,Salaried,12,72000.0,864000.0,414,1000000,Home,180,7.53,2,1
Applicant_1467,63,Male,Married,2,Salaried,32,112300.0,1347600.0,520,400000,Personal,36,11.08,2,0
Applicant_1468,54,Female,Married,1,Unemployed,0,5000.0,60000.0,688,50000,Home,24,7.39,4,1
Applicant_1469,46,Male,Married,2,Freelancer,5,34400.0,412800.0,638,500000,Personal,12,16.04,1,1
Applicant_1470,61,Male,Married,1,Salaried,10,35400.0,424800.0,725,750000,Vehicle,24,11.83,1,1
Applicant_1471,23,Female,Single,1,Unemployed,0,5000.0,60000.0,700,100000,Business,60,13.25,0,1
Applicant_1472,26,Male,Married,1,Salaried,8,40000.0,480000.0,586,50000,Home,24,13.13,1,0
Applicant_1473,25,Male,Married,1,Self-Employed,7,39800.0,477600.0,601,200000,Personal,120,17.75,0,0
Applicant_1474,25,Male,Single,4,Self-Employed,7,58700.0,704400.0,611,100000,Personal,36,17.03,2,0
Applicant_1475,43,Female,Married,2,Unemployed,0,6000.0,72000.0,838,300000,Vehicle,120,16.26,1,1
Applicant_1476,29,Female,Married,1,Freelancer,9,44400.0,532800.0,719,150000,Vehicle,36,10.91,3,0
Applicant_1477,55,Other,Married,2,Salaried,2,28800.0,345600.0,839,750000,Home,120,8.17,1,1
Applicant_1478,40,Male,Married,1,Self-Employed,16,59000.0,708000.0,734,500000,Vehicle,48,13.31,0,0
Applicant_1479,62,Male,Married,0,Salaried,21,68100.0,817200.0,643,400000,Home,180,11.56,1,0
Applicant_1480,55,Male,Single,1,Self-Employed,28,72600.0,871200.0,548,400000,Education,240,9.09,0,0
Applicant_1481,38,Female,Married,2,Self-Employed,13,52100.0,625200.0,670,400000,Education,120,7.62,0,0
Applicant_1482,37,Male,Married,1,Salaried,1,43100.0,517200.0,643,250000,Education,24,11.52,3,0
Applicant_1483,44,Other,Married,3,Self-Employed,25,76400.0,916800.0,640,500000,Vehicle,240,13.98,1,0
Applicant_1484,23,Male,Married,1,Salaried,0,35100.0,421200.0,629,200000,Education,12,13.69,0,0
Applicant_1485,52,Other,Married,1,Self-Employed,8,61400.0,736800.0,444,250000,Business,60,15.4,0,0
Applicant_1486,55,Female,Single,4,Freelancer,10,37500.0,450000.0,776,150000,Vehicle,60,11.87,1,0
Applicant_1487,58,Female,Single,1,Salaried,6,32000.0,384000.0,644,150000,Business,120,10.2,2,0
Applicant_1488,33,Male,Married,3,Unemployed,0,13500.0,162000.0,508,100000,Education,12,12.7,1,1
Applicant_1489,45,Male,Married,3,Salaried,21,86000.0,1032000.0,698,250000,Business,60,17.71,0,0
Applicant_1490,29,Male,Married,4,Self-Employed,1,41900.0,502800.0,564,100000,Personal,120,7.02,1,0
Applicant_1491,24,Male,Married,0,Self-Employed,5,54400.0,652800.0,706,1000000,Business,120,12.58,5,1
Applicant_1492,34,Male,Married,0,Salaried,3,52800.0,633600.0,738,200000,Home,12,10.29,1,0
Applicant_1493,57,Male,Married,2,Salaried,13,66400.0,796800.0,751,1000000,Personal,12,7.71,0,0
Applicant_1494,54,Male,Married,2,Unemployed,0,40900.0,490800.0,633,50000,Business,48,11.5,2,1
Applicant_1495,31,Female,Married,2,Self-Employed,12,39700.0,476400.0,608,100000,Business,120,13.87,3,0
Applicant_1496,61,Female,Married,0,Salaried,24,79200.0,950400.0,587,50000,Vehicle,24,12.57,0,0
Applicant_1497,23,Male,Married,0,Salaried,4,62500.0,750000.0,577,100000,Home,240,6.84,2,0
Applicant_1498,48,Other,Single,1,Freelancer,12,51100.0,613200.0,648,200000,Education,36,13.16,3,0
Applicant_1499,49,Male,Married,0,Salaried,4,59400.0,712800.0,629,50000,Personal,36,9.17,0,0
Applicant_1500,29,Male,Single,0,Freelancer,11,49500.0,594000.0,567,300000,Education,120,10.43,4,1
Applicant_1501,23,Male,Single,0,Salaried,3,66600.0,799200.0,535,50000,Education,24,10.09,2,0
Applicant_1502,45,Female,Single,0,Self-Employed,5,29900.0,358800.0,639,150000,Home,60,16.37,1,0
Applicant_1503,54,Male,Single,2,Salaried,25,110100.0,1321200.0,606,100000,Business,180,7.05,5,0
Applicant_1504,32,Male,Married,2,Freelancer,5,52600.0,631200.0,535,100000,Vehicle,12,10.5,0,0
Applicant_1505,62,Female,Single,0,Self-Employed,13,42800.0,513600.0,733,200000,Home,36,11.04,2,0
Applicant_1506,29,Male,Single,0,Self-Employed,7,58500.0,702000.0,827,750000,Home,48,13.62,3,0
Applicant_1507,35,Female,Married,2,Salaried,7,53400.0,640800.0,746,150000,Home,60,15.57,1,0
Applicant_1508,60,Female,Married,1,Self-Employed,38,101900.0,1222800.0,577,300000,Personal,240,14.87,0,0
Applicant_1509,45,Other,Single,3,Salaried,16,43700.0,524400.0,644,1000000,Business,48,15.16,1,1
Applicant_1510,25,Male,Married,2,Salaried,4,32800.0,393600.0,804,150000,Home,36,8.71,0,0
Applicant_1511,31,Male,Married,3,Freelancer,10,55600.0,667200.0,532,1000000,Personal,24,16.98,2,1
Applicant_1512,54,Male,Divorced,2,Freelancer,25,87200.0,1046400.0,728,250000,Home,24,11.26,2,0
Applicant_1513,44,Male,Married,1,Salaried,9,54800.0,657600.0,505,750000,Vehicle,48,6.63,1,1
Applicant_1514,35,Male,Single,2,Unemployed,0,17300.0,207600.0,818,150000,Vehicle,120,14.18,2,1
Applicant_1515,58,Male,Married,0,Unemployed,0,19200.0,230400.0,606,500000,Vehicle,60,13.45,0,1
Applicant_1516,28,Other,Married,0,Self-Employed,9,55300.0,663600.0,872,300000,Home,36,7.95,0,0
Applicant_1517,25,Female,Single,0,Self-Employed,4,32200.0,386400.0,822,500000,Personal,12,17.54,3,1
Applicant_1518,46,Male,Married,1,Unemployed,0,11600.0,139200.0,639,100000,Home,24,12.96,0,1
Applicant_1519,38,Male,Married,0,Self-Employed,13,68300.0,819600.0,578,750000,Personal,48,11.9,0,0
Applicant_1520,26,Male,Divorced,0,Self-Employed,8,61100.0,733200.0,669,50000,Home,180,11.08,4,0
Applicant_1521,57,Male,Married,2,Self-Employed,6,60000.0,720000.0,631,150000,Business,240,8.91,1,0
Applicant_1522,33,Female,Married,4,Salaried,6,31600.0,379200.0,609,200000,Personal,36,17.46,2,0
Applicant_1523,48,Female,Married,0,Freelancer,25,67400.0,808800.0,484,300000,Personal,60,14.57,0,0
Applicant_1524,25,Female,Married,1,Self-Employed,6,18500.0,222000.0,598,200000,Business,120,13.03,0,0
Applicant_1525,33,Female,Married,0,Self-Employed,1,48200.0,578400.0,538,100000,Personal,12,13.76,1,0
Applicant_1526,37,Male,Married,4,Salaried,15,66800.0,801600.0,705,150000,Education,240,16.16,2,0
Applicant_1527,60,Female,Married,0,Salaried,7,60500.0,726000.0,749,150000,Personal,12,13.81,5,0
Applicant_1528,52,Male,Married,3,Salaried,14,45900.0,550800.0,724,300000,Vehicle,120,7.82,2,0
Applicant_1529,49,Female,Married,0,Salaried,24,109000.0,1308000.0,684,250000,Personal,24,14.52,0,0
Applicant_1530,23,Male,Divorced,3,Freelancer,5,17100.0,205200.0,564,250000,Personal,12,13.0,1,1
Applicant_1531,60,Male,Married,0,Salaried,40,131600.0,1579200.0,670,200000,Vehicle,36,17.61,0,0
Applicant_1532,54,Male,Married,0,Salaried,14,69800.0,837600.0,729,200000,Personal,24,14.94,0,0
Applicant_1533,60,Male,Single,0,Self-Employed,24,80200.0,962400.0,591,750000,Vehicle,24,10.46,1,0
Applicant_1534,47,Female,Married,0,Self-Employed,6,42900.0,514800.0,661,400000,Home,24,8.06,1,0
Applicant_1535,33,Male,Single,3,Salaried,9,48400.0,580800.0,635,500000,Personal,120,12.05,0,0
Applicant_1536,53,Male,Single,2,Salaried,7,73400.0,880800.0,816,200000,Home,180,14.31,5,0
Applicant_1537,26,Male,Single,1,Unemployed,0,5200.0,62400.0,735,150000,Personal,36,8.54,2,1
Applicant_1538,44,Female,Married,4,Salaried,17,55000.0,660000.0,710,50000,Home,48,13.97,0,0
Applicant_1539,39,Male,Married,1,Freelancer,20,59200.0,710400.0,478,750000,Home,240,15.99,0,0
Applicant_1540,36,Other,Married,4,Salaried,15,71900.0,862800.0,667,750000,Home,240,8.31,3,1
Applicant_1541,60,Female,Married,0,Self-Employed,2,52500.0,630000.0,634,100000,Education,12,14.62,4,0
Applicant_1542,48,Female,Married,3,Salaried,0,30900.0,370800.0,633,200000,Home,12,7.28,2,0
Applicant_1543,53,Female,Married,0,Freelancer,12,40900.0,490800.0,493,200000,Business,48,6.59,1,0
Applicant_1544,61,Male,Married,1,Salaried,31,102400.0,1228800.0,541,50000,Home,24,6.88,3,0
Applicant_1545,33,Male,Married,1,Salaried,11,75100.0,901200.0,643,100000,Personal,240,13.76,4,0
Applicant_1546,63,Female,Married,1,Salaried,30,79500.0,954000.0,761,500000,Home,60,17.69,0,0
Applicant_1547,45,Male,Married,2,Freelancer,8,48600.0,583200.0,590,300000,Home,36,15.37,3,1
Applicant_1548,62,Male,Married,1,Freelancer,1,20000.0,240000.0,610,50000,Vehicle,24,9.43,3,0
Applicant_1549,56,Female,Married,4,Salaried,7,49100.0,589200.0,828,400000,Business,24,7.32,1,0
Applicant_1550,47,Male,Divorced,4,Salaried,26,122000.0,1464000.0,620,400000,Business,24,13.59,0,0
Applicant_1551,58,Female,Single,4,Freelancer,24,70100.0,841200.0,637,300000,Personal,12,6.54,2,0
Applicant_1552,27,Male,Single,4,Freelancer,4,44300.0,531600.0,638,500000,Home,120,15.61,0,0
Applicant_1553,25,Female,Married,2,Self-Employed,4,53800.0,645600.0,515,250000,Home,120,9.3,0,0
Applicant_1554,63,Male,Single,4,Unemployed,0,5000.0,60000.0,707,100000,Personal,180,9.94,5,1
Applicant_1555,51,Female,Married,3,Salaried,1,14300.0,171600.0,584,200000,Business,120,10.46,1,1
Applicant_1556,43,Male,Single,1,Salaried,9,70300.0,843600.0,646,500000,Vehicle,12,15.28,1,0
Applicant_1557,62,Male,Married,2,Salaried,37,97700.0,1172400.0,694,500000,Education,120,9.56,0,0
Applicant_1558,30,Female,Single,3,Self-Employed,6,22000.0,264000.0,844,250000,Education,60,9.77,1,0
Applicant_1559,52,Male,Married,2,Salaried,2,59400.0,712800.0,518,300000,Home,36,12.72,2,1
Applicant_1560,63,Male,Married,1,Salaried,37,98700.0,1184400.0,736,750000,Business,180,11.82,0,0
Applicant_1561,50,Male,Single,0,Salaried,21,70400.0,844800.0,736,1000000,Education,24,17.49,1,0
Applicant_1562,59,Female,Married,3,Self-Employed,39,142600.0,1711200.0,586,1000000,Personal,240,9.53,0,0
Applicant_1563,51,Male,Single,4,Salaried,32,79100.0,949200.0,709,1000000,Vehicle,180,7.56,1,0
Applicant_1564,38,Female,Married,1,Salaried,19,59200.0,710400.0,814,100000,Business,120,12.72,3,0
Applicant_1565,56,Male,Divorced,0,Unemployed,0,5000.0,60000.0,573,250000,Home,180,8.62,0,1
Applicant_1566,22,Male,Single,1,Salaried,0,36400.0,436800.0,674,750000,Home,180,11.26,0,1
Applicant_1567,34,Female,Divorced,2,Salaried,2,30600.0,367200.0,690,150000,Business,12,8.65,1,0
Applicant_1568,33,Female,Married,1,Self-Employed,7,31600.0,379200.0,703,300000,Personal,48,16.63,2,1
Applicant_1569,49,Female,Divorced,2,Freelancer,5,57600.0,691200.0,726,200000,Business,12,10.27,1,0
Applicant_1570,32,Other,Married,4,Self-Employed,0,38900.0,466800.0,666,200000,Home,24,15.41,2,0
Applicant_1571,59,Male,Single,2,Salaried,12,72800.0,873600.0,701,150000,Vehicle,24,17.41,0,0
Applicant_1572,22,Male,Married,1,Freelancer,0,22900.0,274800.0,558,1000000,Business,12,17.32,1,1
Applicant_1573,52,Male,Single,4,Self-Employed,20,79300.0,951600.0,666,50000,Vehicle,240,12.54,0,0
Applicant_1574,33,Female,Single,2,Salaried,15,84000.0,1008000.0,602,500000,Education,48,17.81,0,0
Applicant_1575,47,Female,Single,0,Self-Employed,16,52100.0,625200.0,527,250000,Education,48,14.04,1,0
Applicant_1576,61,Male,Single,1,Self-Employed,31,101000.0,1212000.0,599,100000,Home,180,7.98,1,0
Applicant_1577,37,Male,Married,2,Self-Employed,0,45400.0,544800.0,676,50000,Vehicle,24,16.72,0,0
Applicant_1578,60,Male,Married,3,Unemployed,0,28200.0,338400.0,693,50000,Home,180,11.89,0,1
Applicant_1579,51,Female,Divorced,4,Self-Employed,7,78200.0,938400.0,523,200000,Home,12,8.26,2,0
Applicant_1580,54,Male,Single,1,Freelancer,0,26000.0,312000.0,556,200000,Home,240,15.6,1,1
Applicant_1581,44,Male,Divorced,0,Self-Employed,1,54100.0,649200.0,722,300000,Business,36,13.68,0,0
Applicant_1582,55,Male,Divorced,0,Salaried,36,71900.0,862800.0,700,400000,Vehicle,240,16.64,0,0
Applicant_1583,26,Female,Single,2,Self-Employed,7,72300.0,867600.0,738,50000,Business,36,16.01,2,0
Applicant_1584,39,Female,Married,2,Salaried,19,67100.0,805200.0,786,1000000,Personal,24,10.18,0,0
Applicant_1585,50,Female,Married,1,Salaried,20,76400.0,916800.0,703,100000,Vehicle,48,9.45,1,0
Applicant_1586,27,Male,Married,1,Freelancer,9,49600.0,595200.0,608,150000,Home,36,14.94,1,0
Applicant_1587,30,Male,Married,4,Self-Employed,4,40700.0,488400.0,661,750000,Vehicle,12,13.09,3,1
Applicant_1588,61,Female,Married,3,Salaried,34,110900.0,1330800.0,815,200000,Personal,180,7.3,3,0
Applicant_1589,52,Other,Married,0,Salaried,14,91800.0,1101600.0,900,300000,Personal,60,8.59,2,0
Applicant_1590,54,Male,Single,2,Salaried,29,92200.0,1106400.0,696,100000,Home,60,8.24,1,0
Applicant_1591,48,Male,Married,2,Freelancer,3,14700.0,176400.0,703,100000,Home,48,13.28,2,0
Applicant_1592,35,Male,Single,0,Salaried,10,87200.0,1046400.0,722,100000,Education,120,7.49,2,0
Applicant_1593,50,Male,Married,1,Self-Employed,14,70900.0,850800.0,652,250000,Home,60,8.89,1,0
Applicant_1594,57,Female,Married,0,Self-Employed,22,107800.0,1293600.0,766,750000,Personal,12,12.77,4,0
Applicant_1595,49,Male,Married,0,Self-Employed,8,64000.0,768000.0,750,300000,Home,120,8.03,5,0
Applicant_1596,42,Male,Divorced,2,Salaried,14,48100.0,577200.0,685,750000,Home,24,9.36,1,1
Applicant_1597,24,Male,Married,1,Salaried,1,51700.0,620400.0,618,300000,Vehicle,24,16.93,3,1
Applicant_1598,40,Male,Married,1,Freelancer,11,32200.0,386400.0,497,750000,Vehicle,12,14.52,1,1
Applicant_1599,52,Male,Married,1,Freelancer,17,59100.0,709200.0,723,250000,Vehicle,24,10.03,1,0
Applicant_1600,56,Male,Divorced,0,Self-Employed,5,43900.0,526800.0,671,50000,Personal,12,16.59,1,0
Applicant_1601,24,Male,Married,2,Self-Employed,1,12700.0,152400.0,576,300000,Business,12,9.38,0,1
Applicant_1602,47,Female,Single,1,Salaried,24,75800.0,909600.0,537,200000,Business,60,13.27,4,0
Applicant_1603,37,Male,Divorced,1,Salaried,17,107100.0,1285200.0,716,750000,Personal,120,10.74,2,0
Applicant_1604,32,Male,Married,4,Freelancer,5,38600.0,463200.0,489,300000,Education,60,15.15,1,1
Applicant_1605,42,Other,Single,1,Freelancer,23,68400.0,820800.0,679,50000,Home,48,10.77,3,0
Applicant_1606,37,Female,Married,2,Self-Employed,5,72200.0,866400.0,734,300000,Home,60,9.36,2,0
Applicant_1607,30,Female,Married,1,Self-Employed,11,51100.0,613200.0,704,150000,Business,24,13.49,0,0
Applicant_1608,21,Male,Married,3,Salaried,2,42600.0,511200.0,610,150000,Personal,120,15.07,0,0
Applicant_1609,42,Male,Married,3,Salaried,18,90900.0,1090800.0,525,400000,Personal,60,12.67,3,0
Applicant_1610,46,Male,Married,0,Self-Employed,4,37000.0,444000.0,708,100000,Home,12,14.74,3,0
Applicant_1611,38,Male,Married,2,Unemployed,0,5000.0,60000.0,770,750000,Education,60,11.35,5,1
Applicant_1612,34,Male,Married,0,Salaried,3,12200.0,146400.0,592,750000,Business,240,15.65,0,1
Applicant_1613,49,Female,Single,4,Salaried,31,88000.0,1056000.0,700,400000,Personal,24,13.23,1,0
Applicant_1614,32,Male,Single,1,Salaried,0,25800.0,309600.0,808,750000,Personal,48,8.76,2,1
Applicant_1615,56,Male,Married,3,Salaried,9,60400.0,724800.0,683,300000,Education,120,16.74,2,0
Applicant_1616,55,Female,Married,1,Self-Employed,11,47800.0,573600.0,610,750000,Personal,36,16.12,2,1
Applicant_1617,32,Male,Single,2,Unemployed,0,37400.0,448800.0,754,1000000,Vehicle,120,17.58,0,1
Applicant_1618,27,Female,Married,4,Freelancer,4,17100.0,205200.0,576,100000,Vehicle,12,13.04,0,0
Applicant_1619,49,Female,Single,3,Freelancer,6,58000.0,696000.0,520,250000,Home,24,14.27,0,0
Applicant_1620,31,Female,Married,0,Self-Employed,11,60300.0,723600.0,731,300000,Personal,24,16.43,1,0
Applicant_1621,53,Other,Single,1,Self-Employed,22,91100.0,1093200.0,609,300000,Education,180,7.1,1,0
Applicant_1622,26,Male,Single,1,Unemployed,0,16200.0,194400.0,618,200000,Personal,36,16.99,4,1
Applicant_1623,35,Male,Single,1,Salaried,1,8700.0,104400.0,587,200000,Personal,48,9.62,0,1
Applicant_1624,52,Female,Married,1,Unemployed,0,5000.0,60000.0,602,250000,Home,240,7.16,1,1
Applicant_1625,31,Female,Married,1,Freelancer,13,47100.0,565200.0,790,300000,Business,12,9.23,5,1
Applicant_1626,43,Male,Single,1,Salaried,19,61000.0,732000.0,816,500000,Personal,48,13.24,1,0
Applicant_1627,46,Female,Divorced,0,Self-Employed,16,73900.0,886800.0,829,1000000,Vehicle,240,7.05,0,0
Applicant_1628,54,Male,Single,1,Salaried,36,137700.0,1652400.0,759,50000,Home,36,6.51,0,0
Applicant_1629,54,Female,Married,0,Salaried,4,7900.0,94800.0,696,500000,Home,12,13.85,2,1
Applicant_1630,49,Male,Divorced,0,Salaried,19,70000.0,840000.0,506,100000,Personal,60,11.71,0,0
Applicant_1631,24,Male,Married,2,Freelancer,1,8300.0,99600.0,631,400000,Personal,48,16.21,5,1
Applicant_1632,37,Female,Married,0,Freelancer,11,48100.0,577200.0,865,200000,Personal,60,9.46,2,0
Applicant_1633,55,Male,Single,1,Salaried,5,45100.0,541200.0,606,500000,Vehicle,12,9.73,2,0
Applicant_1634,33,Male,Married,1,Salaried,12,54900.0,658800.0,801,300000,Personal,36,7.39,1,0
Applicant_1635,61,Male,Married,1,Self-Employed,9,63300.0,759600.0,655,250000,Personal,240,12.69,5,0
Applicant_1636,59,Other,Married,2,Salaried,15,94500.0,1134000.0,382,1000000,Vehicle,60,10.71,2,1
Applicant_1637,35,Female,Single,1,Self-Employed,1,76900.0,922800.0,714,1000000,Personal,240,10.41,2,0
Applicant_1638,49,Female,Married,0,Self-Employed,30,83900.0,1006800.0,776,250000,Education,240,11.76,3,0
Applicant_1639,49,Female,Married,3,Self-Employed,3,13700.0,164400.0,645,200000,Business,60,16.27,3,1
Applicant_1640,31,Female,Divorced,4,Salaried,8,64400.0,772800.0,773,150000,Personal,24,7.71,0,0
Applicant_1641,52,Male,Single,0,Self-Employed,4,67200.0,806400.0,483,150000,Education,12,12.52,0,0
Applicant_1642,22,Male,Married,1,Salaried,0,52200.0,626400.0,511,150000,Education,120,8.76,0,0
Applicant_1643,34,Female,Single,1,Salaried,10,84100.0,1009200.0,670,400000,Education,36,8.94,0,0
Applicant_1644,40,Male,Married,0,Salaried,18,72600.0,871200.0,697,500000,Home,240,9.45,4,0
Applicant_1645,42,Male,Single,1,Salaried,24,78900.0,946800.0,785,500000,Vehicle,24,11.78,1,0
Applicant_1646,31,Male,Married,2,Freelancer,6,38700.0,464400.0,713,100000,Home,48,12.19,1,0
Applicant_1647,47,Male,Married,0,Self-Employed,2,34000.0,408000.0,530,150000,Home,36,16.52,0,1
Applicant_1648,23,Female,Single,3,Self-Employed,0,44900.0,538800.0,671,100000,Personal,180,16.76,5,0
Applicant_1649,37,Male,Single,1,Self-Employed,3,55500.0,666000.0,710,300000,Business,24,13.25,3,0
Applicant_1650,64,Female,Single,1,Salaried,40,135700.0,1628400.0,462,150000,Business,180,9.74,2,0
Applicant_1651,48,Male,Divorced,2,Salaried,27,101700.0,1220400.0,645,300000,Education,48,15.91,3,0
Applicant_1652,49,Male,Divorced,0,Freelancer,15,58700.0,704400.0,616,200000,Vehicle,180,15.62,3,0
Applicant_1653,41,Male,Married,1,Salaried,6,63900.0,766800.0,584,1000000,Personal,36,15.68,2,1
Applicant_1654,36,Female,Single,1,Self-Employed,4,13600.0,163200.0,699,1000000,Personal,24,6.69,0,1
Applicant_1655,57,Female,Married,1,Salaried,12,67200.0,806400.0,535,300000,Business,36,15.17,2,0
Applicant_1656,40,Female,Married,1,Unemployed,0,5800.0,69600.0,691,150000,Home,60,16.31,2,1
Applicant_1657,26,Female,Divorced,0,Unemployed,0,8200.0,98400.0,705,250000,Vehicle,240,13.46,2,1
Applicant_1658,39,Female,Married,0,Salaried,10,58700.0,704400.0,758,500000,Personal,24,15.14,1,0
Applicant_1659,25,Female,Married,0,Self-Employed,5,51500.0,618000.0,537,150000,Vehicle,60,15.43,5,0
Applicant_1660,23,Female,Divorced,4,Salaried,5,41400.0,496800.0,499,750000,Home,24,12.33,2,1
Applicant_1661,21,Female,Married,0,Self-Employed,0,51900.0,622800.0,677,750000,Vehicle,60,15.86,2,1
Applicant_1662,58,Male,Single,0,Salaried,22,91100.0,1093200.0,621,400000,Personal,180,15.61,3,0
Applicant_1663,35,Male,Single,4,Salaried,11,64300.0,771600.0,900,500000,Personal,12,17.04,1,0
Applicant_1664,54,Female,Married,2,Salaried,20,69500.0,834000.0,695,750000,Personal,60,17.1,1,0
Applicant_1665,55,Female,Married,1,Unemployed,0,17200.0,206400.0,655,50000,Vehicle,12,12.59,1,1
Applicant_1666,45,Male,Single,0,Freelancer,18,64100.0,769200.0,632,400000,Personal,240,6.86,2,0
Applicant_1667,44,Female,Single,2,Salaried,4,36700.0,440400.0,528,1000000,Personal,120,6.72,0,1
Applicant_1668,32,Other,Married,0,Self-Employed,7,48200.0,578400.0,706,150000,Business,36,17.3,2,0
Applicant_1669,38,Male,Married,2,Salaried,7,63400.0,760800.0,642,300000,Education,180,10.38,3,0
Applicant_1670,35,Female,Single,4,Salaried,1,50300.0,603600.0,642,750000,Education,48,10.84,2,1
Applicant_1671,64,Male,Married,1,Freelancer,33,98300.0,1179600.0,659,1000000,Business,48,11.9,1,0
Applicant_1672,36,Male,Married,0,Salaried,2,45400.0,544800.0,672,500000,Home,48,9.56,0,0
Applicant_1673,47,Male,Married,2,Self-Employed,23,96400.0,1156800.0,476,100000,Business,12,13.29,4,1
Applicant_1674,28,Male,Single,1,Salaried,3,64600.0,775200.0,733,200000,Personal,48,15.52,3,0
Applicant_1675,45,Female,Married,1,Salaried,25,101100.0,1213200.0,565,250000,Personal,48,9.46,1,0
Applicant_1676,37,Male,Married,1,Self-Employed,17,60200.0,722400.0,636,1000000,Home,60,15.05,2,1
Applicant_1677,49,Male,Single,2,Unemployed,0,5000.0,60000.0,778,300000,Business,120,14.23,1,1
Applicant_1678,28,Male,Married,2,Freelancer,4,24800.0,297600.0,827,400000,Business,240,12.54,0,0
Applicant_1679,35,Male,Married,4,Salaried,16,101300.0,1215600.0,479,200000,Personal,48,10.24,0,0
Applicant_1680,47,Male,Single,3,Freelancer,13,55200.0,662400.0,653,200000,Education,12,16.54,0,0
Applicant_1681,27,Female,Married,0,Unemployed,0,36900.0,442800.0,677,250000,Home,60,11.13,1,1
Applicant_1682,23,Male,Single,2,Salaried,0,38200.0,458400.0,499,750000,Business,12,10.81,2,1
Applicant_1683,49,Female,Single,0,Salaried,13,62100.0,745200.0,730,750000,Personal,24,13.88,1,0
Applicant_1684,64,Female,Married,2,Salaried,40,118900.0,1426800.0,661,50000,Home,48,17.08,1,0
Applicant_1685,44,Male,Single,0,Salaried,4,46600.0,559200.0,669,250000,Business,240,12.34,0,0
Applicant_1686,23,Female,Divorced,1,Self-Employed,5,33400.0,400800.0,558,250000,Vehicle,12,14.81,3,0
Applicant_1687,40,Male,Married,2,Salaried,3,28800.0,345600.0,691,400000,Home,12,11.75,0,1
Applicant_1688,35,Male,Single,0,Salaried,0,47500.0,570000.0,733,500000,Business,240,9.02,2,0
Applicant_1689,45,Male,Single,3,Salaried,2,59800.0,717600.0,662,150000,Vehicle,240,7.93,1,0
Applicant_1690,50,Male,Married,2,Self-Employed,19,109700.0,1316400.0,598,50000,Vehicle,240,8.07,0,0
Applicant_1691,34,Male,Married,1,Self-Employed,10,48500.0,582000.0,606,100000,Home,60,6.75,1,0
Applicant_1692,27,Female,Single,1,Self-Employed,4,37700.0,452400.0,672,300000,Education,24,12.86,3,1
Applicant_1693,37,Male,Single,4,Salaried,9,46400.0,556800.0,654,300000,Vehicle,24,8.01,1,0
Applicant_1694,64,Female,Married,0,Self-Employed,29,109900.0,1318800.0,740,250000,Home,48,16.46,1,0
Applicant_1695,40,Male,Single,2,Salaried,4,60200.0,722400.0,601,250000,Personal,180,17.8,0,0
Applicant_1696,56,Female,Married,2,Unemployed,0,5000.0,60000.0,528,750000,Personal,120,12.2,2,1
Applicant_1697,29,Male,Married,4,Salaried,9,44500.0,534000.0,685,400000,Personal,36,11.67,3,0
Applicant_1698,58,Male,Married,2,Salaried,23,100300.0,1203600.0,602,300000,Education,36,10.5,2,0
Applicant_1699,42,Male,Single,2,Salaried,12,69700.0,836400.0,728,400000,Vehicle,240,13.84,0,0
Applicant_1700,22,Male,Single,3,Salaried,4,59400.0,712800.0,650,150000,Education,60,13.49,2,0
Applicant_1701,44,Male,Married,3,Salaried,18,62800.0,753600.0,715,400000,Personal,180,10.45,0,0
Applicant_1702,28,Female,Single,2,Self-Employed,6,18800.0,225600.0,548,150000,Personal,48,10.45,3,1
Applicant_1703,31,Male,Single,0,Freelancer,13,37900.0,454800.0,664,500000,Education,60,13.92,4,1
Applicant_1704,33,Female,Married,1,Salaried,15,80300.0,963600.0,580,1000000,Home,120,12.88,2,1
Applicant_1705,37,Female,Single,2,Self-Employed,5,76700.0,920400.0,527,1000000,Vehicle,48,14.76,4,1
Applicant_1706,28,Female,Married,1,Self-Employed,9,46600.0,559200.0,563,750000,Personal,24,17.33,0,1
Applicant_1707,41,Male,Married,1,Salaried,9,92100.0,1105200.0,595,150000,Personal,240,15.47,0,0
Applicant_1708,38,Male,Married,0,Salaried,10,72400.0,868800.0,774,400000,Business,36,10.0,1,0
Applicant_1709,50,Female,Divorced,2,Salaried,9,37100.0,445200.0,592,500000,Home,12,15.23,3,1
Applicant_1710,38,Female,Married,0,Freelancer,13,54200.0,650400.0,522,150000,Business,36,11.68,1,0
Applicant_1711,51,Male,Single,0,Freelancer,12,62000.0,744000.0,663,300000,Home,48,15.44,1,0
Applicant_1712,58,Male,Married,1,Salaried,10,23600.0,283200.0,652,400000,Business,240,16.7,0,1
Applicant_1713,52,Male,Married,2,Salaried,10,69700.0,836400.0,600,200000,Home,180,9.37,3,0
Applicant_1714,31,Female,Married,1,Freelancer,13,68600.0,823200.0,633,300000,Business,240,9.24,0,0
Applicant_1715,45,Female,Single,0,Self-Employed,16,73000.0,876000.0,747,400000,Personal,120,11.48,1,0
Applicant_1716,53,Male,Divorced,0,Freelancer,15,54100.0,649200.0,717,400000,Education,36,7.09,0,0
Applicant_1717,58,Female,Married,1,Salaried,32,101400.0,1216800.0,708,50000,Education,12,14.39,0,0
Applicant_1718,61,Female,Married,2,Unemployed,0,5000.0,60000.0,531,100000,Home,24,15.12,0,1
Applicant_1719,28,Male,Married,2,Freelancer,8,23400.0,280800.0,900,50000,Vehicle,24,10.47,1,0
Applicant_1720,31,Female,Married,0,Salaried,8,45700.0,548400.0,755,750000,Home,48,11.85,1,1
Applicant_1721,42,Female,Married,1,Self-Employed,9,46800.0,561600.0,701,400000,Personal,36,13.29,1,0
Applicant_1722,44,Male,Married,3,Salaried,18,77700.0,932400.0,533,400000,Home,48,7.35,2,0
Applicant_1723,61,Female,Single,0,Salaried,14,59600.0,715200.0,744,150000,Vehicle,36,14.68,4,0
Applicant_1724,37,Male,Single,1,Self-Employed,15,52000.0,624000.0,599,250000,Personal,180,12.56,0,0
Applicant_1725,32,Male,Married,1,Salaried,10,71400.0,856800.0,630,100000,Home,60,13.68,0,0
Applicant_1726,52,Male,Married,0,Self-Employed,26,92600.0,1111200.0,481,250000,Personal,48,14.82,1,0
Applicant_1727,35,Male,Divorced,0,Salaried,16,63900.0,766800.0,525,500000,Vehicle,36,14.27,1,0
Applicant_1728,36,Male,Single,2,Self-Employed,18,78600.0,943200.0,693,1000000,Personal,60,7.6,0,0
Applicant_1729,42,Male,Single,0,Salaried,12,57200.0,686400.0,750,150000,Personal,180,15.5,2,0
Applicant_1730,48,Female,Single,0,Freelancer,5,35900.0,430800.0,718,200000,Education,48,13.52,2,0
Applicant_1731,40,Male,Married,1,Salaried,14,82600.0,991200.0,715,500000,Home,180,14.72,2,0
Applicant_1732,53,Female,Married,0,Salaried,35,100900.0,1210800.0,643,100000,Home,24,9.51,1,0
Applicant_1733,30,Male,Single,1,Self-Employed,7,31400.0,376800.0,609,50000,Personal,240,9.05,1,0
Applicant_1734,60,Female,Married,0,Salaried,24,85800.0,1029600.0,678,150000,Business,120,16.0,3,0
Applicant_1735,52,Female,Married,1,Salaried,6,31500.0,378000.0,732,100000,Vehicle,60,10.99,0,0
Applicant_1736,53,Male,Single,2,Salaried,16,67800.0,813600.0,650,1000000,Business,180,13.12,1,1
Applicant_1737,22,Female,Married,2,Unemployed,0,5000.0,60000.0,771,100000,Home,48,12.84,0,1
Applicant_1738,53,Male,Married,1,Salaried,29,61000.0,732000.0,628,200000,Business,12,13.23,2,0
Applicant_1739,53,Female,Single,0,Freelancer,1,35000.0,420000.0,551,300000,Personal,120,7.3,3,1
Applicant_1740,61,Male,Single,2,Self-Employed,16,64300.0,771600.0,648,1000000,Personal,24,9.98,0,0
Applicant_1741,33,Female,Single,0,Salaried,8,73700.0,884400.0,660,1000000,Personal,120,7.26,2,1
Applicant_1742,50,Female,Married,0,Self-Employed,3,44200.0,530400.0,641,250000,Home,120,12.02,3,1
Applicant_1743,53,Male,Married,2,Freelancer,25,86000.0,1032000.0,778,200000,Home,60,16.87,1,0
Applicant_1744,33,Male,Married,3,Self-Employed,13,78900.0,946800.0,730,500000,Personal,36,10.98,1,0
Applicant_1745,46,Female,Single,1,Freelancer,7,37000.0,444000.0,506,250000,Home,12,15.5,5,1
Applicant_1746,42,Male,Married,0,Salaried,4,48000.0,576000.0,803,100000,Personal,36,9.8,0,0
Applicant_1747,59,Male,Divorced,3,Self-Employed,4,19400.0,232800.0,375,200000,Education,240,16.35,0,1
Applicant_1748,22,Male,Married,0,Salaried,4,66600.0,799200.0,865,400000,Vehicle,120,11.32,4,0
Applicant_1749,58,Male,Divorced,3,Salaried,26,89800.0,1077600.0,621,200000,Vehicle,12,10.59,0,0
Applicant_1750,59,Other,Married,1,Self-Employed,4,27900.0,334800.0,631,300000,Vehicle,48,14.52,3,1
Applicant_1751,46,Male,Married,1,Self-Employed,2,50100.0,601200.0,643,100000,Vehicle,180,12.4,1,0
Applicant_1752,35,Male,Married,1,Salaried,5,17300.0,207600.0,688,750000,Vehicle,240,10.38,3,1
Applicant_1753,54,Female,Married,4,Salaried,29,91600.0,1099200.0,649,200000,Business,48,7.17,2,0
Applicant_1754,62,Female,Single,3,Self-Employed,0,48600.0,583200.0,636,50000,Vehicle,36,8.42,1,0
Applicant_1755,64,Male,Married,1,Self-Employed,7,42400.0,508800.0,780,150000,Personal,240,15.38,1,0
Applicant_1756,60,Male,Divorced,2,Salaried,12,53200.0,638400.0,706,400000,Business,120,17.09,0,0
Applicant_1757,31,Female,Married,2,Salaried,3,39800.0,477600.0,554,1000000,Home,36,8.44,0,1
Applicant_1758,23,Female,Single,2,Freelancer,5,5000.0,60000.0,724,750000,Personal,36,13.05,2,1
Applicant_1759,26,Male,Single,3,Freelancer,1,37700.0,452400.0,702,300000,Vehicle,60,6.89,3,1
Applicant_1760,29,Male,Single,0,Salaried,1,40200.0,482400.0,595,200000,Personal,240,9.84,2,1
Applicant_1761,26,Male,Single,1,Salaried,7,49900.0,598800.0,729,100000,Home,120,11.66,4,0
Applicant_1762,29,Male,Married,4,Salaried,0,36000.0,432000.0,634,750000,Personal,24,14.96,4,1
Applicant_1763,59,Male,Divorced,4,Freelancer,39,103200.0,1238400.0,627,500000,Business,36,7.01,3,0
Applicant_1764,51,Female,Single,0,Freelancer,14,62800.0,753600.0,625,400000,Business,48,15.48,4,1
Applicant_1765,52,Male,Single,0,Salaried,9,57200.0,686400.0,407,100000,Personal,180,8.83,0,0
Applicant_1766,61,Female,Married,4,Freelancer,32,68600.0,823200.0,597,100000,Home,120,15.23,2,0
Applicant_1767,32,Male,Single,1,Salaried,14,76600.0,919200.0,721,500000,Vehicle,120,13.69,3,0
Applicant_1768,28,Female,Married,2,Salaried,8,63500.0,762000.0,647,750000,Business,120,10.41,0,1
Applicant_1769,28,Female,Single,0,Unemployed,0,8100.0,97200.0,521,750000,Education,180,14.82,4,1
Applicant_1770,48,Male,Single,3,Freelancer,16,73100.0,877200.0,746,500000,Business,48,9.22,0,0
Applicant_1771,40,Male,Single,0,Freelancer,19,63500.0,762000.0,620,50000,Education,240,9.03,1,0
Applicant_1772,27,Male,Single,0,Self-Employed,8,67700.0,812400.0,527,250000,Education,36,7.21,0,0
Applicant_1773,31,Female,Married,0,Salaried,0,61100.0,733200.0,870,400000,Vehicle,120,11.02,1,0
Applicant_1774,40,Female,Single,3,Freelancer,8,49700.0,596400.0,544,1000000,Vehicle,240,7.62,1,1
Applicant_1775,36,Male,Married,2,Self-Employed,13,49800.0,597600.0,737,300000,Education,120,11.32,2,0
Applicant_1776,24,Male,Married,2,Salaried,4,46000.0,552000.0,573,50000,Home,180,6.61,3,1
Applicant_1777,26,Male,Single,1,Self-Employed,5,63600.0,763200.0,663,1000000,Home,240,8.28,3,1
Applicant_1778,42,Female,Single,3,Freelancer,4,10500.0,126000.0,559,300000,Vehicle,240,17.22,2,1
Applicant_1779,46,Male,Married,2,Unemployed,0,5000.0,60000.0,526,200000,Vehicle,36,15.65,0,1
Applicant_1780,23,Male,Married,2,Self-Employed,3,35900.0,430800.0,702,150000,Personal,180,9.22,1,0
Applicant_1781,61,Male,Divorced,4,Self-Employed,15,52000.0,624000.0,690,200000,Education,48,14.76,3,0
Applicant_1782,62,Male,Single,1,Salaried,9,71100.0,853200.0,764,500000,Education,60,14.19,2,0
Applicant_1783,34,Female,Single,2,Self-Employed,13,66700.0,800400.0,646,300000,Vehicle,120,8.53,2,0
Applicant_1784,31,Male,Single,3,Self-Employed,12,48300.0,579600.0,872,750000,Education,12,10.77,0,0
Applicant_1785,38,Female,Married,2,Salaried,3,55100.0,661200.0,676,250000,Personal,48,17.01,1,0
Applicant_1786,32,Male,Married,2,Freelancer,13,48600.0,583200.0,706,750000,Business,12,15.0,5,1
Applicant_1787,43,Male,Married,0,Unemployed,0,5000.0,60000.0,514,200000,Home,36,15.24,3,1
Applicant_1788,32,Female,Married,2,Salaried,9,47300.0,567600.0,588,200000,Education,24,12.98,0,0
Applicant_1789,33,Other,Single,1,Freelancer,7,45500.0,546000.0,701,300000,Education,36,14.15,1,0
Applicant_1790,45,Female,Married,0,Self-Employed,23,95100.0,1141200.0,641,1000000,Personal,180,12.35,1,0
Applicant_1791,39,Male,Divorced,3,Self-Employed,8,43700.0,524400.0,668,400000,Business,36,15.02,1,0
Applicant_1792,56,Male,Single,1,Freelancer,34,101200.0,1214400.0,568,100000,Personal,36,14.93,1,0
Applicant_1793,28,Female,Married,1,Salaried,9,81700.0,980400.0,662,200000,Home,120,6.86,2,0
Applicant_1794,49,Male,Divorced,2,Freelancer,14,34100.0,409200.0,661,500000,Personal,48,13.77,5,1
Applicant_1795,52,Male,Married,1,Salaried,23,91300.0,1095600.0,531,750000,Home,48,13.74,4,1
Applicant_1796,64,Female,Married,0,Freelancer,30,97500.0,1170000.0,714,250000,Home,24,7.27,4,0
Applicant_1797,38,Female,Single,1,Self-Employed,18,69600.0,835200.0,479,300000,Personal,180,11.22,2,0
Applicant_1798,26,Other,Married,0,Salaried,1,60600.0,727200.0,668,1000000,Vehicle,12,16.84,0,1
Applicant_1799,38,Female,Single,0,Salaried,1,75000.0,900000.0,826,400000,Business,240,17.46,1,0
Applicant_1800,39,Female,Married,0,Salaried,8,61200.0,734400.0,718,400000,Business,180,15.5,1,0
Applicant_1801,42,Male,Single,0,Salaried,3,42500.0,510000.0,717,150000,Business,12,8.24,3,0
Applicant_1802,57,Male,Married,1,Salaried,36,126700.0,1520400.0,560,100000,Vehicle,12,10.81,4,0
Applicant_1803,52,Female,Married,1,Freelancer,33,103600.0,1243200.0,826,1000000,Business,36,8.6,1,0
Applicant_1804,61,Male,Married,3,Freelancer,38,63200.0,758400.0,787,500000,Personal,24,14.0,1,0
Applicant_1805,23,Male,Single,1,Unemployed,0,5000.0,60000.0,565,750000,Education,36,15.39,1,1
Applicant_1806,48,Male,Single,2,Freelancer,18,55100.0,661200.0,602,500000,Home,24,16.66,2,0
Applicant_1807,30,Male,Married,1,Freelancer,5,41000.0,492000.0,775,500000,Personal,60,16.4,0,0
Applicant_1808,55,Female,Married,2,Salaried,22,81100.0,973200.0,829,100000,Vehicle,48,7.64,4,0
Applicant_1809,49,Male,Married,2,Freelancer,15,53700.0,644400.0,523,200000,Personal,120,7.95,1,0
Applicant_1810,35,Male,Single,1,Freelancer,13,38100.0,457200.0,549,300000,Home,120,16.96,5,1
Applicant_1811,53,Male,Married,0,Salaried,5,61000.0,732000.0,635,500000,Personal,120,16.2,0,0
Applicant_1812,27,Female,Married,1,Self-Employed,9,77800.0,933600.0,432,100000,Personal,240,11.79,0,0
Applicant_1813,32,Male,Married,2,Self-Employed,10,42300.0,507600.0,651,500000,Vehicle,36,11.45,1,0
Applicant_1814,50,Male,Married,1,Unemployed,0,5000.0,60000.0,768,50000,Home,60,12.86,3,1
Applicant_1815,41,Female,Married,3,Self-Employed,21,77300.0,927600.0,506,300000,Business,12,13.36,1,0
Applicant_1816,51,Male,Single,0,Unemployed,0,5000.0,60000.0,662,500000,Personal,120,9.42,3,1
Applicant_1817,44,Male,Single,0,Salaried,12,81600.0,979200.0,591,500000,Vehicle,60,11.14,1,0
Applicant_1818,40,Male,Married,2,Salaried,14,49600.0,595200.0,813,400000,Personal,120,13.63,3,0
Applicant_1819,57,Male,Single,3,Unemployed,0,5000.0,60000.0,593,400000,Vehicle,48,8.87,0,1
Applicant_1820,24,Female,Married,1,Salaried,5,17800.0,213600.0,801,1000000,Home,120,17.99,1,1
Applicant_1821,48,Male,Married,2,Salaried,7,74600.0,895200.0,590,750000,Home,48,9.75,0,1
Applicant_1822,64,Female,Married,0,Self-Employed,20,78800.0,945600.0,727,100000,Education,120,12.85,0,0
Applicant_1823,40,Male,Married,2,Freelancer,19,56000.0,672000.0,675,50000,Personal,120,12.87,1,0
Applicant_1824,44,Male,Single,2,Salaried,10,40200.0,482400.0,636,100000,Personal,48,11.69,1,0
Applicant_1825,52,Female,Single,3,Salaried,8,37500.0,450000.0,570,150000,Home,180,9.28,3,0
Applicant_1826,61,Male,Married,0,Self-Employed,11,63200.0,758400.0,682,750000,Personal,240,13.0,2,0
Applicant_1827,56,Male,Single,1,Self-Employed,25,68400.0,820800.0,605,1000000,Personal,120,7.55,1,0
Applicant_1828,54,Male,Married,2,Salaried,2,45600.0,547200.0,581,400000,Personal,60,10.95,5,1
Applicant_1829,56,Male,Married,0,Freelancer,32,119600.0,1435200.0,797,250000,Home,180,9.08,5,0
Applicant_1830,22,Female,Single,2,Self-Employed,4,37800.0,453600.0,704,250000,Vehicle,12,7.93,4,0
Applicant_1831,35,Male,Single,1,Freelancer,10,30600.0,367200.0,714,300000,Personal,36,17.14,2,1
Applicant_1832,54,Female,Married,0,Salaried,32,109700.0,1316400.0,610,100000,Education,120,14.55,1,0
Applicant_1833,56,Female,Married,3,Self-Employed,22,60600.0,727200.0,631,50000,Personal,180,8.44,1,0
Applicant_1834,26,Male,Single,0,Unemployed,0,30800.0,369600.0,625,50000,Education,12,17.42,0,0
Applicant_1835,59,Male,Divorced,4,Self-Employed,9,74100.0,889200.0,683,150000,Personal,240,8.98,2,0
Applicant_1836,62,Male,Married,3,Salaried,27,91500.0,1098000.0,714,50000,Education,180,9.21,2,0
Applicant_1837,32,Female,Divorced,2,Unemployed,0,5000.0,60000.0,646,750000,Vehicle,180,8.03,2,1
Applicant_1838,23,Male,Single,0,Self-Employed,0,28600.0,343200.0,570,1000000,Vehicle,24,14.87,2,1
Applicant_1839,38,Female,Single,3,Freelancer,16,52600.0,631200.0,726,250000,Home,24,13.07,0,0
Applicant_1840,60,Male,Married,2,Salaried,25,95800.0,1149600.0,653,750000,Home,36,7.17,2,0
Applicant_1841,41,Female,Married,0,Self-Employed,3,56600.0,679200.0,505,250000,Home,120,6.79,1,0
Applicant_1842,35,Male,Married,1,Unemployed,0,5000.0,60000.0,436,50000,Personal,120,12.63,1,1
Applicant_1843,53,Female,Married,0,Self-Employed,11,72200.0,866400.0,679,400000,Home,48,13.99,1,0
Applicant_1844,55,Male,Married,4,Salaried,2,53300.0,639600.0,567,400000,Business,36,15.96,0,0
Applicant_1845,46,Male,Single,3,Salaried,17,66400.0,796800.0,693,200000,Personal,60,12.0,4,0
Applicant_1846,28,Male,Married,4,Salaried,7,37700.0,452400.0,572,150000,Personal,240,14.28,0,0
Applicant_1847,56,Male,Married,2,Salaried,23,87700.0,1052400.0,663,50000,Personal,120,14.94,2,0
Applicant_1848,50,Other,Married,1,Self-Employed,18,55100.0,661200.0,612,400000,Vehicle,48,13.55,4,0
Applicant_1849,43,Male,Single,0,Salaried,12,79400.0,952800.0,825,250000,Home,36,10.55,0,0
Applicant_1850,62,Male,Married,0,Salaried,15,53100.0,637200.0,745,1000000,Business,36,8.02,1,1
Applicant_1851,64,Female,Single,0,Salaried,39,126200.0,1514400.0,784,50000,Personal,180,13.95,1,0
Applicant_1852,34,Male,Single,1,Self-Employed,5,43800.0,525600.0,652,50000,Personal,60,15.34,0,0
Applicant_1853,34,Male,Divorced,3,Self-Employed,9,44600.0,535200.0,732,150000,Personal,60,8.68,1,0
Applicant_1854,22,Female,Married,4,Self-Employed,0,33500.0,402000.0,659,150000,Home,12,12.19,1,0
Applicant_1855,57,Male,Married,0,Freelancer,9,59200.0,710400.0,796,100000,Personal,24,11.07,0,0
Applicant_1856,25,Female,Married,2,Salaried,4,30100.0,361200.0,642,500000,Business,36,8.87,1,1
Applicant_1857,58,Male,Single,2,Self-Employed,37,102800.0,1233600.0,510,500000,Home,180,9.32,0,0
Applicant_1858,61,Male,Single,1,Salaried,7,42700.0,512400.0,450,300000,Personal,12,9.23,4,1
Applicant_1859,34,Female,Single,2,Salaried,16,71400.0,856800.0,816,250000,Home,48,11.32,2,0
Applicant_1860,59,Female,Single,1,Self-Employed,1,26700.0,320400.0,697,300000,Personal,48,10.99,0,1
Applicant_1861,45,Male,Married,4,Freelancer,11,20500.0,246000.0,704,50000,Business,24,12.87,3,0
Applicant_1862,40,Female,Married,2,Salaried,19,62200.0,746400.0,798,100000,Personal,48,7.57,1,0
Applicant_1863,22,Male,Married,2,Salaried,1,66600.0,799200.0,484,400000,Education,24,13.18,0,0
Applicant_1864,59,Male,Single,0,Self-Employed,8,54700.0,656400.0,614,50000,Home,48,6.75,0,0
Applicant_1865,26,Female,Married,0,Self-Employed,6,50200.0,602400.0,626,500000,Business,240,9.46,2,0
Applicant_1866,37,Male,Married,1,Salaried,8,51800.0,621600.0,724,150000,Education,48,12.27,0,0
Applicant_1867,45,Male,Married,2,Self-Employed,24,82200.0,986400.0,580,200000,Home,36,14.4,0,0
Applicant_1868,48,Female,Single,4,Unemployed,0,5000.0,60000.0,529,400000,Personal,60,15.37,2,1
Applicant_1869,22,Other,Married,1,Salaried,0,47900.0,574800.0,528,1000000,Home,36,6.91,5,1
Applicant_1870,55,Male,Single,2,Salaried,23,87500.0,1050000.0,764,400000,Business,12,12.68,1,0
Applicant_1871,57,Male,Married,1,Salaried,5,32400.0,388800.0,575,100000,Home,240,10.58,1,0
Applicant_1872,25,Female,Married,0,Self-Employed,5,48800.0,585600.0,594,250000,Personal,60,14.49,4,0
Applicant_1873,21,Female,Single,2,Salaried,2,7100.0,85200.0,713,500000,Education,36,9.76,0,1
Applicant_1874,60,Female,Married,2,Unemployed,0,11200.0,134400.0,580,750000,Personal,60,15.05,0,1
Applicant_1875,32,Male,Single,0,Self-Employed,9,31900.0,382800.0,479,250000,Personal,60,13.43,4,1
Applicant_1876,56,Male,Single,1,Salaried,38,114600.0,1375200.0,491,100000,Business,60,15.58,2,0
Applicant_1877,43,Male,Single,1,Salaried,17,56100.0,673200.0,644,200000,Personal,48,17.82,0,0
Applicant_1878,51,Female,Divorced,0,Self-Employed,32,99000.0,1188000.0,699,250000,Home,60,16.95,2,0
Applicant_1879,31,Female,Married,4,Salaried,12,72700.0,872400.0,629,300000,Home,240,13.32,3,0
Applicant_1880,30,Female,Divorced,2,Unemployed,0,27500.0,330000.0,693,300000,Vehicle,48,16.78,0,1
Applicant_1881,23,Other,Married,0,Salaried,4,24900.0,298800.0,488,50000,Personal,120,8.26,1,0
Applicant_1882,34,Male,Married,0,Salaried,4,62600.0,751200.0,495,300000,Personal,60,6.99,0,1
Applicant_1883,36,Male,Married,4,Self-Employed,5,47000.0,564000.0,875,1000000,Vehicle,48,12.63,2,1
Applicant_1884,30,Male,Single,2,Salaried,5,43200.0,518400.0,773,50000,Home,60,17.71,2,0
Applicant_1885,49,Male,Single,2,Self-Employed,6,58400.0,700800.0,726,250000,Personal,12,14.66,0,0
Applicant_1886,30,Male,Single,0,Salaried,6,48500.0,582000.0,584,400000,Education,36,10.01,2,0
Applicant_1887,32,Male,Married,3,Self-Employed,3,51800.0,621600.0,626,500000,Education,120,14.19,2,1
Applicant_1888,50,Female,Single,1,Self-Employed,25,70100.0,841200.0,649,250000,Home,60,6.96,0,0
Applicant_1889,61,Female,Single,2,Self-Employed,14,53500.0,642000.0,781,100000,Business,12,11.91,2,0
Applicant_1890,21,Male,Single,4,Self-Employed,0,49200.0,590400.0,690,150000,Education,240,9.23,2,0
Applicant_1891,25,Male,Married,0,Salaried,7,76300.0,915600.0,702,400000,Home,240,7.07,1,0
Applicant_1892,40,Male,Married,1,Self-Employed,21,76500.0,918000.0,633,1000000,Home,36,9.37,4,1
Applicant_1893,28,Female,Married,0,Salaried,10,18200.0,218400.0,729,200000,Home,24,14.81,1,0
Applicant_1894,63,Female,Single,1,Self-Employed,12,56000.0,672000.0,680,50000,Vehicle,120,12.84,0,0
Applicant_1895,32,Female,Single,0,Unemployed,0,5500.0,66000.0,654,150000,Personal,120,6.77,2,1
Applicant_1896,21,Male,Married,3,Salaried,3,42500.0,510000.0,575,1000000,Vehicle,60,11.21,2,1
Applicant_1897,40,Male,Married,1,Self-Employed,6,52000.0,624000.0,638,100000,Business,24,15.15,5,1
Applicant_1898,48,Male,Single,2,Salaried,16,64800.0,777600.0,542,750000,Business,36,17.48,0,0
Applicant_1899,63,Female,Married,3,Self-Employed,35,117600.0,1411200.0,645,50000,Education,36,16.56,1,0
Applicant_1900,57,Female,Married,4,Freelancer,38,83500.0,1002000.0,658,750000,Education,60,6.52,1,0
Applicant_1901,57,Female,Single,1,Salaried,24,106600.0,1279200.0,409,1000000,Personal,12,9.02,3,1
Applicant_1902,32,Male,Single,1,Freelancer,1,50300.0,603600.0,626,250000,Personal,60,8.89,1,0
Applicant_1903,57,Female,Single,0,Salaried,20,66300.0,795600.0,532,300000,Personal,240,11.25,3,0
Applicant_1904,64,Female,Married,0,Self-Employed,24,69300.0,831600.0,699,300000,Home,12,13.93,0,0
Applicant_1905,48,Male,Married,2,Self-Employed,24,89200.0,1070400.0,713,300000,Vehicle,180,8.26,1,0
Applicant_1906,35,Male,Married,0,Salaried,13,48200.0,578400.0,607,750000,Home,60,17.03,0,1
Applicant_1907,26,Female,Married,1,Freelancer,7,31600.0,379200.0,704,750000,Home,240,15.44,4,1
Applicant_1908,64,Male,Married,0,Salaried,29,114500.0,1374000.0,709,1000000,Personal,12,11.32,0,0
Applicant_1909,40,Female,Married,2,Freelancer,5,46100.0,553200.0,627,400000,Home,240,13.22,1,1
Applicant_1910,34,Other,Single,1,Self-Employed,6,76700.0,920400.0,803,150000,Home,240,12.73,0,0
Applicant_1911,22,Female,Single,0,Self-Employed,1,39600.0,475200.0,577,400000,Home,48,13.2,4,1
Applicant_1912,29,Female,Single,0,Unemployed,0,5000.0,60000.0,797,250000,Home,12,16.39,2,1
Applicant_1913,57,Female,Married,2,Salaried,24,88800.0,1065600.0,627,750000,Education,12,8.8,5,1
Applicant_1914,40,Female,Single,2,Salaried,3,43700.0,524400.0,565,500000,Education,36,14.36,0,0
Applicant_1915,46,Male,Married,1,Freelancer,12,47000.0,564000.0,614,1000000,Personal,24,7.73,0,1
Applicant_1916,49,Male,Single,3,Salaried,28,95600.0,1147200.0,540,300000,Personal,60,11.78,1,0
Applicant_1917,21,Male,Divorced,0,Self-Employed,1,23000.0,276000.0,728,250000,Personal,36,13.81,2,1
Applicant_1918,55,Female,Single,0,Unemployed,0,9200.0,110400.0,489,1000000,Personal,24,6.64,1,1
Applicant_1919,26,Male,Single,0,Self-Employed,8,29900.0,358800.0,788,100000,Home,36,7.74,2,0
Applicant_1920,57,Male,Divorced,1,Salaried,14,57200.0,686400.0,556,150000,Home,120,7.55,0,0
Applicant_1921,25,Male,Married,2,Salaried,6,50200.0,602400.0,733,150000,Vehicle,36,10.81,2,0
Applicant_1922,53,Female,Divorced,0,Salaried,26,58100.0,697200.0,652,200000,Personal,60,13.65,1,0
Applicant_1923,34,Other,Single,2,Salaried,9,69500.0,834000.0,677,150000,Home,120,17.95,1,0
Applicant_1924,32,Other,Single,1,Salaried,2,13200.0,158400.0,590,400000,Vehicle,48,9.42,2,1
Applicant_1925,62,Male,Married,4,Freelancer,36,107000.0,1284000.0,685,300000,Personal,36,8.06,0,0
Applicant_1926,40,Female,Married,2,Salaried,6,32600.0,391200.0,663,500000,Home,60,11.27,4,1
Applicant_1927,44,Female,Single,2,Unemployed,0,5000.0,60000.0,504,100000,Vehicle,12,8.18,3,1
Applicant_1928,63,Male,Divorced,2,Freelancer,31,94800.0,1137600.0,553,100000,Education,24,6.78,1,0
Applicant_1929,54,Female,Married,4,Unemployed,0,38000.0,456000.0,595,50000,Vehicle,180,12.99,1,1
Applicant_1930,45,Male,Married,4,Salaried,19,79700.0,956400.0,574,250000,Home,60,16.62,0,0
Applicant_1931,49,Female,Married,1,Self-Employed,10,25300.0,303600.0,775,400000,Home,48,16.4,1,0
Applicant_1932,59,Male,Single,1,Salaried,27,108300.0,1299600.0,650,750000,Personal,180,7.66,1,0
Applicant_1933,51,Male,Divorced,1,Salaried,3,42500.0,510000.0,572,250000,Home,60,8.2,1,0
Applicant_1934,63,Female,Divorced,1,Self-Employed,30,96000.0,1152000.0,600,50000,Home,60,12.15,3,0
Applicant_1935,43,Male,Married,1,Freelancer,0,33400.0,400800.0,599,150000,Business,240,10.73,0,0
Applicant_1936,64,Male,Single,0,Salaried,3,12600.0,151200.0,621,500000,Home,12,14.59,0,1
Applicant_1937,58,Female,Single,4,Salaried,25,90100.0,1081200.0,542,150000,Vehicle,24,12.19,1,0
Applicant_1938,40,Male,Married,1,Salaried,20,73900.0,886800.0,568,400000,Personal,180,6.73,2,0
Applicant_1939,43,Female,Single,3,Freelancer,24,91300.0,1095600.0,726,1000000,Vehicle,120,9.77,0,0
Applicant_1940,36,Male,Married,1,Unemployed,0,15900.0,190800.0,668,150000,Personal,24,16.87,1,1
Applicant_1941,62,Female,Single,2,Salaried,35,85600.0,1027200.0,634,100000,Personal,48,12.38,0,0
Applicant_1942,28,Female,Married,1,Salaried,0,58900.0,706800.0,650,1000000,Education,120,15.68,3,1
Applicant_1943,41,Male,Single,2,Unemployed,0,11700.0,140400.0,645,300000,Personal,120,11.13,1,1
Applicant_1944,21,Female,Married,1,Salaried,2,20800.0,249600.0,629,100000,Education,24,14.29,3,0
Applicant_1945,28,Female,Married,1,Self-Employed,10,55800.0,669600.0,701,1000000,Home,12,8.44,1,1
Applicant_1946,49,Female,Married,3,Salaried,24,103500.0,1242000.0,694,250000,Home,48,14.97,3,0
Applicant_1947,52,Female,Married,0,Salaried,22,65800.0,789600.0,492,250000,Home,12,15.55,2,0
Applicant_1948,58,Female,Single,1,Self-Employed,34,123700.0,1484400.0,636,250000,Education,12,7.54,3,0
Applicant_1949,25,Male,Married,0,Freelancer,3,8300.0,99600.0,499,300000,Business,120,8.61,3,1
Applicant_1950,42,Male,Married,3,Salaried,9,46100.0,553200.0,713,150000,Home,60,11.82,1,0
Applicant_1951,54,Female,Married,0,Salaried,12,49900.0,598800.0,726,1000000,Education,60,13.83,1,1
Applicant_1952,21,Male,Divorced,2,Salaried,0,60700.0,728400.0,588,250000,Vehicle,60,13.83,3,1
Applicant_1953,46,Male,Married,0,Self-Employed,11,49600.0,595200.0,638,500000,Personal,120,14.18,1,1
Applicant_1954,63,Male,Married,1,Freelancer,39,85600.0,1027200.0,438,200000,Vehicle,180,14.72,0,0
Applicant_1955,30,Male,Single,3,Freelancer,9,49700.0,596400.0,747,250000,Vehicle,36,12.32,3,0
Applicant_1956,50,Male,Married,0,Salaried,22,93900.0,1126800.0,720,50000,Home,12,13.11,1,0
Applicant_1957,38,Other,Married,2,Freelancer,16,67000.0,804000.0,765,50000,Vehicle,24,6.6,0,0
Applicant_1958,37,Male,Single,0,Salaried,18,71900.0,862800.0,798,500000,Home,48,8.42,2,0
Applicant_1959,46,Male,Married,1,Salaried,19,81800.0,981600.0,527,100000,Vehicle,36,12.23,4,0
Applicant_1960,28,Other,Single,1,Freelancer,7,29200.0,350400.0,738,1000000,Personal,60,15.07,3,1
Applicant_1961,60,Other,Married,2,Salaried,27,119100.0,1429200.0,797,1000000,Personal,120,15.8,2,0
Applicant_1962,32,Male,Married,2,Salaried,4,65200.0,782400.0,500,400000,Business,180,14.88,0,1
Applicant_1963,47,Male,Married,2,Salaried,20,96200.0,1154400.0,632,400000,Vehicle,36,12.09,2,0
Applicant_1964,28,Female,Divorced,0,Self-Employed,0,46900.0,562800.0,613,750000,Personal,120,9.73,2,1
Applicant_1965,45,Female,Married,1,Self-Employed,5,52800.0,633600.0,735,50000,Personal,36,11.61,0,0
Applicant_1966,24,Female,Married,0,Salaried,5,31300.0,375600.0,410,100000,Home,12,6.61,4,1
Applicant_1967,53,Female,Single,2,Freelancer,16,66500.0,798000.0,831,50000,Business,12,13.38,0,0
Applicant_1968,21,Female,Married,3,Freelancer,1,28700.0,344400.0,638,50000,Home,120,7.36,1,0
Applicant_1969,39,Male,Married,0,Freelancer,4,52000.0,624000.0,741,200000,Business,24,8.17,0,0
Applicant_1970,51,Female,Married,0,Self-Employed,12,71100.0,853200.0,643,500000,Personal,48,13.7,4,1
Applicant_1971,36,Male,Single,0,Salaried,15,78300.0,939600.0,699,1000000,Education,48,6.65,0,0
Applicant_1972,34,Female,Married,4,Salaried,8,30700.0,368400.0,417,500000,Personal,60,13.1,1,1
Applicant_1973,25,Female,Single,3,Self-Employed,3,39700.0,476400.0,611,750000,Business,24,13.84,3,1
Applicant_1974,61,Male,Married,1,Freelancer,25,66600.0,799200.0,734,100000,Vehicle,240,15.57,0,0
Applicant_1975,46,Male,Married,1,Unemployed,0,8800.0,105600.0,678,400000,Education,48,7.28,0,1
Applicant_1976,48,Male,Married,0,Salaried,12,57800.0,693600.0,486,200000,Vehicle,180,6.53,0,0
Applicant_1977,22,Male,Married,2,Salaried,2,39900.0,478800.0,656,150000,Vehicle,36,15.32,1,0
Applicant_1978,26,Female,Married,2,Salaried,0,46900.0,562800.0,568,200000,Business,240,9.84,1,0
Applicant_1979,29,Male,Married,1,Salaried,7,47500.0,570000.0,559,200000,Vehicle,36,16.7,2,0
Applicant_1980,53,Female,Married,3,Self-Employed,14,64800.0,777600.0,497,150000,Personal,48,8.63,0,0
Applicant_1981,61,Male,Married,1,Unemployed,0,5000.0,60000.0,711,750000,Home,36,13.23,2,1
Applicant_1982,45,Female,Single,0,Self-Employed,11,44500.0,534000.0,761,500000,Personal,120,7.76,5,1
Applicant_1983,33,Female,Single,2,Self-Employed,4,52800.0,633600.0,862,1000000,Business,36,11.13,3,1
Applicant_1984,29,Female,Married,1,Self-Employed,10,36500.0,438000.0,502,100000,Vehicle,120,16.64,2,0
Applicant_1985,33,Male,Married,4,Salaried,4,66700.0,800400.0,726,150000,Personal,60,13.5,4,0
Applicant_1986,51,Other,Single,1,Freelancer,10,59600.0,715200.0,733,1000000,Business,36,14.43,5,1
Applicant_1987,61,Male,Married,1,Self-Employed,33,97000.0,1164000.0,591,400000,Business,120,9.1,2,0
Applicant_1988,31,Male,Single,2,Salaried,2,89000.0,1068000.0,558,250000,Education,48,17.11,0,0
Applicant_1989,24,Male,Single,1,Self-Employed,1,55600.0,667200.0,541,50000,Home,12,13.67,4,0
Applicant_1990,54,Male,Married,1,Self-Employed,25,70800.0,849600.0,597,50000,Business,36,7.72,3,0
Applicant_1991,58,Other,Married,4,Salaried,16,83200.0,998400.0,670,500000,Home,240,6.68,0,0
Applicant_1992,24,Male,Married,1,Salaried,6,53000.0,636000.0,786,300000,Home,48,6.68,4,0
Applicant_1993,58,Female,Married,0,Salaried,18,64300.0,771600.0,760,200000,Personal,36,7.09,1,0
Applicant_1994,39,Female,Divorced,3,Salaried,11,46000.0,552000.0,488,150000,Business,180,16.98,1,0
Applicant_1995,26,Male,Married,0,Salaried,3,60900.0,730800.0,571,750000,Personal,24,10.62,1,1
Applicant_1996,54,Female,Single,0,Self-Employed,22,70000.0,840000.0,779,750000,Vehicle,120,9.93,1,0
Applicant_1997,38,Male,Married,2,Self-Employed,4,41500.0,498000.0,576,200000,Home,60,11.29,1,0
Applicant_1998,33,Male,Single,0,Self-Employed,11,43200.0,518400.0,644,500000,Education,180,11.21,2,0
Applicant_1999,61,Male,Divorced,4,Unemployed,0,5000.0,60000.0,479,200000,Personal,12,9.24,1,1
Applicant_2000,43,Female,Single,1,Self-Employed,15,63100.0,757200.0,765,500000,Business,120,7.56,1,0
Applicant_2001,39,Other,Married,2,Self-Employed,0,40800.0,489600.0,458,400000,Personal,36,7.75,2,1
Applicant_2002,31,Male,Single,0,Freelancer,1,5000.0,60000.0,485,300000,Home,48,13.39,0,1
Applicant_2003,21,Male,Married,0,Self-Employed,1,37300.0,447600.0,755,400000,Personal,12,11.06,4,0
Applicant_2004,44,Female,Single,2,Salaried,1,30800.0,369600.0,842,300000,Business,36,16.88,2,0
Applicant_2005,27,Male,Divorced,1,Salaried,8,77000.0,924000.0,620,300000,Education,240,11.83,2,0
Applicant_2006,45,Female,Single,2,Self-Employed,9,97100.0,1165200.0,645,400000,Home,24,12.29,1,0
Applicant_2007,41,Female,Single,0,Self-Employed,22,73600.0,883200.0,740,200000,Personal,48,17.17,5,0
Applicant_2008,35,Male,Single,2,Unemployed,0,5000.0,60000.0,678,250000,Home,60,12.27,0,1
Applicant_2009,21,Female,Married,0,Self-Employed,1,38800.0,465600.0,612,750000,Personal,36,12.27,0,1
Applicant_2010,32,Male,Married,2,Freelancer,0,21900.0,262800.0,601,100000,Home,48,10.68,3,1
Applicant_2011,27,Female,Single,2,Salaried,4,77600.0,931200.0,493,750000,Home,180,14.67,2,1
Applicant_2012,35,Female,Single,0,Self-Employed,11,82000.0,984000.0,673,250000,Education,240,11.01,0,0
Applicant_2013,41,Male,Married,1,Unemployed,0,18000.0,216000.0,640,1000000,Home,36,13.27,2,1
Applicant_2014,39,Male,Single,0,Salaried,16,63200.0,758400.0,606,50000,Home,60,11.65,1,0
Applicant_2015,49,Other,Single,1,Salaried,24,98200.0,1178400.0,549,400000,Business,24,12.58,1,0
Applicant_2016,45,Female,Single,2,Salaried,18,80000.0,960000.0,559,250000,Home,120,16.01,2,0
Applicant_2017,53,Male,Single,0,Freelancer,17,62600.0,751200.0,711,150000,Personal,240,11.26,5,0
Applicant_2018,52,Female,Single,4,Salaried,29,74600.0,895200.0,738,150000,Business,60,9.15,5,0
Applicant_2019,55,Male,Single,1,Self-Employed,12,74900.0,898800.0,617,50000,Home,180,13.06,5,0
Applicant_2020,64,Male,Married,4,Salaried,2,45600.0,547200.0,606,400000,Home,60,17.28,1,1
Applicant_2021,58,Female,Married,0,Salaried,20,78500.0,942000.0,564,100000,Personal,60,14.47,1,0
Applicant_2022,46,Male,Single,4,Unemployed,0,5000.0,60000.0,743,500000,Education,240,10.05,2,1
Applicant_2023,31,Female,Married,0,Salaried,9,46100.0,553200.0,653,200000,Personal,120,17.57,2,0
Applicant_2024,55,Male,Single,1,Salaried,13,70800.0,849600.0,686,200000,Business,12,10.44,1,0
Applicant_2025,28,Female,Married,4,Salaried,7,27800.0,333600.0,685,250000,Home,48,17.81,2,0
Applicant_2026,34,Male,Single,0,Self-Employed,9,64800.0,777600.0,619,750000,Personal,36,8.71,2,1
Applicant_2027,30,Male,Married,0,Salaried,1,26200.0,314400.0,533,400000,Vehicle,120,18.0,4,1
Applicant_2028,22,Female,Single,2,Self-Employed,3,10100.0,121200.0,550,150000,Home,24,7.37,0,1
Applicant_2029,29,Male,Married,2,Unemployed,0,32300.0,387600.0,762,200000,Home,36,14.7,2,1
Applicant_2030,23,Male,Single,1,Salaried,4,35100.0,421200.0,577,750000,Personal,12,15.02,1,1
Applicant_2031,41,Male,Married,0,Salaried,4,37200.0,446400.0,608,50000,Vehicle,24,14.32,0,0
Applicant_2032,46,Male,Divorced,2,Self-Employed,10,72000.0,864000.0,536,500000,Home,12,15.44,1,0
Applicant_2033,28,Female,Married,0,Self-Employed,7,76800.0,921600.0,528,500000,Education,240,11.93,0,0
Applicant_2034,22,Male,Married,4,Salaried,0,17000.0,204000.0,573,400000,Home,36,7.12,1,1
Applicant_2035,26,Female,Divorced,2,Self-Employed,3,26700.0,320400.0,818,300000,Education,24,10.61,0,0
Applicant_2036,48,Male,Single,2,Unemployed,0,5000.0,60000.0,715,400000,Home,180,13.89,4,1
Applicant_2037,49,Male,Single,0,Salaried,20,94000.0,1128000.0,597,1000000,Education,120,13.93,0,0
Applicant_2038,46,Male,Divorced,3,Self-Employed,9,77600.0,931200.0,758,200000,Personal,36,8.74,3,0
Applicant_2039,45,Male,Single,1,Salaried,11,45800.0,549600.0,634,200000,Vehicle,48,9.41,4,0
Applicant_2040,32,Male,Married,3,Self-Employed,13,82200.0,986400.0,785,250000,Business,240,12.1,1,0
Applicant_2041,25,Female,Single,0,Salaried,2,33400.0,400800.0,871,200000,Business,12,14.88,0,0
Applicant_2042,54,Female,Married,2,Self-Employed,2,44000.0,528000.0,752,200000,Home,48,16.31,2,0
Applicant_2043,57,Male,Married,2,Self-Employed,27,69900.0,838800.0,659,750000,Home,180,7.49,0,0
Applicant_2044,35,Male,Divorced,0,Salaried,1,40200.0,482400.0,719,300000,Personal,180,17.14,0,0
Applicant_2045,64,Male,Married,1,Freelancer,27,77300.0,927600.0,651,150000,Personal,48,17.17,2,0
Applicant_2046,56,Male,Single,0,Self-Employed,30,90300.0,1083600.0,466,150000,Personal,36,6.59,1,0
Applicant_2047,35,Male,Married,1,Salaried,10,65800.0,789600.0,584,1000000,Home,180,12.32,2,1
Applicant_2048,63,Male,Single,1,Unemployed,0,5000.0,60000.0,554,500000,Personal,36,13.25,2,1
Applicant_2049,43,Male,Married,1,Salaried,20,66700.0,800400.0,582,150000,Home,60,12.87,3,0
Applicant_2050,26,Male,Married,2,Self-Employed,6,53600.0,643200.0,829,200000,Personal,60,13.58,0,0
Applicant_2051,64,Male,Married,2,Salaried,30,120100.0,1441200.0,762,300000,Home,24,12.29,0,0
Applicant_2052,63,Male,Married,0,Self-Employed,13,60700.0,728400.0,694,750000,Vehicle,36,9.88,2,0
Applicant_2053,41,Male,Single,2,Salaried,6,59600.0,715200.0,731,300000,Home,12,7.6,4,0
Applicant_2054,43,Male,Married,4,Salaried,21,93400.0,1120800.0,460,150000,Vehicle,240,8.9,3,0
Applicant_2055,63,Male,Married,1,Salaried,38,128500.0,1542000.0,722,300000,Vehicle,36,15.01,2,0
Applicant_2056,36,Male,Married,0,Self-Employed,8,36700.0,440400.0,743,200000,Business,36,9.27,2,0
Applicant_2057,35,Male,Single,1,Self-Employed,11,45300.0,543600.0,426,250000,Vehicle,120,16.04,2,0
Applicant_2058,45,Male,Married,2,Self-Employed,5,34600.0,415200.0,726,250000,Home,48,11.14,0,0
Applicant_2059,56,Male,Single,2,Freelancer,38,129900.0,1558800.0,507,150000,Personal,48,11.27,2,0
Applicant_2060,31,Male,Married,2,Unemployed,0,12600.0,151200.0,452,250000,Business,180,16.49,1,1
Applicant_2061,35,Male,Single,0,Self-Employed,3,47900.0,574800.0,782,250000,Home,60,8.96,1,0
Applicant_2062,24,Male,Married,3,Self-Employed,6,52500.0,630000.0,549,400000,Personal,120,8.68,4,1
Applicant_2063,41,Female,Single,1,Salaried,7,34200.0,410400.0,578,750000,Education,24,17.83,3,1
Applicant_2064,33,Male,Married,0,Freelancer,7,68100.0,817200.0,748,250000,Personal,24,12.72,0,0
Applicant_2065,42,Male,Single,0,Freelancer,19,70200.0,842400.0,619,750000,Vehicle,36,8.69,5,1
Applicant_2066,39,Female,Married,1,Salaried,2,54800.0,657600.0,631,250000,Personal,120,8.41,0,0
Applicant_2067,54,Male,Single,2,Self-Employed,8,24500.0,294000.0,629,200000,Home,12,16.41,0,0
Applicant_2068,34,Male,Married,2,Unemployed,0,16700.0,200400.0,684,300000,Vehicle,48,13.4,4,1
Applicant_2069,24,Female,Single,4,Salaried,2,38700.0,464400.0,627,500000,Home,12,7.82,1,0
Applicant_2070,47,Female,Married,0,Salaried,12,44200.0,530400.0,661,200000,Vehicle,120,16.7,3,0
Applicant_2071,49,Male,Single,4,Salaried,6,37700.0,452400.0,599,250000,Vehicle,48,11.6,0,0
Applicant_2072,48,Male,Single,2,Salaried,19,59000.0,708000.0,685,1000000,Vehicle,120,17.88,4,1
Applicant_2073,55,Male,Married,1,Salaried,20,60800.0,729600.0,681,50000,Personal,120,9.74,3,0
Applicant_2074,28,Male,Single,3,Salaried,2,44900.0,538800.0,839,1000000,Business,36,12.58,1,1
Applicant_2075,36,Female,Single,2,Salaried,1,36200.0,434400.0,611,50000,Personal,240,8.49,2,0
Applicant_2076,62,Male,Divorced,1,Freelancer,39,108000.0,1296000.0,631,500000,Personal,24,11.56,5,0
Applicant_2077,56,Male,Divorced,3,Salaried,29,123100.0,1477200.0,673,400000,Education,120,8.53,1,0
Applicant_2078,50,Female,Married,2,Salaried,22,82100.0,985200.0,746,250000,Education,36,10.03,1,0
Applicant_2079,38,Other,Single,2,Salaried,7,20300.0,243600.0,540,750000,Business,48,9.6,2,1
Applicant_2080,22,Male,Single,3,Salaried,4,44400.0,532800.0,660,50000,Personal,120,9.76,1,0
Applicant_2081,33,Female,Married,1,Unemployed,0,22900.0,274800.0,399,150000,Personal,24,17.65,5,1
Applicant_2082,24,Male,Single,2,Freelancer,0,23700.0,284400.0,622,300000,Personal,12,6.94,0,0
Applicant_2083,46,Female,Divorced,2,Self-Employed,27,111900.0,1342800.0,757,50000,Business,12,12.21,1,0
Applicant_2084,45,Male,Single,1,Self-Employed,23,87800.0,1053600.0,577,300000,Business,60,13.74,2,0
Applicant_2085,50,Male,Divorced,0,Self-Employed,27,61400.0,736800.0,667,100000,Home,180,14.1,1,0
Applicant_2086,31,Male,Married,2,Salaried,13,67600.0,811200.0,597,1000000,Education,12,15.18,0,1
Applicant_2087,27,Male,Married,0,Salaried,4,52500.0,630000.0,564,250000,Education,60,15.25,1,0
Applicant_2088,51,Male,Single,2,Salaried,28,112200.0,1346400.0,747,1000000,Personal,24,17.49,4,0
Applicant_2089,64,Female,Married,3,Unemployed,0,32300.0,387600.0,545,100000,Home,36,15.19,1,1
Applicant_2090,30,Female,Single,1,Salaried,1,55600.0,667200.0,679,50000,Business,240,15.97,1,0
Applicant_2091,59,Male,Married,0,Self-Employed,21,83600.0,1003200.0,680,200000,Home,120,12.62,2,0
Applicant_2092,33,Male,Married,0,Salaried,8,66100.0,793200.0,564,100000,Education,120,14.06,2,0
Applicant_2093,51,Male,Single,2,Salaried,13,63500.0,762000.0,665,750000,Business,180,12.0,2,1
Applicant_2094,27,Female,Married,4,Self-Employed,9,31100.0,373200.0,556,150000,Home,36,9.68,1,0
Applicant_2095,62,Female,Married,1,Salaried,9,58600.0,703200.0,702,750000,Personal,120,10.1,0,0
Applicant_2096,62,Other,Single,0,Unemployed,0,10500.0,126000.0,518,200000,Vehicle,24,10.65,2,1
Applicant_2097,56,Female,Married,2,Salaried,7,35900.0,430800.0,616,1000000,Personal,120,10.42,1,1
Applicant_2098,40,Male,Single,2,Salaried,13,85900.0,1030800.0,624,400000,Business,180,12.63,1,0
Applicant_2099,24,Male,Married,1,Self-Employed,4,58100.0,697200.0,761,400000,Business,120,9.35,0,0
Applicant_2100,27,Female,Married,2,Freelancer,5,14400.0,172800.0,664,300000,Home,24,12.44,0,1
Applicant_2101,21,Female,Married,1,Salaried,3,66500.0,798000.0,745,500000,Personal,48,17.04,3,0
Applicant_2102,64,Male,Single,2,Self-Employed,31,92400.0,1108800.0,705,300000,Education,12,11.17,1,0
Applicant_2103,62,Male,Married,1,Freelancer,2,17300.0,207600.0,704,750000,Home,12,9.06,0,1
Applicant_2104,33,Female,Married,0,Salaried,11,78200.0,938400.0,616,250000,Home,12,10.49,0,0
Applicant_2105,42,Male,Married,3,Unemployed,0,5000.0,60000.0,752,150000,Personal,60,16.58,0,1
Applicant_2106,41,Male,Married,1,Salaried,19,106500.0,1278000.0,614,250000,Business,12,17.33,1,0
Applicant_2107,42,Female,Married,0,Salaried,12,51200.0,614400.0,477,200000,Vehicle,120,16.7,2,0
Applicant_2108,48,Male,Married,4,Self-Employed,22,53000.0,636000.0,628,150000,Personal,120,9.8,0,0
Applicant_2109,29,Male,Married,2,Salaried,6,47800.0,573600.0,695,50000,Education,48,10.96,1,0
Applicant_2110,46,Female,Single,0,Self-Employed,18,82800.0,993600.0,489,500000,Personal,36,17.71,0,0
Applicant_2111,29,Female,Married,2,Self-Employed,3,27100.0,325200.0,561,200000,Business,240,10.22,0,0
Applicant_2112,35,Other,Single,3,Salaried,2,24000.0,288000.0,526,150000,Education,180,8.09,3,1
Applicant_2113,30,Male,Single,2,Unemployed,0,8400.0,100800.0,728,200000,Education,36,9.74,2,1
Applicant_2114,44,Male,Married,0,Self-Employed,14,41000.0,492000.0,817,50000,Personal,240,17.59,3,0
Applicant_2115,62,Female,Married,2,Self-Employed,6,51600.0,619200.0,629,300000,Personal,120,11.28,0,0
Applicant_2116,28,Male,Married,2,Salaried,3,40900.0,490800.0,703,150000,Business,240,17.24,1,0
Applicant_2117,44,Male,Married,3,Salaried,4,55400.0,664800.0,700,500000,Personal,60,7.7,1,0
Applicant_2118,36,Female,Divorced,0,Self-Employed,7,28200.0,338400.0,805,1000000,Home,48,15.31,2,1
Applicant_2119,46,Male,Married,2,Freelancer,24,92500.0,1110000.0,584,250000,Home,24,7.57,1,0
Applicant_2120,47,Male,Married,0,Salaried,22,81300.0,975600.0,628,750000,Vehicle,120,8.77,2,0
Applicant_2121,57,Male,Single,2,Self-Employed,9,64500.0,774000.0,615,750000,Home,36,13.59,0,1
Applicant_2122,24,Male,Single,4,Self-Employed,5,59400.0,712800.0,657,100000,Home,180,11.5,1,0
Applicant_2123,44,Male,Single,0,Salaried,0,22600.0,271200.0,900,250000,Business,48,14.17,3,1
Applicant_2124,39,Male,Married,1,Freelancer,10,58200.0,698400.0,653,400000,Personal,180,17.69,1,0
Applicant_2125,56,Female,Married,2,Salaried,34,86600.0,1039200.0,564,400000,Personal,240,7.11,0,0
Applicant_2126,59,Female,Single,2,Salaried,26,71400.0,856800.0,534,1000000,Personal,180,8.7,1,0
Applicant_2127,30,Male,Married,1,Salaried,4,77500.0,930000.0,775,150000,Vehicle,24,13.86,3,0
Applicant_2128,45,Male,Single,2,Salaried,2,60700.0,728400.0,564,400000,Home,180,16.81,0,0
Applicant_2129,38,Male,Single,3,Salaried,14,99100.0,1189200.0,716,400000,Personal,60,15.67,2,0
Applicant_2130,39,Male,Divorced,2,Freelancer,16,51400.0,616800.0,582,200000,Personal,120,11.85,5,0
Applicant_2131,56,Female,Married,2,Self-Employed,7,50500.0,606000.0,523,400000,Home,12,15.07,1,0
Applicant_2132,30,Female,Single,1,Salaried,6,59900.0,718800.0,710,500000,Personal,120,8.89,0,0
Applicant_2133,53,Female,Married,3,Self-Employed,12,58800.0,705600.0,586,150000,Business,48,6.66,2,0
Applicant_2134,25,Male,Married,0,Self-Employed,1,25800.0,309600.0,692,100000,Personal,120,13.06,0,0
Applicant_2135,55,Male,Married,0,Salaried,2,30600.0,367200.0,699,750000,Vehicle,36,15.85,0,1
Applicant_2136,64,Male,Single,1,Salaried,19,81200.0,974400.0,704,400000,Personal,60,11.48,0,0
Applicant_2137,54,Male,Married,2,Salaried,34,92000.0,1104000.0,623,50000,Business,120,13.05,0,0
Applicant_2138,53,Female,Single,3,Salaried,12,47600.0,571200.0,718,1000000,Business,48,11.36,3,1
Applicant_2139,41,Other,Married,0,Freelancer,19,68900.0,826800.0,557,1000000,Personal,60,12.41,2,1
Applicant_2140,37,Male,Married,3,Self-Employed,8,49600.0,595200.0,404,750000,Business,24,16.67,1,1
Applicant_2141,42,Female,Married,3,Unemployed,0,19100.0,229200.0,720,250000,Personal,48,12.0,4,1
Applicant_2142,57,Male,Single,2,Freelancer,29,76600.0,919200.0,666,100000,Personal,120,6.59,2,0
Applicant_2143,35,Male,Single,2,Salaried,15,61300.0,735600.0,588,400000,Personal,120,15.7,1,0
Applicant_2144,55,Female,Single,0,Freelancer,7,45400.0,544800.0,502,750000,Home,12,13.6,0,1
Applicant_2145,48,Male,Divorced,0,Salaried,11,49800.0,597600.0,446,150000,Business,24,14.9,2,0
Applicant_2146,27,Male,Single,3,Salaried,9,48100.0,577200.0,655,200000,Education,12,16.86,1,0
Applicant_2147,52,Female,Single,1,Self-Employed,27,79700.0,956400.0,814,750000,Personal,60,9.79,1,0
Applicant_2148,31,Female,Divorced,0,Salaried,11,58900.0,706800.0,636,100000,Home,180,12.29,0,0
Applicant_2149,30,Male,Married,2,Salaried,2,70600.0,847200.0,613,200000,Personal,12,13.43,0,0
Applicant_2150,29,Male,Married,3,Self-Employed,7,28300.0,339600.0,647,250000,Vehicle,24,10.47,2,0
Applicant_2151,34,Female,Single,2,Freelancer,16,76400.0,916800.0,867,200000,Business,24,16.23,0,0
Applicant_2152,33,Female,Married,1,Salaried,12,75100.0,901200.0,725,400000,Personal,24,14.52,1,0
Applicant_2153,45,Female,Married,1,Salaried,14,91500.0,1098000.0,556,300000,Personal,120,14.93,0,0
Applicant_2154,22,Male,Married,2,Self-Employed,1,84100.0,1009200.0,652,750000,Personal,60,15.79,2,1
Applicant_2155,55,Female,Single,0,Self-Employed,6,68500.0,822000.0,683,200000,Home,36,9.47,1,0
Applicant_2156,27,Male,Married,0,Salaried,2,57900.0,694800.0,544,750000,Education,60,15.07,2,1
Applicant_2157,41,Female,Married,1,Unemployed,0,5000.0,60000.0,725,50000,Personal,24,15.4,0,1
Applicant_2158,38,Male,Married,2,Self-Employed,15,47200.0,566400.0,568,300000,Vehicle,60,16.19,0,0
Applicant_2159,23,Female,Married,1,Self-Employed,2,44400.0,532800.0,498,400000,Personal,180,12.12,0,1
Applicant_2160,62,Male,Single,0,Unemployed,0,5000.0,60000.0,657,750000,Personal,48,12.3,2,1
Applicant_2161,59,Male,Single,0,Unemployed,0,14200.0,170400.0,641,50000,Vehicle,180,7.63,0,1
Applicant_2162,61,Male,Married,0,Salaried,4,16000.0,192000.0,649,50000,Personal,180,16.3,2,0
Applicant_2163,31,Male,Married,0,Salaried,9,75300.0,903600.0,573,100000,Education,48,12.64,0,0
Applicant_2164,59,Female,Divorced,1,Freelancer,1,22200.0,266400.0,587,300000,Education,36,13.34,4,1
Applicant_2165,44,Female,Married,2,Unemployed,0,6900.0,82800.0,762,150000,Education,180,7.9,1,1
Applicant_2166,39,Other,Married,1,Self-Employed,0,23800.0,285600.0,694,300000,Business,60,13.42,0,1
Applicant_2167,24,Male,Married,1,Salaried,4,19500.0,234000.0,554,100000,Education,180,6.98,0,0
Applicant_2168,46,Female,Single,0,Self-Employed,24,101500.0,1218000.0,454,1000000,Business,180,17.12,1,0
Applicant_2169,58,Female,Married,1,Salaried,24,108000.0,1296000.0,558,300000,Vehicle,120,16.43,4,0
Applicant_2170,62,Male,Single,0,Unemployed,0,5000.0,60000.0,665,400000,Education,180,8.73,0,1
Applicant_2171,52,Male,Single,0,Salaried,29,107900.0,1294800.0,586,300000,Home,60,13.33,3,0
Applicant_2172,59,Female,Married,0,Unemployed,0,5000.0,60000.0,579,100000,Personal,48,13.43,1,1
Applicant_2173,56,Female,Married,4,Salaried,3,50300.0,603600.0,591,250000,Education,24,15.74,3,0
Applicant_2174,60,Female,Married,1,Unemployed,0,16400.0,196800.0,642,1000000,Personal,12,15.2,4,1
Applicant_2175,57,Male,Married,4,Salaried,18,84300.0,1011600.0,728,300000,Personal,24,17.92,5,0
Applicant_2176,53,Male,Married,1,Freelancer,26,97100.0,1165200.0,649,500000,Personal,36,10.53,0,0
Applicant_2177,56,Male,Single,1,Unemployed,0,12800.0,153600.0,656,750000,Vehicle,12,7.93,3,1
Applicant_2178,23,Female,Married,2,Self-Employed,3,41400.0,496800.0,627,250000,Education,24,13.09,0,0
Applicant_2179,29,Female,Married,0,Self-Employed,6,35600.0,427200.0,600,400000,Education,60,15.29,1,0
Applicant_2180,28,Male,Married,0,Salaried,7,46800.0,561600.0,739,200000,Vehicle,120,9.79,2,0
Applicant_2181,53,Female,Single,4,Self-Employed,24,95200.0,1142400.0,724,1000000,Home,180,9.22,1,0
Applicant_2182,26,Male,Single,1,Freelancer,2,6500.0,78000.0,854,250000,Home,240,15.73,2,1
Applicant_2183,61,Other,Married,0,Salaried,27,110600.0,1327200.0,711,50000,Vehicle,240,15.17,5,0
Applicant_2184,59,Male,Married,0,Freelancer,37,94800.0,1137600.0,600,150000,Home,60,8.84,3,0
Applicant_2185,24,Male,Married,3,Self-Employed,6,34700.0,416400.0,559,100000,Home,48,16.5,1,0
Applicant_2186,33,Male,Married,3,Salaried,9,41500.0,498000.0,745,300000,Personal,60,8.05,2,0
Applicant_2187,22,Male,Divorced,1,Salaried,3,56100.0,673200.0,568,750000,Home,60,7.76,0,1
Applicant_2188,25,Male,Divorced,0,Salaried,4,47800.0,573600.0,730,1000000,Personal,36,10.54,1,1
Applicant_2189,64,Female,Married,3,Salaried,3,69800.0,837600.0,574,150000,Personal,180,16.7,2,0
Applicant_2190,47,Female,Married,1,Unemployed,0,5000.0,60000.0,684,100000,Personal,120,14.5,2,1
Applicant_2191,52,Female,Single,1,Self-Employed,27,80300.0,963600.0,544,100000,Education,12,11.04,4,0
Applicant_2192,41,Male,Married,2,Salaried,19,76600.0,919200.0,727,300000,Vehicle,24,8.31,0,0
Applicant_2193,28,Male,Married,1,Salaried,6,40700.0,488400.0,526,1000000,Education,24,14.7,4,1
Applicant_2194,58,Male,Divorced,2,Self-Employed,13,61100.0,733200.0,677,300000,Personal,36,13.39,2,1
Applicant_2195,28,Female,Single,3,Salaried,0,44800.0,537600.0,630,250000,Vehicle,12,17.86,0,0
Applicant_2196,23,Male,Married,2,Salaried,2,51300.0,615600.0,660,750000,Personal,180,15.3,1,1
Applicant_2197,64,Female,Married,1,Salaried,31,124600.0,1495200.0,610,400000,Home,60,7.67,1,0
Applicant_2198,23,Female,Married,0,Freelancer,5,15400.0,184800.0,608,400000,Home,240,14.87,1,1
Applicant_2199,42,Male,Single,0,Salaried,8,61100.0,733200.0,665,50000,Vehicle,240,9.46,0,0
Applicant_2200,26,Male,Married,1,Salaried,1,32300.0,387600.0,549,1000000,Business,120,17.56,2,1
Applicant_2201,22,Male,Married,1,Unemployed,0,11500.0,138000.0,549,1000000,Vehicle,180,6.72,0,1
Applicant_2202,43,Male,Married,1,Salaried,4,54500.0,654000.0,614,100000,Personal,36,9.24,4,1
Applicant_2203,64,Female,Single,0,Freelancer,14,38200.0,458400.0,610,150000,Education,60,12.24,3,0
Applicant_2204,22,Female,Married,0,Salaried,2,30500.0,366000.0,549,250000,Home,24,7.41,1,1
Applicant_2205,58,Male,Single,1,Salaried,15,77700.0,932400.0,742,200000,Vehicle,36,10.46,0,0
Applicant_2206,37,Female,Single,2,Salaried,3,46400.0,556800.0,616,500000,Personal,120,12.22,2,1
Applicant_2207,55,Female,Married,2,Salaried,35,106700.0,1280400.0,627,200000,Education,36,11.64,2,0
Applicant_2208,54,Female,Married,1,Salaried,29,107900.0,1294800.0,517,300000,Personal,240,11.8,4,0
Applicant_2209,43,Male,Married,2,Salaried,5,61000.0,732000.0,857,750000,Home,36,16.61,0,0
Applicant_2210,50,Male,Married,2,Salaried,22,76100.0,913200.0,892,100000,Education,180,12.31,2,0
Applicant_2211,28,Male,Single,1,Salaried,10,47200.0,566400.0,571,500000,Personal,240,17.32,2,1
Applicant_2212,42,Female,Married,0,Self-Employed,24,64100.0,769200.0,772,250000,Home,24,8.2,0,0
Applicant_2213,64,Male,Single,1,Freelancer,1,27500.0,330000.0,640,1000000,Home,120,9.72,0,1
Applicant_2214,56,Male,Divorced,1,Freelancer,34,71700.0,860400.0,810,300000,Personal,24,14.05,2,0
Applicant_2215,25,Female,Married,0,Self-Employed,6,48500.0,582000.0,683,150000,Personal,48,9.76,1,0
Applicant_2216,33,Female,Married,4,Unemployed,0,23300.0,279600.0,659,500000,Home,240,10.49,5,1
Applicant_2217,49,Female,Married,1,Salaried,23,80700.0,968400.0,400,100000,Home,240,16.86,4,0
Applicant_2218,51,Male,Married,2,Salaried,12,56000.0,672000.0,562,50000,Vehicle,120,12.69,2,0
Applicant_2219,36,Male,Married,1,Salaried,9,88000.0,1056000.0,652,50000,Home,24,10.35,2,0
Applicant_2220,62,Female,Single,0,Freelancer,36,119600.0,1435200.0,669,500000,Home,120,15.43,0,0
Applicant_2221,50,Male,Single,0,Freelancer,29,71500.0,858000.0,528,100000,Education,24,7.31,4,0
Applicant_2222,36,Male,Married,2,Self-Employed,10,57100.0,685200.0,577,250000,Home,60,12.98,1,0
Applicant_2223,32,Male,Divorced,0,Salaried,6,56900.0,682800.0,705,100000,Personal,240,7.65,1,0
Applicant_2224,37,Male,Single,0,Self-Employed,13,64100.0,769200.0,511,200000,Vehicle,240,8.53,4,0
Applicant_2225,36,Male,Single,4,Salaried,14,95200.0,1142400.0,663,750000,Personal,240,7.22,0,0
Applicant_2226,32,Female,Married,1,Self-Employed,12,60300.0,723600.0,773,100000,Business,24,16.87,1,0
Applicant_2227,28,Female,Married,0,Self-Employed,9,56600.0,679200.0,688,200000,Vehicle,120,7.05,2,0
Applicant_2228,40,Female,Single,1,Salaried,2,54300.0,651600.0,683,1000000,Home,12,12.44,0,1
Applicant_2229,23,Male,Single,2,Salaried,0,57800.0,693600.0,447,250000,Personal,60,9.09,0,1
Applicant_2230,36,Male,Married,1,Freelancer,7,53100.0,637200.0,567,1000000,Personal,120,10.91,1,1
Applicant_2231,50,Male,Married,0,Self-Employed,32,107100.0,1285200.0,855,1000000,Education,120,12.18,1,0
Applicant_2232,43,Female,Single,1,Salaried,1,18600.0,223200.0,590,250000,Business,120,11.68,1,1
Applicant_2233,48,Male,Single,0,Salaried,8,48700.0,584400.0,776,250000,Business,48,15.1,4,0
Applicant_2234,60,Female,Married,2,Unemployed,0,17300.0,207600.0,588,1000000,Personal,12,16.99,1,1
Applicant_2235,25,Female,Married,2,Salaried,4,51800.0,621600.0,622,1000000,Home,48,9.95,1,1
Applicant_2236,40,Male,Divorced,0,Salaried,16,84400.0,1012800.0,701,100000,Home,36,6.78,0,0
Applicant_2237,60,Male,Married,0,Self-Employed,40,143300.0,1719600.0,660,500000,Education,180,16.78,0,0
Applicant_2238,64,Other,Single,1,Self-Employed,0,17300.0,207600.0,688,250000,Home,36,17.76,1,1
Applicant_2239,21,Other,Married,2,Salaried,3,63100.0,757200.0,568,300000,Business,36,11.48,1,0
Applicant_2240,50,Male,Married,0,Salaried,4,43000.0,516000.0,536,500000,Education,240,11.74,3,1
Applicant_2241,41,Male,Single,0,Salaried,10,74000.0,888000.0,561,500000,Personal,180,8.16,1,1
Applicant_2242,40,Other,Divorced,4,Self-Employed,5,44400.0,532800.0,596,1000000,Education,24,11.97,0,1
Applicant_2243,26,Male,Married,0,Salaried,0,71900.0,862800.0,627,400000,Business,180,9.99,2,1
Applicant_2244,42,Male,Single,4,Self-Employed,17,71000.0,852000.0,753,500000,Vehicle,24,17.94,1,0
Applicant_2245,38,Male,Single,0,Unemployed,0,5000.0,60000.0,658,1000000,Business,240,8.63,0,1
Applicant_2246,28,Male,Single,0,Unemployed,0,11300.0,135600.0,698,400000,Personal,60,10.85,4,1
Applicant_2247,59,Male,Single,1,Self-Employed,22,83900.0,1006800.0,664,1000000,Home,12,13.59,1,0
Applicant_2248,52,Male,Married,0,Self-Employed,17,86100.0,1033200.0,538,300000,Education,180,10.47,0,0
Applicant_2249,53,Male,Married,0,Freelancer,26,83700.0,1004400.0,651,250000,Personal,12,11.96,2,0
Applicant_2250,36,Male,Divorced,0,Freelancer,4,70100.0,841200.0,663,250000,Vehicle,120,17.7,3,0
Applicant_2251,32,Other,Single,4,Freelancer,11,45300.0,543600.0,725,500000,Personal,36,12.34,3,0
Applicant_2252,58,Female,Married,1,Salaried,18,74500.0,894000.0,543,50000,Personal,36,16.97,2,0
Applicant_2253,54,Female,Married,2,Salaried,26,82900.0,994800.0,445,100000,Business,120,7.0,1,0
Applicant_2254,34,Female,Married,2,Unemployed,0,6300.0,75600.0,667,50000,Personal,24,7.88,3,1
Applicant_2255,56,Male,Single,2,Unemployed,0,8500.0,102000.0,685,1000000,Personal,48,17.36,2,1
Applicant_2256,53,Male,Single,2,Self-Employed,12,63200.0,758400.0,632,400000,Home,120,7.98,2,0
Applicant_2257,43,Female,Single,1,Unemployed,0,6000.0,72000.0,652,750000,Home,240,14.97,2,1
Applicant_2258,22,Male,Divorced,0,Freelancer,1,17900.0,214800.0,737,400000,Business,180,11.63,0,1
Applicant_2259,61,Male,Divorced,0,Self-Employed,13,47800.0,573600.0,604,750000,Business,12,11.18,0,0
Applicant_2260,41,Female,Divorced,0,Salaried,7,48400.0,580800.0,622,200000,Personal,12,14.08,4,0
Applicant_2261,22,Male,Married,0,Self-Employed,2,56100.0,673200.0,657,400000,Personal,48,14.87,4,1
Applicant_2262,47,Male,Married,0,Self-Employed,26,107400.0,1288800.0,528,1000000,Education,12,17.22,3,0
Applicant_2263,29,Other,Divorced,4,Unemployed,0,5000.0,60000.0,634,1000000,Personal,12,9.45,1,1
Applicant_2264,21,Female,Divorced,4,Self-Employed,3,26900.0,322800.0,643,400000,Home,180,14.53,0,1
Applicant_2265,31,Male,Married,0,Freelancer,9,41800.0,501600.0,813,1000000,Business,240,10.44,1,1
Applicant_2266,23,Other,Single,0,Freelancer,3,62400.0,748800.0,620,1000000,Personal,24,14.75,2,1
Applicant_2267,43,Female,Married,0,Salaried,17,89000.0,1068000.0,670,100000,Personal,12,8.13,1,0
Applicant_2268,46,Female,Single,0,Salaried,22,92300.0,1107600.0,741,100000,Home,36,11.76,3,0
Applicant_2269,24,Male,Single,0,Self-Employed,3,55400.0,664800.0,566,500000,Personal,36,8.61,2,1
Applicant_2270,38,Male,Divorced,4,Salaried,19,101100.0,1213200.0,787,100000,Home,60,10.37,2,0
Applicant_2271,26,Female,Divorced,0,Self-Employed,3,23700.0,284400.0,826,50000,Education,24,14.73,4,0
Applicant_2272,55,Female,Single,0,Salaried,11,56100.0,673200.0,647,50000,Personal,24,9.18,4,0
Applicant_2273,42,Female,Married,0,Salaried,7,46100.0,553200.0,596,50000,Personal,240,14.38,2,0
Applicant_2274,63,Male,Married,4,Salaried,21,90800.0,1089600.0,812,300000,Home,240,12.2,0,0
Applicant_2275,35,Male,Married,3,Salaried,8,58400.0,700800.0,729,250000,Vehicle,240,7.56,4,0
Applicant_2276,42,Female,Married,2,Salaried,19,89300.0,1071600.0,658,400000,Personal,36,10.95,0,0
Applicant_2277,57,Male,Married,1,Unemployed,0,5000.0,60000.0,792,150000,Personal,24,16.5,1,1
Applicant_2278,62,Male,Married,0,Salaried,40,140600.0,1687200.0,782,250000,Personal,240,17.88,3,0
Applicant_2279,32,Male,Divorced,0,Unemployed,0,5000.0,60000.0,616,100000,Personal,180,10.74,0,1
Applicant_2280,62,Male,Married,1,Unemployed,0,15400.0,184800.0,674,750000,Personal,24,7.13,2,1
Applicant_2281,58,Female,Single,2,Unemployed,0,22900.0,274800.0,707,750000,Business,60,8.0,1,1
Applicant_2282,38,Female,Divorced,0,Self-Employed,16,83700.0,1004400.0,652,200000,Business,240,15.56,2,0
Applicant_2283,55,Male,Single,1,Freelancer,31,92400.0,1108800.0,510,100000,Personal,48,14.04,5,0
Applicant_2284,50,Male,Married,2,Salaried,32,116300.0,1395600.0,556,1000000,Personal,120,9.78,3,0
Applicant_2285,44,Female,Single,0,Salaried,22,110100.0,1321200.0,514,500000,Home,12,11.0,0,0
Applicant_2286,62,Male,Married,2,Freelancer,5,42700.0,512400.0,699,200000,Home,60,15.83,0,0
Applicant_2287,50,Male,Married,1,Salaried,8,45100.0,541200.0,531,250000,Personal,180,11.25,5,1
Applicant_2288,34,Other,Single,0,Unemployed,0,13700.0,164400.0,669,200000,Vehicle,48,15.19,2,1
Applicant_2289,26,Male,Divorced,1,Self-Employed,3,40400.0,484800.0,833,100000,Personal,12,9.89,0,0
Applicant_2290,23,Female,Single,3,Salaried,3,10800.0,129600.0,792,300000,Personal,36,14.84,2,1
Applicant_2291,36,Male,Married,0,Salaried,8,62900.0,754800.0,466,50000,Home,48,11.86,0,0
Applicant_2292,27,Female,Married,1,Self-Employed,2,40700.0,488400.0,522,500000,Personal,240,12.77,0,1
Applicant_2293,34,Male,Single,0,Self-Employed,8,68300.0,819600.0,572,50000,Personal,240,13.39,2,0
Applicant_2294,29,Other,Married,2,Self-Employed,0,23700.0,284400.0,533,250000,Business,240,11.68,1,1
Applicant_2295,35,Male,Single,3,Salaried,13,43400.0,520800.0,484,750000,Home,12,11.86,1,1
Applicant_2296,41,Male,Married,1,Salaried,4,50500.0,606000.0,648,50000,Personal,60,9.56,2,0
Applicant_2297,55,Other,Married,0,Salaried,25,95700.0,1148400.0,720,1000000,Vehicle,12,17.84,3,0
Applicant_2298,22,Male,Single,4,Salaried,4,49400.0,592800.0,745,400000,Vehicle,24,16.92,2,0
Applicant_2299,47,Male,Married,2,Salaried,0,40300.0,483600.0,602,400000,Vehicle,120,12.56,1,1
Applicant_2300,22,Male,Married,2,Salaried,0,24000.0,288000.0,622,250000,Education,240,6.9,2,1
Applicant_2301,55,Female,Divorced,1,Salaried,34,105900.0,1270800.0,685,200000,Vehicle,12,8.44,2,0
Applicant_2302,38,Male,Single,0,Self-Employed,8,45800.0,549600.0,639,750000,Business,36,16.32,3,1
Applicant_2303,34,Male,Married,2,Self-Employed,5,61100.0,733200.0,731,250000,Vehicle,60,17.2,1,0
Applicant_2304,40,Female,Single,1,Salaried,8,61700.0,740400.0,693,50000,Vehicle,180,8.35,0,0
Applicant_2305,38,Male,Married,1,Self-Employed,3,36800.0,441600.0,612,750000,Vehicle,48,14.95,2,1
Applicant_2306,30,Other,Single,0,Self-Employed,3,66900.0,802800.0,464,250000,Home,240,13.66,0,0
Applicant_2307,45,Female,Married,1,Self-Employed,18,67000.0,804000.0,799,750000,Home,240,9.99,1,0
Applicant_2308,22,Female,Single,3,Self-Employed,4,51400.0,616800.0,581,500000,Personal,12,11.52,0,0
Applicant_2309,45,Female,Married,4,Salaried,4,45500.0,546000.0,685,1000000,Personal,60,14.29,1,1
Applicant_2310,53,Female,Married,0,Salaried,27,118500.0,1422000.0,458,400000,Education,36,7.66,1,0
Applicant_2311,56,Male,Married,2,Salaried,22,85300.0,1023600.0,648,300000,Personal,180,8.67,4,0
Applicant_2312,51,Female,Married,2,Salaried,22,85700.0,1028400.0,660,750000,Home,120,6.88,2,1
Applicant_2313,34,Male,Married,3,Self-Employed,13,58900.0,706800.0,664,200000,Home,48,16.88,0,0
Applicant_2314,21,Male,Married,2,Freelancer,1,29900.0,358800.0,900,250000,Education,180,13.1,4,1
Applicant_2315,36,Female,Married,4,Salaried,8,74000.0,888000.0,586,50000,Home,12,12.52,1,0
Applicant_2316,23,Male,Divorced,4,Self-Employed,1,49700.0,596400.0,732,400000,Business,36,14.62,0,0
Applicant_2317,55,Female,Married,0,Freelancer,9,43400.0,520800.0,702,300000,Vehicle,24,17.87,1,0
Applicant_2318,61,Male,Married,2,Salaried,1,67500.0,810000.0,582,400000,Personal,60,8.48,0,0
Applicant_2319,26,Female,Single,1,Unemployed,0,18100.0,217200.0,730,50000,Personal,60,8.03,1,0
Applicant_2320,45,Male,Married,0,Salaried,12,57400.0,688800.0,633,400000,Home,12,9.89,3,0
Applicant_2321,33,Female,Single,0,Unemployed,0,5000.0,60000.0,737,400000,Personal,36,16.9,2,1
Applicant_2322,54,Female,Married,0,Salaried,26,85800.0,1029600.0,846,500000,Business,48,11.23,1,0
Applicant_2323,28,Female,Married,2,Salaried,6,58200.0,698400.0,665,100000,Personal,240,15.63,0,0
Applicant_2324,41,Male,Divorced,1,Self-Employed,8,60000.0,720000.0,621,50000,Home,48,8.83,0,0
Applicant_2325,54,Male,Single,3,Unemployed,0,25400.0,304800.0,755,50000,Business,48,12.18,5,1
Applicant_2326,24,Male,Single,2,Salaried,6,35600.0,427200.0,789,500000,Vehicle,48,7.97,1,0
Applicant_2327,45,Female,Married,2,Freelancer,19,56400.0,676800.0,561,400000,Education,12,11.25,2,1
Applicant_2328,35,Female,Married,0,Self-Employed,7,31300.0,375600.0,604,750000,Home,12,9.52,1,1
Applicant_2329,24,Male,Married,1,Salaried,5,29900.0,358800.0,717,100000,Education,180,12.82,0,0
Applicant_2330,32,Female,Married,1,Self-Employed,9,43600.0,523200.0,636,200000,Home,60,15.47,4,0
Applicant_2331,52,Female,Married,0,Self-Employed,15,70500.0,846000.0,554,500000,Vehicle,180,17.29,0,0
Applicant_2332,52,Male,Single,3,Salaried,14,79600.0,955200.0,704,300000,Vehicle,36,9.76,2,0
Applicant_2333,48,Female,Married,2,Freelancer,12,34800.0,417600.0,717,100000,Personal,24,15.05,3,0
Applicant_2334,33,Female,Single,0,Unemployed,0,5000.0,60000.0,616,1000000,Business,12,16.68,2,1
Applicant_2335,51,Male,Married,3,Self-Employed,19,46300.0,555600.0,656,100000,Personal,180,7.94,3,0
Applicant_2336,34,Male,Single,0,Unemployed,0,8200.0,98400.0,592,400000,Education,240,13.24,2,1
Applicant_2337,40,Male,Married,1,Salaried,8,45000.0,540000.0,540,750000,Personal,48,13.54,1,1
Applicant_2338,38,Other,Single,2,Salaried,17,98900.0,1186800.0,600,500000,Business,24,9.63,4,0
Applicant_2339,49,Female,Married,0,Freelancer,6,43100.0,517200.0,657,100000,Business,180,6.76,4,0
Applicant_2340,26,Female,Single,2,Freelancer,6,34400.0,412800.0,502,150000,Home,60,9.45,1,0
Applicant_2341,52,Male,Married,2,Salaried,23,76400.0,916800.0,607,500000,Personal,48,13.22,1,0
Applicant_2342,49,Male,Married,2,Salaried,28,73600.0,883200.0,658,200000,Education,240,8.76,1,0
Applicant_2343,63,Male,Single,0,Freelancer,4,12500.0,150000.0,769,300000,Business,120,9.8,0,1
Applicant_2344,22,Male,Married,0,Salaried,2,34700.0,416400.0,618,100000,Personal,240,14.64,0,0
Applicant_2345,43,Female,Married,0,Salaried,12,53500.0,642000.0,525,50000,Education,36,11.08,0,0
Applicant_2346,39,Other,Single,4,Self-Employed,2,24000.0,288000.0,629,300000,Business,24,7.25,3,1
Applicant_2347,51,Female,Single,0,Unemployed,0,10700.0,128400.0,593,500000,Personal,240,11.09,1,1
Applicant_2348,25,Female,Married,1,Freelancer,0,32700.0,392400.0,705,250000,Education,60,18.0,3,1
Applicant_2349,39,Male,Single,3,Freelancer,3,24100.0,289200.0,616,50000,Vehicle,180,9.5,2,0
Applicant_2350,54,Male,Single,2,Salaried,17,103000.0,1236000.0,378,1000000,Home,240,9.55,1,1
Applicant_2351,30,Male,Single,3,Self-Employed,5,18800.0,225600.0,900,100000,Home,12,8.45,0,0
Applicant_2352,45,Female,Married,4,Salaried,22,84900.0,1018800.0,664,150000,Home,36,9.62,2,0
Applicant_2353,22,Female,Married,1,Unemployed,0,5000.0,60000.0,658,100000,Home,48,13.11,4,1
Applicant_2354,31,Male,Single,1,Self-Employed,9,44700.0,536400.0,495,750000,Personal,24,17.59,3,1
Applicant_2355,51,Male,Divorced,0,Self-Employed,6,36500.0,438000.0,503,1000000,Personal,60,13.49,3,1
Applicant_2356,35,Male,Married,0,Freelancer,11,46900.0,562800.0,640,100000,Personal,240,11.21,3,0
Applicant_2357,29,Male,Single,2,Salaried,7,50600.0,607200.0,683,150000,Home,24,10.98,1,0
Applicant_2358,43,Male,Single,0,Unemployed,0,5000.0,60000.0,720,750000,Home,36,6.78,0,1
Applicant_2359,39,Male,Divorced,2,Salaried,12,44500.0,534000.0,673,150000,Personal,180,6.53,0,0
Applicant_2360,29,Male,Married,0,Salaried,1,17700.0,212400.0,531,500000,Personal,12,15.67,2,1
Applicant_2361,55,Female,Single,0,Salaried,13,61700.0,740400.0,399,500000,Education,12,12.14,1,1
Applicant_2362,41,Female,Married,2,Freelancer,10,39000.0,468000.0,639,150000,Home,180,6.88,3,0
Applicant_2363,29,Male,Married,0,Freelancer,11,44000.0,528000.0,596,1000000,Home,120,9.79,1,1
Applicant_2364,48,Male,Single,2,Salaried,9,56400.0,676800.0,523,1000000,Home,36,10.6,0,1
Applicant_2365,27,Male,Married,4,Salaried,5,42200.0,506400.0,732,150000,Home,48,15.51,3,0
Applicant_2366,36,Male,Married,2,Unemployed,0,5000.0,60000.0,492,500000,Business,240,11.5,2,1
Applicant_2367,36,Male,Married,1,Salaried,12,51200.0,614400.0,711,150000,Education,24,15.58,0,0
Applicant_2368,53,Male,Married,3,Self-Employed,32,121900.0,1462800.0,508,200000,Home,48,13.79,5,0
Applicant_2369,24,Female,Single,0,Self-Employed,1,25000.0,300000.0,663,250000,Personal,240,6.88,1,1
Applicant_2370,24,Female,Married,2,Freelancer,4,27400.0,328800.0,743,400000,Personal,60,17.64,2,1
Applicant_2371,59,Male,Married,0,Self-Employed,24,72100.0,865200.0,616,50000,Personal,48,8.59,4,0
Applicant_2372,60,Female,Married,0,Salaried,23,74900.0,898800.0,818,500000,Home,120,9.67,0,0
Applicant_2373,37,Male,Single,4,Unemployed,0,5400.0,64800.0,841,150000,Business,36,15.81,4,1
Applicant_2374,57,Male,Married,1,Salaried,28,94500.0,1134000.0,673,400000,Personal,120,8.68,2,0
Applicant_2375,59,Female,Single,3,Salaried,35,103100.0,1237200.0,704,1000000,Education,12,11.11,0,0
Applicant_2376,49,Female,Single,1,Salaried,5,45700.0,548400.0,756,150000,Education,120,16.45,2,0
Applicant_2377,56,Female,Single,3,Unemployed,0,5000.0,60000.0,704,750000,Home,36,13.83,4,1
Applicant_2378,58,Female,Married,4,Self-Employed,17,75000.0,900000.0,693,1000000,Business,36,9.97,3,0
Applicant_2379,59,Female,Single,1,Salaried,27,124800.0,1497600.0,597,250000,Personal,24,13.91,3,0
Applicant_2380,57,Female,Married,2,Self-Employed,4,29900.0,358800.0,481,150000,Home,36,15.85,0,0
Applicant_2381,55,Female,Single,2,Salaried,17,79900.0,958800.0,510,150000,Education,60,11.14,0,0
Applicant_2382,27,Male,Single,4,Unemployed,0,5700.0,68400.0,888,200000,Vehicle,24,13.07,1,1
Applicant_2383,47,Female,Single,0,Salaried,28,106000.0,1272000.0,682,250000,Personal,240,17.86,2,0
Applicant_2384,48,Other,Single,2,Self-Employed,4,53500.0,642000.0,625,250000,Education,24,17.59,4,0
Applicant_2385,42,Female,Married,1,Self-Employed,6,50100.0,601200.0,776,500000,Personal,48,12.35,1,0
Applicant_2386,34,Male,Married,0,Salaried,8,55400.0,664800.0,575,1000000,Home,240,7.61,1,1
Applicant_2387,27,Female,Divorced,0,Freelancer,2,22500.0,270000.0,708,300000,Personal,120,14.56,0,1
Applicant_2388,57,Male,Divorced,2,Salaried,11,50500.0,606000.0,657,250000,Personal,36,9.59,0,0
Applicant_2389,42,Male,Married,3,Self-Employed,19,71500.0,858000.0,696,100000,Vehicle,48,14.2,0,0
Applicant_2390,25,Male,Married,1,Freelancer,0,5700.0,68400.0,616,250000,Personal,48,10.55,2,1
Applicant_2391,22,Female,Single,2,Self-Employed,3,32100.0,385200.0,553,400000,Education,120,14.77,0,1
Applicant_2392,47,Female,Married,2,Salaried,6,68600.0,823200.0,567,150000,Business,240,10.72,3,0
Applicant_2393,41,Male,Married,1,Unemployed,0,6500.0,78000.0,571,400000,Vehicle,24,17.32,2,1
Applicant_2394,58,Male,Single,3,Salaried,23,99400.0,1192800.0,649,50000,Personal,48,8.07,3,0
Applicant_2395,35,Male,Single,1,Self-Employed,8,73000.0,876000.0,494,300000,Home,48,7.29,1,0
Applicant_2396,41,Female,Single,0,Freelancer,11,44300.0,531600.0,525,50000,Vehicle,24,15.48,2,0
Applicant_2397,30,Male,Married,0,Unemployed,0,8100.0,97200.0,663,400000,Home,24,11.12,1,1
Applicant_2398,43,Male,Married,3,Self-Employed,3,36500.0,438000.0,637,300000,Home,12,11.85,5,1
Applicant_2399,59,Male,Married,4,Salaried,36,99800.0,1197600.0,669,1000000,Education,36,17.24,3,0
Applicant_2400,25,Male,Married,0,Freelancer,0,10700.0,128400.0,645,50000,Education,12,13.28,2,0
Applicant_2401,21,Male,Married,0,Salaried,2,56600.0,679200.0,900,750000,Business,120,14.09,2,1
Applicant_2402,33,Female,Married,1,Salaried,13,69100.0,829200.0,662,250000,Education,240,6.72,0,0
Applicant_2403,41,Male,Single,2,Unemployed,0,32700.0,392400.0,612,400000,Home,180,14.21,2,1
Applicant_2404,46,Female,Married,2,Self-Employed,19,87600.0,1051200.0,660,50000,Personal,24,10.97,5,0
Applicant_2405,41,Male,Married,4,Salaried,21,71000.0,852000.0,751,500000,Personal,60,11.79,0,0
Applicant_2406,38,Male,Married,3,Self-Employed,16,79600.0,955200.0,645,500000,Business,48,15.79,2,0
Applicant_2407,57,Male,Married,3,Salaried,32,99400.0,1192800.0,718,750000,Education,48,12.52,1,0
Applicant_2408,52,Female,Married,1,Salaried,23,104300.0,1251600.0,689,100000,Home,24,17.85,3,0
Applicant_2409,56,Female,Single,1,Salaried,14,60700.0,728400.0,620,300000,Personal,48,15.66,0,0
Applicant_2410,37,Female,Married,2,Freelancer,0,9200.0,110400.0,661,1000000,Home,12,14.88,0,1
Applicant_2411,55,Female,Divorced,1,Freelancer,28,69100.0,829200.0,809,250000,Home,48,13.27,0,0
Applicant_2412,31,Male,Married,0,Self-Employed,10,43800.0,525600.0,674,300000,Business,60,11.24,0,0
Applicant_2413,41,Female,Single,0,Salaried,1,29400.0,352800.0,551,250000,Personal,240,7.11,2,1
Applicant_2414,46,Female,Single,1,Self-Employed,28,82400.0,988800.0,618,50000,Personal,36,6.71,0,0
Applicant_2415,24,Male,Divorced,2,Salaried,3,58900.0,706800.0,438,100000,Personal,120,7.04,2,0
Applicant_2416,54,Female,Single,2,Self-Employed,17,95900.0,1150800.0,663,150000,Personal,120,17.53,3,0
Applicant_2417,38,Male,Single,0,Freelancer,20,45000.0,540000.0,781,400000,Home,240,10.22,0,0
Applicant_2418,60,Male,Married,2,Self-Employed,7,68000.0,816000.0,515,1000000,Education,120,14.56,0,1
Applicant_2419,55,Male,Divorced,0,Self-Employed,5,37800.0,453600.0,664,750000,Home,180,13.33,5,1
Applicant_2420,61,Male,Single,2,Unemployed,0,10200.0,122400.0,748,100000,Vehicle,12,13.07,2,1
Applicant_2421,49,Male,Married,1,Self-Employed,30,70200.0,842400.0,759,1000000,Business,36,13.16,0,0
Applicant_2422,49,Male,Married,3,Self-Employed,21,84900.0,1018800.0,777,50000,Personal,36,9.98,1,0
Applicant_2423,58,Male,Single,2,Self-Employed,19,42900.0,514800.0,463,50000,Home,60,16.7,5,0
Applicant_2424,62,Male,Married,2,Salaried,1,46700.0,560400.0,700,200000,Home,120,17.07,0,0
Applicant_2425,41,Female,Married,2,Self-Employed,18,74900.0,898800.0,499,750000,Business,60,13.91,3,1
Applicant_2426,62,Female,Married,2,Self-Employed,21,79900.0,958800.0,550,200000,Vehicle,60,16.44,0,0
Applicant_2427,33,Male,Married,0,Salaried,5,39000.0,468000.0,732,150000,Home,60,7.19,1,0
Applicant_2428,61,Male,Divorced,2,Salaried,20,88200.0,1058400.0,665,1000000,Vehicle,120,7.65,4,1
Applicant_2429,37,Male,Married,1,Unemployed,0,10900.0,130800.0,722,500000,Education,12,12.93,0,1
Applicant_2430,29,Female,Single,1,Self-Employed,5,41900.0,502800.0,557,750000,Home,180,16.23,1,1
Applicant_2431,61,Male,Married,1,Salaried,31,112100.0,1345200.0,797,250000,Home,60,10.13,1,0
Applicant_2432,21,Male,Married,4,Salaried,1,40600.0,487200.0,718,100000,Business,12,12.8,2,0
Applicant_2433,22,Male,Divorced,0,Self-Employed,4,50900.0,610800.0,738,200000,Personal,48,6.61,0,0
Applicant_2434,49,Female,Divorced,1,Salaried,0,38100.0,457200.0,541,1000000,Business,240,17.85,1,1
Applicant_2435,53,Male,Single,4,Salaried,21,85300.0,1023600.0,767,500000,Home,36,15.32,1,0
Applicant_2436,30,Male,Divorced,3,Freelancer,4,41600.0,499200.0,618,100000,Personal,120,10.66,0,0
Applicant_2437,60,Male,Married,0,Self-Employed,23,75000.0,900000.0,588,750000,Home,48,17.8,1,1
Applicant_2438,41,Male,Married,3,Salaried,8,37500.0,450000.0,712,250000,Home,180,7.56,4,0
Applicant_2439,48,Female,Single,0,Salaried,29,102100.0,1225200.0,708,400000,Home,240,11.84,0,0
Applicant_2440,31,Female,Married,2,Self-Employed,5,62800.0,753600.0,565,250000,Business,48,7.18,2,0
Applicant_2441,54,Female,Married,2,Salaried,11,66500.0,798000.0,855,150000,Personal,24,10.35,0,0
Applicant_2442,28,Female,Married,1,Salaried,9,62800.0,753600.0,831,100000,Home,120,9.02,0,0
Applicant_2443,42,Male,Divorced,2,Salaried,3,45400.0,544800.0,710,150000,Education,48,10.14,0,0
Applicant_2444,28,Female,Married,0,Salaried,2,55100.0,661200.0,693,100000,Business,48,17.4,1,0
Applicant_2445,35,Female,Married,0,Salaried,15,67200.0,806400.0,682,100000,Education,24,11.41,0,0
Applicant_2446,37,Male,Married,2,Unemployed,0,5000.0,60000.0,495,100000,Vehicle,120,10.24,2,1
Applicant_2447,43,Female,Married,0,Salaried,25,106600.0,1279200.0,661,100000,Vehicle,180,13.87,4,0
Applicant_2448,44,Male,Divorced,4,Salaried,11,54000.0,648000.0,659,500000,Personal,48,14.36,0,0
Applicant_2449,39,Male,Divorced,1,Salaried,0,53300.0,639600.0,592,250000,Personal,24,17.81,2,1
Applicant_2450,25,Female,Married,0,Self-Employed,6,63600.0,763200.0,619,750000,Personal,240,12.78,0,0
Applicant_2451,52,Female,Married,2,Freelancer,20,73500.0,882000.0,411,250000,Education,180,15.15,0,0
Applicant_2452,64,Female,Single,1,Salaried,35,91300.0,1095600.0,540,50000,Education,12,10.89,0,0
Applicant_2453,21,Male,Married,0,Freelancer,0,25400.0,304800.0,742,500000,Home,240,8.47,1,1
Applicant_2454,43,Female,Married,1,Salaried,6,49000.0,588000.0,823,150000,Vehicle,36,11.44,0,0
Applicant_2455,57,Male,Married,4,Freelancer,7,31600.0,379200.0,555,1000000,Business,60,11.32,2,1
Applicant_2456,28,Male,Single,1,Salaried,3,48100.0,577200.0,668,1000000,Home,48,11.34,0,1
Applicant_2457,33,Other,Single,1,Salaried,9,69500.0,834000.0,759,100000,Personal,180,14.5,1,0
Applicant_2458,28,Female,Single,1,Salaried,9,51100.0,613200.0,597,300000,Education,12,11.17,2,0
Applicant_2459,43,Male,Single,0,Salaried,7,51400.0,616800.0,717,200000,Business,36,17.47,0,0
Applicant_2460,63,Female,Married,0,Self-Employed,32,95400.0,1144800.0,646,200000,Education,180,17.8,2,0
Applicant_2461,21,Male,Single,3,Salaried,2,61500.0,738000.0,769,750000,Personal,180,12.52,0,0
Applicant_2462,44,Male,Single,4,Self-Employed,14,59100.0,709200.0,521,1000000,Home,180,12.92,0,0
Applicant_2463,55,Male,Single,0,Salaried,12,45500.0,546000.0,539,500000,Personal,12,11.19,3,1
Applicant_2464,44,Other,Married,1,Self-Employed,11,33400.0,400800.0,677,150000,Education,24,10.59,1,0
Applicant_2465,37,Male,Married,4,Salaried,2,49400.0,592800.0,659,750000,Home,180,17.83,3,1
Applicant_2466,25,Female,Single,0,Self-Employed,6,35600.0,427200.0,644,50000,Personal,12,6.97,0,0
Applicant_2467,40,Male,Married,0,Salaried,18,86000.0,1032000.0,707,400000,Personal,180,11.22,1,0
Applicant_2468,41,Female,Married,4,Salaried,23,66000.0,792000.0,556,400000,Vehicle,48,8.24,0,0
Applicant_2469,60,Male,Single,2,Salaried,4,39900.0,478800.0,513,100000,Personal,48,14.85,1,0
Applicant_2470,51,Female,Married,0,Freelancer,2,9000.0,108000.0,599,400000,Personal,120,8.74,1,1
Applicant_2471,56,Male,Single,1,Self-Employed,36,113500.0,1362000.0,611,400000,Vehicle,60,16.67,0,0
Applicant_2472,31,Female,Married,0,Salaried,7,63700.0,764400.0,621,750000,Business,240,10.81,1,0
Applicant_2473,35,Other,Single,1,Salaried,8,61100.0,733200.0,776,300000,Personal,60,17.05,0,0
Applicant_2474,39,Female,Divorced,2,Salaried,5,33700.0,404400.0,727,1000000,Personal,48,17.85,3,1
Applicant_2475,27,Male,Single,2,Salaried,9,46800.0,561600.0,703,1000000,Vehicle,12,15.37,1,1
Applicant_2476,48,Female,Married,2,Self-Employed,15,68500.0,822000.0,672,750000,Personal,180,13.67,2,0
Applicant_2477,63,Male,Divorced,1,Salaried,34,82700.0,992400.0,606,150000,Business,180,8.22,3,0
Applicant_2478,25,Female,Single,0,Salaried,1,38400.0,460800.0,564,500000,Home,240,17.23,0,1
Applicant_2479,25,Female,Married,0,Self-Employed,2,61800.0,741600.0,530,200000,Business,120,15.43,1,0
Applicant_2480,50,Male,Married,3,Salaried,22,81300.0,975600.0,580,50000,Education,240,9.81,0,0
Applicant_2481,52,Male,Married,2,Salaried,10,37700.0,452400.0,645,400000,Home,240,11.89,0,0
Applicant_2482,28,Male,Single,0,Self-Employed,10,45900.0,550800.0,534,150000,Business,120,7.28,0,0
Applicant_2483,30,Female,Single,1,Salaried,8,46500.0,558000.0,666,200000,Personal,180,14.08,1,0
Applicant_2484,58,Female,Married,3,Freelancer,28,113100.0,1357200.0,630,150000,Personal,180,7.94,1,0
Applicant_2485,52,Male,Married,1,Freelancer,26,102000.0,1224000.0,610,300000,Personal,48,13.99,0,0
Applicant_2486,48,Male,Married,1,Salaried,8,67000.0,804000.0,766,1000000,Home,12,14.22,0,0
Applicant_2487,37,Male,Single,0,Salaried,2,38900.0,466800.0,403,50000,Home,48,10.23,0,0
Applicant_2488,51,Male,Single,0,Salaried,8,74000.0,888000.0,611,1000000,Education,36,17.41,0,0
Applicant_2489,28,Male,Married,3,Salaried,1,25000.0,300000.0,414,400000,Home,12,15.46,2,1
Applicant_2490,60,Female,Married,2,Unemployed,0,21100.0,253200.0,673,1000000,Personal,24,12.21,2,1
Applicant_2491,45,Male,Married,2,Salaried,11,75900.0,910800.0,726,500000,Business,180,17.06,1,0
Applicant_2492,29,Female,Single,3,Freelancer,6,34700.0,416400.0,514,150000,Home,24,16.34,3,1
Applicant_2493,22,Female,Single,4,Self-Employed,4,60100.0,721200.0,527,750000,Home,180,14.46,1,1
Applicant_2494,35,Male,Single,0,Freelancer,15,48300.0,579600.0,480,100000,Vehicle,180,8.26,1,0
Applicant_2495,23,Female,Single,0,Self-Employed,3,22000.0,264000.0,656,1000000,Business,60,12.22,0,1
Applicant_2496,56,Male,Single,1,Self-Employed,0,49700.0,596400.0,615,1000000,Home,36,16.44,0,1
Applicant_2497,24,Male,Married,0,Self-Employed,2,37700.0,452400.0,622,750000,Home,240,13.5,2,1
Applicant_2498,34,Male,Married,2,Freelancer,12,58000.0,696000.0,613,250000,Personal,24,12.77,5,1
Applicant_2499,61,Male,Married,3,Salaried,39,145300.0,1743600.0,552,300000,Education,180,17.49,2,0
Applicant_2500,61,Male,Single,2,Unemployed,0,5000.0,60000.0,763,100000,Business,48,6.69,0,1
Applicant_2501,45,Male,Single,0,Self-Employed,5,42800.0,513600.0,677,250000,Personal,24,6.64,0,0
Applicant_2502,30,Male,Married,0,Salaried,12,87500.0,1050000.0,531,300000,Vehicle,48,16.77,1,0
Applicant_2503,41,Male,Divorced,1,Unemployed,0,15000.0,180000.0,579,250000,Personal,36,6.94,2,1
Applicant_2504,56,Male,Married,3,Freelancer,18,50500.0,606000.0,562,200000,Home,240,10.32,0,0
Applicant_2505,32,Male,Married,1,Freelancer,7,24700.0,296400.0,790,500000,Education,120,17.13,3,1
Applicant_2506,47,Male,Married,0,Salaried,23,78100.0,937200.0,721,100000,Personal,120,14.45,2,0
Applicant_2507,60,Male,Married,0,Unemployed,0,5000.0,60000.0,637,50000,Home,120,13.95,3,1
Applicant_2508,22,Other,Single,4,Self-Employed,3,44600.0,535200.0,820,100000,Home,180,14.06,2,0
Applicant_2509,33,Male,Married,2,Self-Employed,0,36200.0,434400.0,795,200000,Home,60,10.15,2,0
Applicant_2510,52,Female,Single,3,Unemployed,0,9200.0,110400.0,626,50000,Personal,240,12.6,0,1
Applicant_2511,51,Male,Married,2,Salaried,22,71400.0,856800.0,608,750000,Personal,120,13.74,2,1
Applicant_2512,36,Female,Married,1,Salaried,12,62900.0,754800.0,613,50000,Home,24,10.02,3,0
Applicant_2513,52,Male,Married,0,Self-Employed,29,62200.0,746400.0,554,250000,Personal,60,15.65,4,0
Applicant_2514,52,Other,Single,1,Salaried,10,62200.0,746400.0,823,500000,Personal,120,10.2,0,0
Applicant_2515,54,Female,Married,2,Self-Employed,6,64600.0,775200.0,549,750000,Vehicle,120,7.32,2,1
Applicant_2516,31,Male,Married,3,Salaried,2,22600.0,271200.0,736,750000,Business,36,8.82,5,1
Applicant_2517,30,Female,Married,0,Salaried,10,67300.0,807600.0,719,500000,Vehicle,12,11.2,2,0
Applicant_2518,35,Male,Married,0,Salaried,16,62800.0,753600.0,619,300000,Vehicle,120,16.94,0,0
Applicant_2519,37,Male,Divorced,2,Self-Employed,10,67000.0,804000.0,831,300000,Personal,36,11.28,4,0
Applicant_2520,60,Female,Single,0,Salaried,39,120400.0,1444800.0,494,750000,Personal,36,7.53,0,0
Applicant_2521,38,Female,Married,2,Salaried,15,76100.0,913200.0,642,100000,Education,180,8.76,0,0
Applicant_2522,29,Male,Single,0,Salaried,4,49000.0,588000.0,601,150000,Personal,36,12.76,1,0
Applicant_2523,45,Male,Single,0,Freelancer,14,72900.0,874800.0,746,300000,Home,12,8.54,0,0
Applicant_2524,60,Female,Divorced,1,Freelancer,2,34200.0,410400.0,685,500000,Personal,12,7.24,0,1
Applicant_2525,34,Female,Divorced,2,Salaried,5,39400.0,472800.0,477,400000,Home,36,14.72,1,1
Applicant_2526,45,Female,Single,1,Self-Employed,2,40500.0,486000.0,773,500000,Home,12,15.52,2,1
Applicant_2527,42,Female,Single,0,Salaried,4,42500.0,510000.0,698,250000,Home,240,16.28,4,1
Applicant_2528,50,Male,Single,3,Salaried,32,106400.0,1276800.0,546,750000,Vehicle,48,16.21,2,0
Applicant_2529,40,Female,Married,0,Unemployed,0,5000.0,60000.0,615,300000,Home,36,10.86,3,1
Applicant_2530,41,Male,Single,0,Salaried,21,71800.0,861600.0,520,1000000,Vehicle,120,14.95,1,1
Applicant_2531,64,Male,Single,2,Salaried,30,103000.0,1236000.0,632,100000,Home,24,13.21,1,0
Applicant_2532,52,Male,Single,0,Salaried,11,62800.0,753600.0,665,300000,Personal,48,6.77,2,0
Applicant_2533,41,Female,Married,1,Unemployed,0,21000.0,252000.0,616,200000,Education,36,11.12,2,1
Applicant_2534,55,Male,Divorced,4,Self-Employed,13,54800.0,657600.0,604,250000,Education,240,7.11,2,0
Applicant_2535,52,Female,Single,2,Self-Employed,11,27300.0,327600.0,488,250000,Vehicle,240,7.46,0,0
Applicant_2536,50,Male,Married,2,Self-Employed,26,81500.0,978000.0,683,50000,Home,24,7.14,1,0
Applicant_2537,59,Male,Single,2,Salaried,12,39600.0,475200.0,457,1000000,Home,240,17.55,1,1
Applicant_2538,32,Female,Married,0,Freelancer,7,45200.0,542400.0,653,250000,Personal,180,16.21,0,0
Applicant_2539,61,Male,Married,1,Salaried,37,88900.0,1066800.0,470,1000000,Business,120,11.55,4,1
Applicant_2540,38,Male,Single,1,Self-Employed,20,60200.0,722400.0,655,750000,Vehicle,24,9.35,1,0
Applicant_2541,41,Male,Single,4,Self-Employed,14,57600.0,691200.0,649,500000,Business,240,7.33,3,0
Applicant_2542,33,Other,Married,0,Salaried,11,85200.0,1022400.0,690,500000,Personal,60,11.46,0,0
Applicant_2543,41,Male,Single,1,Salaried,21,65900.0,790800.0,736,150000,Personal,240,13.4,2,0
Applicant_2544,28,Male,Married,4,Self-Employed,6,47200.0,566400.0,754,750000,Personal,180,15.67,4,1
Applicant_2545,60,Male,Married,2,Salaried,8,64700.0,776400.0,488,750000,Personal,60,7.09,0,1
Applicant_2546,27,Male,Single,4,Salaried,7,76300.0,915600.0,644,1000000,Home,180,11.31,1,1
Applicant_2547,43,Male,Married,2,Salaried,4,59700.0,716400.0,851,400000,Personal,24,17.73,1,0
Applicant_2548,64,Male,Married,1,Freelancer,14,69400.0,832800.0,661,300000,Home,36,7.89,1,0
Applicant_2549,52,Male,Married,3,Freelancer,6,50000.0,600000.0,566,750000,Personal,36,11.1,2,1
Applicant_2550,31,Other,Single,0,Freelancer,7,20900.0,250800.0,642,300000,Education,36,9.66,1,1
Applicant_2551,42,Male,Married,0,Self-Employed,16,72400.0,868800.0,611,150000,Education,240,8.04,2,0
Applicant_2552,42,Male,Married,2,Self-Employed,15,77700.0,932400.0,532,300000,Personal,240,16.15,1,0
Applicant_2553,63,Male,Married,2,Salaried,23,71700.0,860400.0,736,100000,Home,36,14.52,0,0
Applicant_2554,45,Male,Married,3,Salaried,10,51300.0,615600.0,708,100000,Home,240,11.23,4,0
Applicant_2555,42,Female,Single,4,Freelancer,6,25000.0,300000.0,516,400000,Home,24,10.74,0,1
Applicant_2556,48,Male,Married,3,Freelancer,10,56600.0,679200.0,640,500000,Home,120,16.02,2,1
Applicant_2557,49,Male,Married,0,Freelancer,27,78000.0,936000.0,593,400000,Home,12,7.54,0,0
Applicant_2558,33,Female,Single,2,Self-Employed,11,52200.0,626400.0,489,250000,Business,240,8.19,4,0
Applicant_2559,38,Male,Married,2,Freelancer,1,7800.0,93600.0,508,200000,Personal,240,16.93,4,1
Applicant_2560,22,Male,Single,4,Unemployed,0,5000.0,60000.0,523,500000,Personal,180,15.9,1,1
Applicant_2561,49,Male,Single,1,Salaried,1,33500.0,402000.0,644,750000,Personal,12,15.41,0,1
Applicant_2562,41,Male,Divorced,0,Salaried,5,53700.0,644400.0,604,400000,Business,120,13.68,3,1
Applicant_2563,35,Male,Single,3,Self-Employed,2,21900.0,262800.0,554,50000,Home,120,9.86,0,0
Applicant_2564,47,Male,Single,1,Salaried,0,42700.0,512400.0,610,200000,Vehicle,180,17.25,2,0
Applicant_2565,51,Female,Married,2,Freelancer,30,78400.0,940800.0,724,200000,Vehicle,240,12.16,4,0
Applicant_2566,35,Female,Divorced,1,Salaried,15,51300.0,615600.0,685,1000000,Home,36,9.73,2,1
Applicant_2567,43,Male,Divorced,1,Self-Employed,13,41100.0,493200.0,750,150000,Personal,60,10.7,3,0
Applicant_2568,44,Male,Married,2,Self-Employed,16,49300.0,591600.0,627,200000,Home,24,6.69,0,0
Applicant_2569,64,Male,Single,1,Self-Employed,17,65900.0,790800.0,810,750000,Home,12,9.43,4,0
Applicant_2570,33,Male,Divorced,2,Salaried,8,57800.0,693600.0,684,50000,Education,120,8.66,0,0
Applicant_2571,42,Male,Married,0,Unemployed,0,9000.0,108000.0,601,100000,Business,24,8.06,0,1
Applicant_2572,63,Female,Married,1,Salaried,3,50600.0,607200.0,659,400000,Personal,60,6.87,4,1
Applicant_2573,57,Female,Married,1,Freelancer,34,81600.0,979200.0,525,750000,Personal,120,9.11,2,0
Applicant_2574,53,Other,Married,2,Freelancer,35,110900.0,1330800.0,619,400000,Personal,24,7.69,3,0
Applicant_2575,23,Female,Single,1,Salaried,4,41400.0,496800.0,692,50000,Personal,60,7.02,3,0
Applicant_2576,39,Male,Married,2,Unemployed,0,11800.0,141600.0,711,400000,Education,120,8.08,2,1
Applicant_2577,43,Male,Married,2,Self-Employed,13,58500.0,702000.0,608,300000,Vehicle,60,8.83,0,0
Applicant_2578,49,Male,Single,2,Self-Employed,29,98600.0,1183200.0,900,50000,Personal,180,11.28,2,0
Applicant_2579,50,Male,Single,2,Self-Employed,13,57800.0,693600.0,632,50000,Personal,48,13.21,0,0
Applicant_2580,59,Female,Married,1,Self-Employed,36,112900.0,1354800.0,482,100000,Personal,240,10.21,0,0
Applicant_2581,64,Male,Single,1,Salaried,4,47900.0,574800.0,771,300000,Vehicle,240,8.12,2,0
Applicant_2582,45,Female,Single,2,Freelancer,26,89200.0,1070400.0,710,200000,Business,120,17.31,4,0
Applicant_2583,57,Male,Married,0,Self-Employed,21,64700.0,776400.0,673,200000,Home,60,12.42,3,0
Applicant_2584,28,Female,Married,3,Salaried,3,19500.0,234000.0,603,300000,Personal,48,15.03,1,1
Applicant_2585,62,Female,Married,3,Self-Employed,37,94400.0,1132800.0,689,750000,Education,120,14.49,3,0
Applicant_2586,36,Female,Married,1,Self-Employed,4,59000.0,708000.0,811,50000,Vehicle,120,9.78,5,0
Applicant_2587,28,Female,Married,2,Self-Employed,2,36700.0,440400.0,670,100000,Personal,60,12.94,1,0
Applicant_2588,21,Male,Married,4,Salaried,3,47400.0,568800.0,502,500000,Home,180,13.42,0,1
Applicant_2589,64,Female,Single,0,Salaried,34,92200.0,1106400.0,304,500000,Personal,60,10.55,0,0
Applicant_2590,25,Other,Married,2,Salaried,2,45000.0,540000.0,688,300000,Education,24,14.21,1,0
Applicant_2591,23,Female,Married,0,Self-Employed,3,25700.0,308400.0,551,300000,Personal,180,15.59,0,1
Applicant_2592,21,Female,Single,1,Unemployed,0,5000.0,60000.0,640,500000,Home,180,10.69,1,1
Applicant_2593,24,Female,Single,3,Salaried,1,36000.0,432000.0,569,100000,Home,48,6.67,2,0
Applicant_2594,60,Female,Married,2,Salaried,17,80700.0,968400.0,561,100000,Home,120,10.52,1,0
Applicant_2595,55,Male,Single,2,Freelancer,29,91300.0,1095600.0,573,50000,Education,12,7.84,5,0
Applicant_2596,52,Female,Single,3,Salaried,28,104700.0,1256400.0,582,300000,Education,12,8.29,1,0
Applicant_2597,62,Male,Married,2,Salaried,38,92200.0,1106400.0,727,300000,Business,240,10.71,0,0
Applicant_2598,54,Male,Married,2,Self-Employed,21,76900.0,922800.0,707,300000,Education,24,8.89,1,0
Applicant_2599,63,Male,Married,2,Freelancer,28,78000.0,936000.0,529,100000,Home,12,17.25,4,0
Applicant_2600,45,Male,Single,2,Freelancer,27,56000.0,672000.0,542,400000,Business,12,14.01,0,0
Applicant_2601,30,Male,Single,3,Freelancer,9,43200.0,518400.0,687,150000,Vehicle,60,12.46,0,0
Applicant_2602,41,Male,Married,4,Salaried,19,74200.0,890400.0,755,50000,Personal,36,6.61,2,0
Applicant_2603,59,Male,Single,2,Freelancer,15,62700.0,752400.0,753,50000,Education,36,7.69,0,0
Applicant_2604,47,Male,Married,2,Salaried,5,51200.0,614400.0,549,750000,Business,240,15.57,3,1
Applicant_2605,47,Male,Single,0,Salaried,16,63800.0,765600.0,748,150000,Home,240,10.98,1,0
Applicant_2606,22,Female,Divorced,3,Salaried,1,55900.0,670800.0,472,500000,Vehicle,12,7.02,3,1
Applicant_2607,61,Other,Married,2,Salaried,31,68700.0,824400.0,629,1000000,Vehicle,24,15.99,2,0
Applicant_2608,33,Female,Single,2,Salaried,11,61000.0,732000.0,698,400000,Personal,24,9.98,0,0
Applicant_2609,29,Other,Married,0,Self-Employed,9,26600.0,319200.0,442,100000,Education,48,10.94,1,1
Applicant_2610,56,Female,Single,3,Self-Employed,9,39300.0,471600.0,859,100000,Home,24,17.71,1,0
Applicant_2611,42,Male,Single,0,Salaried,8,63900.0,766800.0,782,200000,Vehicle,24,6.68,3,0
Applicant_2612,62,Female,Married,0,Self-Employed,21,57900.0,694800.0,714,100000,Business,60,14.8,2,0
Applicant_2613,46,Female,Single,2,Self-Employed,27,67600.0,811200.0,553,250000,Education,60,17.41,3,0
Applicant_2614,32,Male,Married,2,Salaried,14,103700.0,1244400.0,643,1000000,Home,120,7.23,1,0
Applicant_2615,37,Male,Single,1,Salaried,10,39600.0,475200.0,729,400000,Personal,12,16.46,2,0
Applicant_2616,34,Female,Single,2,Salaried,6,76800.0,921600.0,537,100000,Vehicle,120,11.29,0,0
Applicant_2617,34,Male,Single,1,Salaried,1,39400.0,472800.0,631,750000,Business,24,16.6,0,1
Applicant_2618,54,Female,Married,0,Freelancer,31,79100.0,949200.0,741,50000,Home,36,10.05,0,0
Applicant_2619,40,Male,Married,0,Salaried,1,50500.0,606000.0,500,100000,Personal,24,17.8,3,0
Applicant_2620,31,Female,Single,3,Salaried,9,78000.0,936000.0,683,400000,Home,180,13.94,1,0
Applicant_2621,36,Male,Single,0,Salaried,12,46800.0,561600.0,474,250000,Vehicle,240,13.71,1,0
Applicant_2622,51,Male,Divorced,0,Freelancer,10,37300.0,447600.0,555,50000,Education,24,15.77,4,0
Applicant_2623,26,Male,Divorced,2,Salaried,8,68700.0,824400.0,599,200000,Business,240,11.52,1,0
Applicant_2624,39,Female,Married,1,Self-Employed,18,75300.0,903600.0,701,500000,Home,12,9.47,2,0
Applicant_2625,57,Female,Married,2,Salaried,19,94500.0,1134000.0,579,250000,Home,36,9.52,5,0
Applicant_2626,24,Female,Married,3,Freelancer,0,32700.0,392400.0,662,100000,Personal,240,10.3,1,0
Applicant_2627,24,Male,Single,3,Unemployed,0,32100.0,385200.0,581,750000,Business,12,13.6,3,1
Applicant_2628,40,Female,Single,1,Self-Employed,16,69700.0,836400.0,596,50000,Home,24,16.14,1,0
Applicant_2629,30,Male,Single,1,Freelancer,3,34300.0,411600.0,775,50000,Personal,36,12.25,0,0
Applicant_2630,44,Male,Married,2,Self-Employed,17,73800.0,885600.0,534,1000000,Personal,24,11.14,3,1
Applicant_2631,55,Male,Married,1,Freelancer,31,84900.0,1018800.0,725,250000,Business,240,15.63,4,0
Applicant_2632,46,Female,Married,0,Freelancer,7,51700.0,620400.0,649,750000,Personal,120,9.83,1,1
Applicant_2633,57,Male,Single,1,Salaried,3,49600.0,595200.0,592,300000,Home,12,14.42,1,0
Applicant_2634,58,Male,Married,0,Self-Employed,31,108800.0,1305600.0,528,250000,Personal,240,7.72,1,0
Applicant_2635,41,Female,Married,4,Unemployed,0,19200.0,230400.0,535,300000,Vehicle,180,7.8,5,1
Applicant_2636,60,Female,Married,2,Salaried,18,82400.0,988800.0,576,300000,Vehicle,12,13.91,4,0
Applicant_2637,59,Male,Single,0,Unemployed,0,12500.0,150000.0,634,750000,Personal,60,7.45,0,1
Applicant_2638,41,Male,Married,0,Self-Employed,2,23800.0,285600.0,710,750000,Vehicle,36,8.28,3,1
Applicant_2639,30,Male,Single,4,Self-Employed,5,36700.0,440400.0,619,250000,Home,60,13.68,2,1
Applicant_2640,58,Male,Married,1,Self-Employed,27,101700.0,1220400.0,626,200000,Personal,240,11.54,0,0
Applicant_2641,24,Female,Married,2,Freelancer,4,54400.0,652800.0,641,50000,Business,120,12.95,1,0
Applicant_2642,40,Male,Single,1,Salaried,5,20900.0,250800.0,697,300000,Home,180,17.73,0,0
Applicant_2643,37,Female,Married,3,Salaried,5,41500.0,498000.0,714,400000,Vehicle,36,13.77,4,1
Applicant_2644,27,Female,Single,2,Self-Employed,7,49400.0,592800.0,511,400000,Education,240,13.29,0,0
Applicant_2645,24,Male,Married,0,Unemployed,0,5000.0,60000.0,621,50000,Education,48,10.87,4,1
Applicant_2646,49,Other,Single,0,Self-Employed,7,36700.0,440400.0,772,300000,Home,180,13.76,4,1
Applicant_2647,34,Male,Married,2,Salaried,16,79100.0,949200.0,518,500000,Education,36,6.65,0,0
Applicant_2648,23,Male,Divorced,4,Salaried,1,65700.0,788400.0,657,150000,Personal,180,12.91,2,0
Applicant_2649,44,Male,Single,0,Unemployed,0,5000.0,60000.0,632,50000,Personal,180,7.29,1,1
Applicant_2650,57,Male,Married,2,Salaried,4,45400.0,544800.0,593,400000,Home,240,9.03,5,1
Applicant_2651,36,Male,Married,1,Self-Employed,18,77900.0,934800.0,809,200000,Business,24,12.98,3,0
Applicant_2652,24,Male,Single,3,Salaried,2,55700.0,668400.0,653,250000,Home,36,14.18,2,0
Applicant_2653,44,Female,Married,2,Salaried,9,62800.0,753600.0,801,100000,Business,60,10.93,4,0
Applicant_2654,54,Female,Married,1,Salaried,34,134400.0,1612800.0,650,400000,Education,12,11.32,0,0
Applicant_2655,50,Female,Divorced,0,Salaried,21,82400.0,988800.0,696,50000,Personal,12,12.23,1,0
Applicant_2656,38,Male,Married,0,Freelancer,9,62700.0,752400.0,592,200000,Education,240,15.23,3,0
Applicant_2657,39,Female,Married,2,Salaried,1,32300.0,387600.0,593,500000,Personal,36,6.7,0,1
Applicant_2658,51,Female,Married,1,Salaried,27,94900.0,1138800.0,690,400000,Business,48,11.64,4,0
Applicant_2659,39,Female,Married,1,Self-Employed,8,32800.0,393600.0,692,400000,Vehicle,12,6.66,2,0
Applicant_2660,39,Female,Married,4,Unemployed,0,18500.0,222000.0,709,400000,Education,120,10.17,1,1
Applicant_2661,42,Female,Single,1,Self-Employed,4,41200.0,494400.0,687,250000,Personal,12,12.48,1,0
Applicant_2662,44,Male,Married,2,Salaried,20,85400.0,1024800.0,516,1000000,Personal,180,7.42,0,0
Applicant_2663,32,Female,Married,0,Salaried,0,35300.0,423600.0,569,150000,Vehicle,120,12.08,0,0
Applicant_2664,50,Male,Married,0,Self-Employed,5,53800.0,645600.0,734,1000000,Business,120,17.13,1,1
Applicant_2665,58,Other,Married,1,Freelancer,4,39000.0,468000.0,454,400000,Education,120,14.38,3,1
Applicant_2666,51,Male,Single,2,Salaried,6,37100.0,445200.0,679,500000,Personal,12,15.5,1,0
Applicant_2667,56,Male,Divorced,1,Salaried,31,87900.0,1054800.0,638,400000,Home,48,13.17,1,0
Applicant_2668,39,Male,Married,3,Self-Employed,3,40600.0,487200.0,734,300000,Business,60,16.81,1,0
Applicant_2669,56,Female,Married,1,Self-Employed,20,84900.0,1018800.0,691,750000,Business,36,8.19,0,0
Applicant_2670,50,Male,Single,1,Self-Employed,31,124900.0,1498800.0,583,300000,Vehicle,120,11.67,5,0
Applicant_2671,53,Male,Single,3,Salaried,17,78500.0,942000.0,579,250000,Personal,240,13.37,0,0
Applicant_2672,38,Other,Married,1,Salaried,0,55100.0,661200.0,597,300000,Personal,48,16.54,1,1
Applicant_2673,48,Female,Divorced,0,Salaried,13,41800.0,501600.0,708,1000000,Personal,180,10.04,3,1
Applicant_2674,31,Male,Single,0,Salaried,5,80200.0,962400.0,419,200000,Personal,180,6.51,1,0
Applicant_2675,53,Male,Single,2,Unemployed,0,14100.0,169200.0,665,300000,Education,36,17.71,1,1
Applicant_2676,37,Female,Married,3,Salaried,10,59300.0,711600.0,561,200000,Business,24,6.8,5,1
Applicant_2677,26,Female,Single,0,Self-Employed,3,38500.0,462000.0,669,250000,Home,120,8.25,2,0
Applicant_2678,24,Male,Single,1,Self-Employed,4,26400.0,316800.0,684,300000,Home,36,11.35,0,1
Applicant_2679,40,Female,Married,2,Salaried,2,31700.0,380400.0,483,50000,Business,120,12.21,3,0
Applicant_2680,47,Male,Divorced,4,Freelancer,15,83700.0,1004400.0,627,300000,Vehicle,12,16.1,0,0
Applicant_2681,35,Female,Single,1,Self-Employed,15,50200.0,602400.0,665,300000,Personal,48,11.65,1,0
Applicant_2682,26,Female,Married,3,Unemployed,0,5000.0,60000.0,658,50000,Business,120,12.8,3,1
Applicant_2683,34,Male,Single,1,Salaried,6,41500.0,498000.0,637,400000,Business,48,8.8,5,1
Applicant_2684,31,Male,Single,0,Salaried,7,36000.0,432000.0,527,1000000,Education,60,13.05,1,1
Applicant_2685,59,Female,Single,0,Salaried,35,110200.0,1322400.0,543,250000,Home,24,10.51,0,0
Applicant_2686,29,Female,Married,1,Salaried,11,78300.0,939600.0,512,500000,Vehicle,180,7.64,2,1
Applicant_2687,46,Male,Single,1,Salaried,11,52800.0,633600.0,705,250000,Vehicle,180,17.38,4,0
Applicant_2688,36,Female,Married,4,Freelancer,9,22400.0,268800.0,638,1000000,Personal,60,7.44,2,1
Applicant_2689,25,Female,Single,0,Salaried,3,50400.0,604800.0,644,250000,Home,60,14.3,2,0
Applicant_2690,30,Male,Single,1,Unemployed,0,5000.0,60000.0,479,100000,Vehicle,24,16.94,1,1
Applicant_2691,23,Female,Single,0,Self-Employed,2,54000.0,648000.0,646,200000,Business,12,8.56,2,0
Applicant_2692,33,Female,Married,2,Self-Employed,10,48200.0,578400.0,713,200000,Home,48,9.23,4,0
Applicant_2693,63,Female,Married,3,Salaried,5,46100.0,553200.0,465,1000000,Home,36,11.41,1,1
Applicant_2694,50,Male,Married,0,Salaried,28,93800.0,1125600.0,596,1000000,Vehicle,24,9.89,0,0
Applicant_2695,26,Male,Married,1,Freelancer,1,28300.0,339600.0,492,500000,Home,60,15.23,1,1
Applicant_2696,37,Male,Single,0,Salaried,8,50100.0,601200.0,607,150000,Education,240,10.39,1,0
Applicant_2697,39,Female,Married,1,Freelancer,10,36700.0,440400.0,559,50000,Personal,180,17.84,1,0
Applicant_2698,62,Female,Single,0,Self-Employed,15,37200.0,446400.0,688,400000,Home,36,16.38,0,0
Applicant_2699,55,Female,Married,1,Freelancer,12,40500.0,486000.0,666,750000,Home,120,16.8,1,1
Applicant_2700,46,Female,Single,2,Self-Employed,21,87700.0,1052400.0,779,300000,Education,24,7.23,3,0
Applicant_2701,25,Male,Single,2,Salaried,5,62800.0,753600.0,644,100000,Education,120,8.53,1,0
Applicant_2702,49,Other,Married,0,Self-Employed,27,81900.0,982800.0,683,100000,Business,24,8.45,5,0
Applicant_2703,57,Male,Married,1,Salaried,17,93500.0,1122000.0,594,50000,Personal,12,14.23,2,0
Applicant_2704,40,Female,Divorced,2,Self-Employed,20,74600.0,895200.0,539,300000,Education,120,6.64,1,0
Applicant_2705,41,Male,Married,2,Salaried,0,19900.0,238800.0,733,500000,Education,12,15.77,0,1
Applicant_2706,30,Female,Married,0,Salaried,3,21200.0,254400.0,774,50000,Home,48,12.79,2,0
Applicant_2707,25,Female,Single,3,Salaried,1,60300.0,723600.0,720,50000,Home,48,13.01,1,0
Applicant_2708,56,Female,Divorced,1,Unemployed,0,5000.0,60000.0,663,50000,Business,36,12.68,4,1
Applicant_2709,26,Male,Married,0,Self-Employed,2,20800.0,249600.0,552,1000000,Home,48,12.66,0,1
Applicant_2710,46,Male,Married,0,Unemployed,0,5000.0,60000.0,764,250000,Personal,240,8.78,0,1
Applicant_2711,24,Female,Single,4,Salaried,0,34100.0,409200.0,707,400000,Business,120,9.76,0,1
Applicant_2712,59,Female,Married,0,Self-Employed,0,41100.0,493200.0,852,200000,Education,120,12.11,2,0
Applicant_2713,59,Male,Single,3,Salaried,32,93500.0,1122000.0,534,50000,Education,24,14.3,3,0
Applicant_2714,55,Female,Married,1,Salaried,14,52200.0,626400.0,736,50000,Vehicle,240,9.63,0,0
Applicant_2715,21,Male,Married,1,Freelancer,0,16800.0,201600.0,704,1000000,Vehicle,24,15.77,2,1
Applicant_2716,44,Male,Divorced,2,Unemployed,0,23600.0,283200.0,615,150000,Vehicle,24,15.82,0,1
Applicant_2717,56,Female,Married,0,Salaried,1,21100.0,253200.0,786,250000,Personal,120,9.65,2,1
Applicant_2718,26,Female,Married,1,Unemployed,0,5000.0,60000.0,690,250000,Vehicle,24,12.94,0,1
Applicant_2719,61,Other,Single,1,Self-Employed,10,73200.0,878400.0,556,750000,Business,12,10.51,2,1
Applicant_2720,64,Female,Married,3,Unemployed,0,12400.0,148800.0,638,750000,Personal,24,8.69,1,1
Applicant_2721,51,Male,Married,1,Self-Employed,33,103700.0,1244400.0,555,750000,Personal,240,15.77,0,0
Applicant_2722,40,Male,Married,1,Unemployed,0,5000.0,60000.0,603,500000,Home,24,17.9,2,1
Applicant_2723,44,Male,Married,0,Freelancer,19,63500.0,762000.0,720,750000,Personal,24,13.01,2,1
Applicant_2724,45,Male,Married,2,Salaried,8,47900.0,574800.0,748,500000,Education,60,17.01,2,0
Applicant_2725,56,Female,Single,0,Salaried,18,63100.0,757200.0,672,500000,Education,120,13.88,1,0
Applicant_2726,41,Male,Married,0,Salaried,1,25800.0,309600.0,574,500000,Home,120,13.01,2,1
Applicant_2727,50,Male,Single,0,Self-Employed,19,84800.0,1017600.0,688,500000,Education,36,12.02,1,0
Applicant_2728,44,Male,Married,2,Freelancer,8,40100.0,481200.0,722,250000,Personal,120,9.21,4,1
Applicant_2729,64,Male,Married,1,Freelancer,30,89700.0,1076400.0,452,1000000,Personal,240,7.47,4,1
Applicant_2730,62,Male,Single,1,Self-Employed,3,43300.0,519600.0,661,150000,Education,180,11.59,2,0
Applicant_2731,50,Female,Married,2,Salaried,28,102600.0,1231200.0,630,200000,Business,36,12.96,4,0
Applicant_2732,42,Female,Married,4,Salaried,23,82200.0,986400.0,745,750000,Personal,240,12.36,4,0
Applicant_2733,48,Female,Married,2,Salaried,29,90800.0,1089600.0,688,400000,Personal,240,14.5,0,0
Applicant_2734,27,Female,Single,1,Self-Employed,3,28800.0,345600.0,698,750000,Education,24,8.71,5,1
Applicant_2735,55,Male,Single,2,Salaried,33,84800.0,1017600.0,601,400000,Business,120,10.57,0,0
Applicant_2736,48,Female,Married,4,Salaried,27,77200.0,926400.0,650,500000,Personal,24,11.28,0,0
Applicant_2737,34,Male,Single,1,Salaried,8,50500.0,606000.0,744,150000,Vehicle,36,8.65,5,1
Applicant_2738,30,Male,Married,1,Salaried,3,22000.0,264000.0,643,500000,Home,48,16.92,0,1
Applicant_2739,36,Female,Married,0,Salaried,0,19300.0,231600.0,667,200000,Education,60,14.34,2,1
Applicant_2740,36,Male,Single,3,Salaried,2,59600.0,715200.0,496,300000,Home,60,7.56,5,1
Applicant_2741,51,Female,Married,0,Unemployed,0,8400.0,100800.0,643,50000,Home,120,14.7,0,1
Applicant_2742,62,Male,Married,0,Salaried,23,79200.0,950400.0,448,100000,Education,48,12.8,0,0
Applicant_2743,45,Female,Married,1,Freelancer,24,107100.0,1285200.0,598,400000,Vehicle,24,12.53,2,0
Applicant_2744,33,Male,Married,3,Salaried,7,29300.0,351600.0,656,300000,Personal,36,17.88,3,1
Applicant_2745,26,Male,Married,1,Freelancer,4,47600.0,571200.0,726,1000000,Education,180,13.61,3,1
Applicant_2746,64,Female,Single,2,Self-Employed,11,55300.0,663600.0,550,250000,Business,60,16.81,4,1
Applicant_2747,29,Male,Married,3,Freelancer,10,56800.0,681600.0,687,400000,Home,48,17.01,0,0
Applicant_2748,56,Male,Single,1,Freelancer,29,84600.0,1015200.0,796,100000,Education,240,7.67,1,0
Applicant_2749,63,Male,Divorced,2,Self-Employed,12,30900.0,370800.0,585,1000000,Personal,180,6.6,2,1
Applicant_2750,40,Female,Married,1,Unemployed,0,6400.0,76800.0,495,200000,Personal,48,11.51,2,1
Applicant_2751,38,Female,Married,4,Self-Employed,14,68000.0,816000.0,678,250000,Personal,12,15.35,1,0
Applicant_2752,63,Male,Married,2,Self-Employed,24,50100.0,601200.0,530,500000,Home,120,15.98,1,0
Applicant_2753,41,Other,Single,4,Salaried,19,107200.0,1286400.0,568,300000,Education,48,15.56,1,0
Applicant_2754,24,Female,Divorced,0,Unemployed,0,9700.0,116400.0,742,300000,Vehicle,240,11.64,4,1
Applicant_2755,53,Female,Single,1,Freelancer,24,83100.0,997200.0,837,250000,Vehicle,12,15.12,4,0
Applicant_2756,47,Female,Single,0,Salaried,16,54500.0,654000.0,549,1000000,Education,12,14.77,0,1
Applicant_2757,27,Male,Single,1,Self-Employed,2,49400.0,592800.0,576,250000,Personal,120,10.11,1,0
Applicant_2758,26,Female,Divorced,3,Freelancer,3,47300.0,567600.0,606,50000,Home,60,8.44,1,0
Applicant_2759,35,Male,Married,1,Freelancer,10,48800.0,585600.0,595,200000,Education,180,13.65,5,0
Applicant_2760,38,Male,Married,0,Unemployed,0,5000.0,60000.0,843,750000,Business,180,14.29,4,1
Applicant_2761,52,Other,Married,0,Salaried,9,44600.0,535200.0,596,100000,Personal,24,13.03,2,0
Applicant_2762,31,Female,Married,1,Salaried,0,36800.0,441600.0,611,300000,Business,24,8.95,0,0
Applicant_2763,40,Male,Married,0,Self-Employed,21,69300.0,831600.0,811,100000,Personal,48,9.68,0,0
Applicant_2764,44,Male,Married,1,Salaried,12,72600.0,871200.0,707,750000,Personal,36,14.65,1,0
Applicant_2765,35,Female,Married,3,Salaried,15,57300.0,687600.0,748,250000,Home,180,17.57,5,0
Applicant_2766,27,Male,Single,1,Self-Employed,3,49500.0,594000.0,559,750000,Business,180,17.37,0,1
Applicant_2767,41,Male,Single,2,Salaried,19,65400.0,784800.0,596,1000000,Vehicle,36,12.48,3,1
Applicant_2768,62,Male,Married,1,Salaried,4,44100.0,529200.0,546,250000,Personal,12,16.7,0,0
Applicant_2769,46,Male,Married,2,Salaried,8,65200.0,782400.0,730,750000,Home,180,6.84,1,0
Applicant_2770,64,Female,Married,0,Self-Employed,31,86400.0,1036800.0,772,100000,Vehicle,120,16.4,3,0
Applicant_2771,34,Male,Married,4,Salaried,3,55800.0,669600.0,590,400000,Education,48,11.98,2,1
Applicant_2772,57,Female,Single,2,Salaried,6,60300.0,723600.0,613,500000,Personal,48,15.49,3,1
Applicant_2773,41,Male,Married,0,Self-Employed,13,56900.0,682800.0,617,150000,Home,24,6.56,3,0
Applicant_2774,38,Female,Married,0,Salaried,13,83400.0,1000800.0,495,50000,Home,36,16.49,1,0
Applicant_2775,25,Other,Single,0,Unemployed,0,6200.0,74400.0,582,100000,Home,60,13.34,1,1
Applicant_2776,23,Female,Married,2,Salaried,1,58500.0,702000.0,727,1000000,Personal,180,9.26,3,1
Applicant_2777,43,Female,Single,2,Freelancer,5,61900.0,742800.0,562,250000,Personal,180,10.5,0,0
Applicant_2778,46,Female,Married,1,Self-Employed,6,43400.0,520800.0,659,750000,Personal,120,8.81,1,1
Applicant_2779,57,Male,Single,1,Freelancer,39,112700.0,1352400.0,519,250000,Personal,48,11.38,4,0
Applicant_2780,44,Female,Divorced,3,Salaried,0,30400.0,364800.0,635,50000,Personal,240,10.3,4,1
Applicant_2781,39,Female,Married,3,Salaried,16,56500.0,678000.0,593,50000,Business,48,12.65,3,0
Applicant_2782,45,Male,Single,2,Freelancer,25,72100.0,865200.0,527,100000,Vehicle,24,15.87,0,0
Applicant_2783,41,Male,Married,1,Salaried,18,55600.0,667200.0,729,50000,Education,60,17.8,4,0
Applicant_2784,32,Female,Married,3,Self-Employed,5,30900.0,370800.0,734,500000,Home,60,9.39,4,1
Applicant_2785,61,Female,Married,2,Salaried,38,124900.0,1498800.0,553,100000,Personal,240,7.72,2,0
Applicant_2786,53,Male,Married,1,Self-Employed,17,61300.0,735600.0,628,500000,Home,240,11.05,0,0
Applicant_2787,24,Male,Single,0,Unemployed,0,15700.0,188400.0,654,250000,Vehicle,60,8.15,1,1
Applicant_2788,62,Female,Married,2,Unemployed,0,9500.0,114000.0,468,50000,Home,120,16.09,3,1
Applicant_2789,27,Male,Married,0,Salaried,5,77800.0,933600.0,510,200000,Personal,60,12.26,3,0
Applicant_2790,42,Female,Single,0,Salaried,20,87900.0,1054800.0,778,100000,Home,180,13.63,1,0
Applicant_2791,53,Female,Married,3,Unemployed,0,21700.0,260400.0,543,300000,Personal,36,8.23,1,1
Applicant_2792,37,Female,Divorced,2,Freelancer,5,41000.0,492000.0,775,250000,Home,120,15.12,2,0
Applicant_2793,44,Male,Married,3,Salaried,0,44700.0,536400.0,515,750000,Business,240,17.7,2,1
Applicant_2794,54,Female,Married,1,Self-Employed,29,110500.0,1326000.0,715,150000,Vehicle,180,12.05,1,0
Applicant_2795,48,Female,Single,4,Salaried,9,68000.0,816000.0,618,250000,Education,12,17.57,1,0
Applicant_2796,63,Female,Married,1,Unemployed,0,8200.0,98400.0,632,1000000,Education,180,6.9,2,1
Applicant_2797,61,Male,Single,2,Salaried,7,57100.0,685200.0,835,400000,Personal,60,6.91,0,0
Applicant_2798,59,Male,Single,1,Self-Employed,29,101100.0,1213200.0,524,750000,Personal,12,17.54,0,0
Applicant_2799,42,Other,Married,0,Self-Employed,6,36900.0,442800.0,709,150000,Home,12,14.55,2,0
Applicant_2800,37,Male,Married,1,Unemployed,0,5000.0,60000.0,705,200000,Business,180,8.67,0,1
Applicant_2801,54,Male,Married,2,Freelancer,8,62400.0,748800.0,900,50000,Home,24,10.68,3,0
Applicant_2802,26,Male,Single,0,Salaried,0,68000.0,816000.0,542,100000,Home,60,12.34,3,1
Applicant_2803,26,Female,Married,1,Self-Employed,8,37100.0,445200.0,587,150000,Personal,36,14.58,2,0
Applicant_2804,54,Male,Divorced,0,Unemployed,0,5000.0,60000.0,731,1000000,Home,240,16.18,4,1
Applicant_2805,21,Male,Married,0,Self-Employed,2,56100.0,673200.0,629,400000,Personal,24,7.45,0,1
Applicant_2806,30,Male,Married,2,Self-Employed,10,63000.0,756000.0,603,400000,Home,180,14.05,0,0
Applicant_2807,41,Female,Divorced,4,Freelancer,2,39100.0,469200.0,745,50000,Business,24,11.98,0,0
Applicant_2808,25,Male,Married,1,Salaried,1,55400.0,664800.0,623,750000,Personal,180,13.37,3,1
Applicant_2809,22,Male,Single,2,Self-Employed,2,35400.0,424800.0,560,150000,Personal,12,12.35,1,0
Applicant_2810,42,Male,Single,4,Salaried,4,52900.0,634800.0,722,150000,Home,48,11.68,0,0
Applicant_2811,22,Female,Divorced,2,Salaried,3,49800.0,597600.0,687,100000,Home,36,8.86,0,0
Applicant_2812,30,Male,Married,2,Freelancer,3,18100.0,217200.0,618,150000,Personal,120,11.93,4,1
Applicant_2813,54,Male,Single,0,Salaried,7,58700.0,704400.0,613,300000,Education,240,8.68,2,0
Applicant_2814,36,Male,Married,1,Salaried,9,76600.0,919200.0,558,1000000,Education,240,7.01,1,1
Applicant_2815,59,Other,Married,1,Salaried,34,103000.0,1236000.0,722,200000,Personal,240,10.8,5,0
Applicant_2816,42,Female,Divorced,1,Salaried,12,66300.0,795600.0,613,100000,Home,60,6.79,3,0
Applicant_2817,32,Other,Single,3,Freelancer,0,28100.0,337200.0,573,500000,Business,60,12.97,0,1
Applicant_2818,44,Female,Married,1,Self-Employed,4,38700.0,464400.0,521,50000,Vehicle,36,7.33,1,0
Applicant_2819,60,Male,Married,0,Salaried,39,128200.0,1538400.0,689,1000000,Personal,60,11.53,1,0
Applicant_2820,58,Female,Married,3,Self-Employed,18,60800.0,729600.0,599,500000,Vehicle,48,17.77,3,0
Applicant_2821,30,Male,Single,1,Self-Employed,1,57000.0,684000.0,448,100000,Vehicle,120,6.61,0,1
Applicant_2822,55,Female,Divorced,4,Salaried,32,113400.0,1360800.0,529,750000,Home,48,10.72,1,0
Applicant_2823,52,Male,Married,2,Freelancer,3,16900.0,202800.0,626,200000,Home,240,14.24,2,1
Applicant_2824,27,Male,Married,0,Salaried,1,67500.0,810000.0,629,200000,Personal,60,8.33,4,0
Applicant_2825,41,Female,Married,2,Freelancer,13,53500.0,642000.0,625,400000,Personal,24,12.95,4,0
Applicant_2826,40,Male,Single,2,Salaried,10,49200.0,590400.0,611,150000,Education,240,9.47,1,0
Applicant_2827,46,Female,Divorced,0,Salaried,28,112600.0,1351200.0,502,1000000,Education,120,9.06,2,0
Applicant_2828,24,Male,Married,1,Salaried,6,59400.0,712800.0,562,150000,Personal,120,16.79,3,0
Applicant_2829,42,Male,Married,1,Salaried,8,29400.0,352800.0,768,200000,Personal,240,8.84,2,0
Applicant_2830,35,Female,Single,2,Freelancer,12,41100.0,493200.0,753,1000000,Home,60,10.83,4,1
Applicant_2831,60,Female,Married,0,Salaried,25,94200.0,1130400.0,707,150000,Business,60,8.45,4,0
Applicant_2832,41,Female,Married,2,Salaried,16,39600.0,475200.0,698,1000000,Vehicle,36,9.76,3,1
Applicant_2833,35,Male,Married,0,Unemployed,0,6300.0,75600.0,740,500000,Business,240,9.87,0,1
Applicant_2834,42,Male,Divorced,1,Self-Employed,14,65400.0,784800.0,537,750000,Home,48,10.26,1,1
Applicant_2835,48,Female,Married,0,Salaried,1,24200.0,290400.0,653,250000,Home,120,13.87,1,1
Applicant_2836,34,Female,Married,0,Unemployed,0,9100.0,109200.0,537,150000,Personal,24,15.04,2,1
Applicant_2837,47,Male,Married,1,Salaried,5,50100.0,601200.0,539,400000,Vehicle,36,12.37,1,1
Applicant_2838,61,Other,Married,0,Freelancer,28,63100.0,757200.0,686,150000,Business,36,13.52,1,0
Applicant_2839,60,Female,Married,1,Salaried,25,103800.0,1245600.0,744,300000,Personal,24,15.85,1,0
Applicant_2840,48,Female,Married,4,Self-Employed,27,101600.0,1219200.0,630,200000,Home,24,17.99,5,0
Applicant_2841,46,Female,Single,1,Self-Employed,6,42700.0,512400.0,814,400000,Business,36,11.75,1,1
Applicant_2842,22,Female,Single,2,Salaried,1,39000.0,468000.0,671,300000,Business,60,17.27,0,1
Applicant_2843,45,Male,Married,4,Self-Employed,23,91900.0,1102800.0,572,400000,Vehicle,180,12.14,0,0
Applicant_2844,23,Male,Divorced,4,Self-Employed,4,40000.0,480000.0,541,200000,Personal,24,15.49,0,0
Applicant_2845,28,Female,Single,3,Freelancer,9,14000.0,168000.0,751,300000,Personal,240,13.09,4,1
Applicant_2846,64,Male,Single,0,Freelancer,40,112300.0,1347600.0,662,1000000,Personal,120,16.67,5,0
Applicant_2847,53,Male,Single,2,Self-Employed,21,64800.0,777600.0,717,400000,Vehicle,12,11.66,1,0
Applicant_2848,62,Male,Married,3,Self-Employed,26,81200.0,974400.0,384,1000000,Personal,24,14.5,2,1
Applicant_2849,55,Male,Married,3,Self-Employed,21,98900.0,1186800.0,674,500000,Education,120,11.86,3,0
Applicant_2850,26,Female,Single,2,Self-Employed,6,45000.0,540000.0,598,1000000,Personal,36,16.36,0,1
Applicant_2851,59,Female,Married,0,Salaried,18,76000.0,912000.0,510,750000,Vehicle,12,17.94,1,1
Applicant_2852,43,Male,Married,4,Self-Employed,3,48600.0,583200.0,643,150000,Personal,36,9.3,2,0
Applicant_2853,45,Male,Married,1,Self-Employed,8,58600.0,703200.0,759,250000,Personal,48,11.95,4,0
Applicant_2854,63,Female,Married,1,Unemployed,0,5000.0,60000.0,876,1000000,Business,48,7.43,2,1
Applicant_2855,39,Female,Single,1,Self-Employed,18,70100.0,841200.0,674,150000,Personal,60,8.12,1,0
Applicant_2856,25,Other,Married,1,Salaried,1,42500.0,510000.0,579,250000,Home,240,17.19,4,1
Applicant_2857,31,Female,Single,0,Self-Employed,11,61100.0,733200.0,573,100000,Business,240,12.75,2,0
Applicant_2858,32,Male,Single,1,Freelancer,12,53300.0,639600.0,746,150000,Personal,24,11.04,3,0
Applicant_2859,30,Male,Married,4,Freelancer,10,83800.0,1005600.0,550,400000,Vehicle,180,14.22,1,0
Applicant_2860,28,Other,Single,1,Freelancer,6,19400.0,232800.0,712,500000,Vehicle,180,12.94,0,1
Applicant_2861,44,Female,Married,1,Freelancer,21,81700.0,980400.0,679,250000,Personal,36,9.82,0,0
Applicant_2862,48,Female,Single,3,Salaried,18,93800.0,1125600.0,668,150000,Vehicle,12,9.11,4,0
Applicant_2863,61,Male,Single,1,Self-Employed,5,52400.0,628800.0,493,200000,Education,120,13.29,0,0
Applicant_2864,56,Female,Married,1,Freelancer,6,27200.0,326400.0,614,150000,Personal,24,8.67,2,1
Applicant_2865,57,Female,Married,1,Salaried,5,75000.0,900000.0,504,150000,Home,60,8.1,1,0
Applicant_2866,41,Male,Married,0,Salaried,0,7100.0,85200.0,591,750000,Home,36,10.16,1,1
Applicant_2867,28,Male,Married,0,Freelancer,0,14800.0,177600.0,741,200000,Vehicle,120,16.41,1,1
Applicant_2868,29,Male,Married,2,Freelancer,8,58600.0,703200.0,773,300000,Vehicle,120,6.92,0,0
Applicant_2869,35,Male,Married,3,Unemployed,0,5000.0,60000.0,671,150000,Personal,36,16.08,0,1
Applicant_2870,60,Male,Married,2,Unemployed,0,28900.0,346800.0,592,500000,Education,48,13.64,0,1
Applicant_2871,38,Male,Single,0,Salaried,5,27300.0,327600.0,808,200000,Personal,60,6.96,0,0
Applicant_2872,62,Female,Single,1,Unemployed,0,5000.0,60000.0,591,500000,Vehicle,120,13.42,0,1
Applicant_2873,40,Male,Married,0,Salaried,17,66000.0,792000.0,536,100000,Home,36,11.4,2,0
Applicant_2874,26,Male,Single,1,Self-Employed,0,41300.0,495600.0,719,750000,Education,48,16.17,0,1
Applicant_2875,32,Female,Single,0,Salaried,10,56700.0,680400.0,695,100000,Business,180,16.93,0,0
Applicant_2876,22,Female,Single,3,Salaried,3,38600.0,463200.0,595,150000,Vehicle,180,9.79,2,0
Applicant_2877,27,Female,Single,0,Unemployed,0,26300.0,315600.0,660,150000,Home,48,15.52,0,1
Applicant_2878,36,Male,Single,0,Salaried,1,64700.0,776400.0,694,250000,Business,12,10.06,4,1
Applicant_2879,23,Female,Single,1,Self-Employed,4,36800.0,441600.0,670,150000,Personal,120,9.9,1,0
Applicant_2880,23,Male,Single,0,Salaried,1,16400.0,196800.0,695,500000,Home,60,8.72,5,1
Applicant_2881,47,Female,Single,2,Salaried,15,37600.0,451200.0,599,1000000,Business,60,14.3,0,1
Applicant_2882,63,Male,Married,3,Salaried,3,49600.0,595200.0,702,400000,Business,180,9.51,0,0
Applicant_2883,60,Female,Single,0,Self-Employed,33,110800.0,1329600.0,651,50000,Home,36,11.85,2,0
Applicant_2884,58,Male,Married,1,Salaried,4,48900.0,586800.0,602,300000,Personal,180,15.84,1,0
Applicant_2885,53,Female,Married,4,Salaried,33,104900.0,1258800.0,625,100000,Business,12,15.61,2,0
Applicant_2886,48,Male,Married,2,Self-Employed,21,64900.0,778800.0,640,500000,Home,24,16.34,1,0
Applicant_2887,21,Male,Married,4,Salaried,1,51800.0,621600.0,505,1000000,Personal,36,8.35,1,1
Applicant_2888,28,Male,Married,0,Salaried,3,71200.0,854400.0,586,500000,Home,48,13.25,3,1
Applicant_2889,57,Female,Single,0,Unemployed,0,5000.0,60000.0,656,400000,Education,24,17.02,0,1
Applicant_2890,52,Other,Divorced,0,Salaried,12,62800.0,753600.0,514,500000,Home,24,6.98,1,0
Applicant_2891,63,Female,Single,1,Salaried,33,91400.0,1096800.0,588,50000,Personal,120,15.64,1,0
Applicant_2892,57,Male,Divorced,2,Self-Employed,5,22600.0,271200.0,888,500000,Home,240,9.33,2,1
Applicant_2893,24,Male,Married,0,Freelancer,4,16100.0,193200.0,537,50000,Education,240,14.2,0,0
Applicant_2894,50,Female,Single,1,Freelancer,32,94700.0,1136400.0,611,150000,Education,36,14.75,1,0
Applicant_2895,26,Male,Married,0,Unemployed,0,11100.0,133200.0,566,200000,Business,120,17.14,1,1
Applicant_2896,39,Female,Married,3,Salaried,20,101900.0,1222800.0,638,150000,Personal,12,12.35,5,0
Applicant_2897,52,Female,Single,0,Unemployed,0,5100.0,61200.0,568,100000,Home,60,16.25,3,1
Applicant_2898,29,Female,Married,0,Unemployed,0,5000.0,60000.0,625,150000,Vehicle,12,7.02,0,1
Applicant_2899,32,Male,Married,2,Freelancer,0,21400.0,256800.0,578,750000,Business,36,11.34,1,1
Applicant_2900,31,Male,Married,0,Self-Employed,10,34200.0,410400.0,755,100000,Personal,60,11.55,3,0
Applicant_2901,36,Male,Single,1,Freelancer,15,36900.0,442800.0,658,250000,Personal,24,12.69,1,0
Applicant_2902,21,Female,Single,1,Salaried,1,50700.0,608400.0,549,150000,Home,180,12.04,1,0
Applicant_2903,41,Male,Married,3,Freelancer,6,39900.0,478800.0,734,750000,Vehicle,180,17.63,1,1
Applicant_2904,50,Male,Married,2,Salaried,21,90800.0,1089600.0,554,400000,Home,48,7.4,1,0
Applicant_2905,33,Male,Married,2,Freelancer,15,49600.0,595200.0,493,1000000,Personal,120,9.55,0,1
Applicant_2906,54,Male,Divorced,4,Self-Employed,13,72900.0,874800.0,649,150000,Personal,12,17.64,2,0
Applicant_2907,24,Female,Single,4,Salaried,4,41800.0,501600.0,840,100000,Vehicle,120,11.62,2,0
Applicant_2908,48,Female,Married,2,Freelancer,24,89800.0,1077600.0,467,100000,Education,120,13.07,0,0
Applicant_2909,58,Male,Married,1,Self-Employed,23,86200.0,1034400.0,516,250000,Personal,180,7.43,2,0
Applicant_2910,51,Male,Married,2,Self-Employed,18,67900.0,814800.0,725,750000,Business,60,9.77,1,0
Applicant_2911,47,Female,Single,1,Salaried,26,95200.0,1142400.0,585,100000,Home,12,6.96,0,0
Applicant_2912,25,Male,Single,4,Freelancer,6,36700.0,440400.0,711,100000,Home,60,8.08,2,0
Applicant_2913,45,Female,Married,2,Self-Employed,27,112900.0,1354800.0,566,500000,Home,48,13.78,3,0
Applicant_2914,23,Female,Single,0,Salaried,4,51700.0,620400.0,664,150000,Home,120,15.28,2,0
Applicant_2915,53,Male,Divorced,0,Self-Employed,22,79000.0,948000.0,824,150000,Home,36,16.51,3,0
Applicant_2916,24,Female,Single,0,Self-Employed,5,41400.0,496800.0,530,300000,Personal,180,9.39,1,0
Applicant_2917,45,Female,Single,0,Self-Employed,12,71600.0,859200.0,752,300000,Business,36,10.33,0,0
Applicant_2918,40,Male,Single,0,Salaried,20,90600.0,1087200.0,717,300000,Vehicle,60,13.05,2,0
Applicant_2919,54,Male,Married,1,Salaried,28,91900.0,1102800.0,501,250000,Personal,60,7.46,0,0
Applicant_2920,46,Male,Married,0,Self-Employed,0,17700.0,212400.0,705,200000,Education,36,15.78,3,1
Applicant_2921,25,Male,Married,2,Unemployed,0,5000.0,60000.0,657,750000,Vehicle,24,12.06,1,1
Applicant_2922,55,Female,Divorced,0,Self-Employed,30,92200.0,1106400.0,659,200000,Business,180,17.6,2,0
Applicant_2923,48,Female,Single,0,Salaried,26,112200.0,1346400.0,683,50000,Personal,24,7.85,2,0
Applicant_2924,49,Female,Single,1,Salaried,11,58200.0,698400.0,614,500000,Education,180,8.03,3,0
Applicant_2925,29,Male,Married,3,Self-Employed,3,32100.0,385200.0,657,500000,Vehicle,24,10.51,3,1
Applicant_2926,58,Male,Married,1,Freelancer,26,50600.0,607200.0,674,150000,Home,180,8.88,0,0
Applicant_2927,26,Female,Married,1,Salaried,8,78700.0,944400.0,724,750000,Home,48,14.51,0,0
Applicant_2928,39,Male,Married,2,Self-Employed,15,73500.0,882000.0,497,400000,Business,240,17.39,4,1
Applicant_2929,64,Female,Married,0,Salaried,14,79900.0,958800.0,779,400000,Personal,60,7.53,1,0
Applicant_2930,31,Male,Single,1,Salaried,7,68400.0,820800.0,534,250000,Home,12,9.29,1,0
Applicant_2931,22,Female,Divorced,0,Salaried,2,41500.0,498000.0,726,150000,Personal,12,9.24,0,0
Applicant_2932,64,Female,Single,2,Freelancer,10,46300.0,555600.0,657,1000000,Business,60,12.35,2,1
Applicant_2933,64,Male,Married,2,Unemployed,0,27300.0,327600.0,521,250000,Business,36,11.7,0,1
Applicant_2934,29,Male,Married,2,Salaried,8,58700.0,704400.0,702,150000,Education,240,14.86,3,0
Applicant_2935,41,Male,Single,0,Self-Employed,0,43800.0,525600.0,555,150000,Home,60,14.93,0,0
Applicant_2936,44,Male,Married,2,Salaried,8,69100.0,829200.0,756,50000,Personal,24,13.09,1,0
Applicant_2937,54,Female,Single,0,Freelancer,22,78600.0,943200.0,578,200000,Vehicle,24,13.3,0,0
Applicant_2938,42,Female,Married,0,Self-Employed,11,55100.0,661200.0,500,750000,Home,12,16.19,2,1
Applicant_2939,23,Female,Married,1,Salaried,1,41500.0,498000.0,803,300000,Personal,60,11.06,4,1
Applicant_2940,32,Other,Married,2,Salaried,10,71700.0,860400.0,668,300000,Education,12,6.64,0,0
Applicant_2941,48,Male,Married,0,Freelancer,20,76600.0,919200.0,736,300000,Home,36,8.95,0,0
Applicant_2942,50,Male,Single,2,Self-Employed,13,78500.0,942000.0,564,250000,Vehicle,120,6.91,1,0
Applicant_2943,46,Male,Married,3,Salaried,1,50300.0,603600.0,460,100000,Home,120,11.03,2,0
Applicant_2944,41,Female,Married,0,Self-Employed,14,71900.0,862800.0,817,250000,Business,120,10.62,5,0
Applicant_2945,48,Male,Married,1,Freelancer,20,58300.0,699600.0,649,1000000,Education,48,7.63,0,1
Applicant_2946,46,Female,Single,0,Self-Employed,22,70300.0,843600.0,699,150000,Education,180,15.18,3,0
Applicant_2947,53,Male,Single,1,Salaried,20,91700.0,1100400.0,715,1000000,Vehicle,48,12.86,1,0
Applicant_2948,41,Female,Single,0,Self-Employed,17,60400.0,724800.0,616,100000,Personal,36,9.1,0,0
Applicant_2949,55,Female,Married,4,Self-Employed,13,60700.0,728400.0,672,200000,Personal,24,15.23,0,0
Applicant_2950,54,Male,Single,1,Self-Employed,20,95700.0,1148400.0,809,1000000,Business,24,14.18,4,0
Applicant_2951,61,Male,Married,2,Unemployed,0,23300.0,279600.0,646,750000,Education,240,8.7,3,1
Applicant_2952,38,Female,Married,0,Salaried,11,66500.0,798000.0,744,400000,Personal,24,17.8,1,0
Applicant_2953,31,Male,Married,3,Self-Employed,9,48600.0,583200.0,450,1000000,Education,12,8.54,4,1
Applicant_2954,43,Male,Married,3,Salaried,13,64100.0,769200.0,762,750000,Business,180,15.37,0,0
Applicant_2955,42,Female,Single,2,Salaried,21,95000.0,1140000.0,497,150000,Personal,120,17.64,1,0
Applicant_2956,37,Male,Married,3,Self-Employed,14,62500.0,750000.0,750,100000,Home,12,14.84,2,0
Applicant_2957,25,Female,Married,0,Unemployed,0,5000.0,60000.0,689,750000,Vehicle,48,14.16,5,1
Applicant_2958,64,Female,Married,1,Salaried,4,66200.0,794400.0,640,300000,Personal,24,16.89,1,0
Applicant_2959,31,Male,Married,2,Unemployed,0,7700.0,92400.0,640,1000000,Personal,24,9.6,3,1
Applicant_2960,50,Male,Single,2,Salaried,1,33300.0,399600.0,624,200000,Home,180,9.69,4,1
Applicant_2961,35,Male,Married,3,Salaried,5,57200.0,686400.0,567,200000,Vehicle,120,13.87,0,0
Applicant_2962,47,Female,Married,0,Salaried,11,76600.0,919200.0,629,1000000,Vehicle,180,16.64,0,0
Applicant_2963,55,Male,Married,0,Self-Employed,1,21900.0,262800.0,870,1000000,Personal,240,13.6,0,1
Applicant_2964,53,Female,Single,0,Self-Employed,28,88000.0,1056000.0,780,300000,Personal,36,17.74,3,0
Applicant_2965,40,Male,Single,3,Salaried,3,42300.0,507600.0,562,400000,Education,48,9.06,2,1
Applicant_2966,36,Male,Married,4,Self-Employed,6,53800.0,645600.0,676,1000000,Education,120,16.0,0,1
Applicant_2967,54,Male,Married,2,Self-Employed,15,74500.0,894000.0,659,250000,Personal,12,17.16,1,0
Applicant_2968,22,Male,Divorced,1,Self-Employed,0,26700.0,320400.0,635,500000,Home,48,11.41,1,1
Applicant_2969,55,Male,Married,2,Salaried,32,81600.0,979200.0,549,1000000,Vehicle,120,17.56,2,0
Applicant_2970,60,Female,Married,2,Freelancer,13,66500.0,798000.0,694,50000,Home,240,8.82,3,0
Applicant_2971,48,Male,Single,0,Self-Employed,10,38200.0,458400.0,734,50000,Business,24,17.46,0,0
Applicant_2972,59,Male,Single,2,Salaried,11,66100.0,793200.0,566,200000,Education,24,16.88,1,0
Applicant_2973,26,Male,Married,1,Salaried,5,48000.0,576000.0,845,500000,Home,12,7.26,0,0
Applicant_2974,29,Female,Married,1,Freelancer,6,39400.0,472800.0,802,500000,Personal,180,12.5,3,0
Applicant_2975,40,Female,Married,0,Salaried,11,86800.0,1041600.0,704,300000,Business,12,12.58,2,0
Applicant_2976,21,Male,Married,2,Freelancer,0,70600.0,847200.0,526,250000,Business,48,7.16,2,1
Applicant_2977,28,Female,Married,3,Salaried,9,33500.0,402000.0,690,1000000,Home,60,6.95,0,1
Applicant_2978,43,Male,Divorced,2,Self-Employed,7,63800.0,765600.0,678,1000000,Education,24,6.56,1,1
Applicant_2979,23,Female,Single,2,Salaried,2,41700.0,500400.0,701,100000,Vehicle,24,12.53,3,0
Applicant_2980,24,Male,Single,1,Unemployed,0,20700.0,248400.0,809,250000,Business,60,11.83,2,1
Applicant_2981,45,Male,Single,2,Unemployed,0,19400.0,232800.0,632,250000,Business,48,17.32,3,1
Applicant_2982,58,Female,Married,1,Unemployed,0,26100.0,313200.0,854,100000,Education,36,10.44,0,0
Applicant_2983,35,Male,Divorced,2,Salaried,6,56300.0,675600.0,690,500000,Business,36,14.07,0,0
Applicant_2984,41,Female,Single,1,Freelancer,13,37700.0,452400.0,620,1000000,Education,24,6.59,1,1
Applicant_2985,55,Male,Single,2,Self-Employed,35,118900.0,1426800.0,889,250000,Personal,36,14.13,1,0
Applicant_2986,34,Female,Married,2,Self-Employed,0,36800.0,441600.0,732,250000,Education,180,17.0,0,0
Applicant_2987,56,Female,Married,2,Salaried,26,88500.0,1062000.0,604,50000,Home,48,10.58,1,0
Applicant_2988,32,Male,Divorced,2,Self-Employed,7,41900.0,502800.0,658,50000,Personal,36,10.11,2,0
Applicant_2989,37,Female,Married,1,Unemployed,0,20100.0,241200.0,713,50000,Home,12,13.7,2,1
Applicant_2990,59,Female,Married,3,Salaried,4,72100.0,865200.0,634,500000,Personal,48,10.28,0,0
Applicant_2991,29,Female,Single,1,Salaried,7,36100.0,433200.0,663,1000000,Business,60,11.13,5,1
Applicant_2992,55,Male,Single,4,Salaried,20,89300.0,1071600.0,568,100000,Vehicle,24,9.64,2,0
Applicant_2993,33,Female,Married,2,Salaried,7,48400.0,580800.0,481,500000,Home,48,10.47,1,1
Applicant_2994,35,Male,Married,0,Self-Employed,6,25000.0,300000.0,660,300000,Education,36,14.31,5,1
Applicant_2995,38,Male,Single,3,Freelancer,18,63200.0,758400.0,664,250000,Personal,48,17.11,0,0
Applicant_2996,53,Female,Married,2,Salaried,30,87500.0,1050000.0,702,300000,Home,120,13.21,1,0
Applicant_2997,26,Female,Single,4,Self-Employed,3,17300.0,207600.0,592,200000,Home,60,6.62,3,1
Applicant_2998,47,Male,Married,2,Self-Employed,26,75300.0,903600.0,515,150000,Personal,120,9.53,1,0
Applicant_2999,43,Male,Single,0,Salaried,22,68600.0,823200.0,553,200000,Personal,48,17.45,2,0
Applicant_3000,47,Male,Married,1,Self-Employed,19,63300.0,759600.0,755,750000,Business,60,16.97,4,1
Applicant_3001,54,Male,Single,1,Salaried,5,30100.0,361200.0,583,500000,Vehicle,60,7.83,0,1
Applicant_3002,58,Male,Married,3,Self-Employed,11,51100.0,613200.0,605,500000,Business,48,16.95,0,0
Applicant_3003,34,Female,Single,2,Salaried,11,51300.0,615600.0,618,50000,Home,24,17.59,1,0
Applicant_3004,56,Male,Married,1,Self-Employed,2,44600.0,535200.0,588,250000,Business,180,10.23,1,0
Applicant_3005,28,Female,Married,2,Salaried,9,66900.0,802800.0,580,300000,Personal,24,14.56,0,0
Applicant_3006,55,Female,Single,2,Unemployed,0,8900.0,106800.0,562,750000,Personal,36,12.94,0,1
Applicant_3007,39,Male,Single,0,Freelancer,6,33500.0,402000.0,790,1000000,Vehicle,120,10.38,4,1
Applicant_3008,50,Male,Married,0,Salaried,18,72100.0,865200.0,718,1000000,Business,48,8.26,2,0
Applicant_3009,34,Male,Married,1,Salaried,12,51400.0,616800.0,774,300000,Personal,120,10.72,0,0
Applicant_3010,40,Male,Single,0,Salaried,3,33800.0,405600.0,794,50000,Home,120,17.17,4,0
Applicant_3011,45,Female,Single,0,Freelancer,9,53600.0,643200.0,415,50000,Vehicle,48,15.83,3,1
Applicant_3012,60,Male,Single,0,Salaried,37,87600.0,1051200.0,684,400000,Business,240,10.3,1,0
Applicant_3013,44,Female,Single,3,Freelancer,0,23800.0,285600.0,591,150000,Education,12,12.8,3,1
Applicant_3014,34,Male,Divorced,0,Salaried,5,45100.0,541200.0,761,400000,Education,24,11.17,2,0
Applicant_3015,46,Male,Married,0,Salaried,7,63000.0,756000.0,575,250000,Home,240,11.86,2,0
Applicant_3016,58,Male,Married,0,Salaried,27,72600.0,871200.0,544,50000,Home,240,15.25,1,0
Applicant_3017,43,Male,Divorced,1,Salaried,14,68200.0,818400.0,506,500000,Personal,60,12.74,0,0
Applicant_3018,42,Male,Married,1,Self-Employed,7,54100.0,649200.0,619,750000,Home,240,8.58,0,0
Applicant_3019,39,Male,Married,0,Salaried,21,53400.0,640800.0,741,300000,Vehicle,12,9.59,0,0
Applicant_3020,23,Female,Single,2,Freelancer,5,18900.0,226800.0,675,100000,Business,48,13.03,1,0
Applicant_3021,62,Female,Married,2,Freelancer,28,79600.0,955200.0,529,750000,Education,12,14.47,1,0
Applicant_3022,39,Male,Married,1,Salaried,18,83700.0,1004400.0,865,100000,Education,24,12.34,0,0
Applicant_3023,29,Male,Single,2,Self-Employed,1,39700.0,476400.0,714,300000,Education,48,13.63,3,0
Applicant_3024,48,Male,Single,1,Self-Employed,6,55400.0,664800.0,727,1000000,Home,240,15.58,2,1
Applicant_3025,40,Male,Single,0,Self-Employed,7,32800.0,393600.0,778,200000,Home,120,12.77,1,0
Applicant_3026,27,Male,Single,2,Salaried,9,34200.0,410400.0,485,300000,Personal,120,17.74,5,1
Applicant_3027,34,Male,Married,3,Salaried,12,65300.0,783600.0,558,200000,Vehicle,24,9.21,4,0
Applicant_3028,29,Male,Married,2,Salaried,5,31600.0,379200.0,732,150000,Vehicle,12,17.08,0,0
Applicant_3029,39,Male,Married,1,Self-Employed,20,62000.0,744000.0,568,500000,Business,240,9.35,2,0
Applicant_3030,34,Male,Single,4,Unemployed,0,19000.0,228000.0,622,250000,Personal,240,12.61,3,1
Applicant_3031,58,Male,Married,1,Freelancer,0,27800.0,333600.0,642,50000,Vehicle,36,11.74,0,0
Applicant_3032,56,Female,Single,0,Salaried,1,33500.0,402000.0,522,500000,Personal,180,10.79,0,1
Applicant_3033,60,Male,Married,1,Self-Employed,28,80500.0,966000.0,613,150000,Home,240,17.57,0,0
Applicant_3034,37,Male,Married,2,Unemployed,0,14300.0,171600.0,741,200000,Personal,60,9.63,0,1
Applicant_3035,50,Female,Single,3,Salaried,10,63200.0,758400.0,722,750000,Vehicle,60,14.26,5,1
Applicant_3036,29,Female,Married,1,Self-Employed,4,24800.0,297600.0,761,150000,Home,180,15.75,3,0
Applicant_3037,53,Female,Married,0,Self-Employed,6,17800.0,213600.0,750,250000,Education,180,8.77,0,0
Applicant_3038,45,Female,Single,2,Self-Employed,2,67200.0,806400.0,690,500000,Education,36,17.69,3,0
Applicant_3039,34,Male,Single,4,Self-Employed,15,46700.0,560400.0,682,300000,Home,36,12.79,0,0
Applicant_3040,31,Female,Divorced,0,Unemployed,0,12900.0,154800.0,675,150000,Home,36,17.02,1,1
Applicant_3041,55,Female,Single,3,Salaried,14,90700.0,1088400.0,587,500000,Education,24,14.13,1,0
Applicant_3042,61,Male,Married,1,Freelancer,39,105200.0,1262400.0,547,250000,Vehicle,240,13.97,0,0
Applicant_3043,34,Male,Married,2,Salaried,4,39000.0,468000.0,581,300000,Vehicle,48,10.47,1,0
Applicant_3044,50,Female,Single,1,Salaried,2,22600.0,271200.0,617,150000,Vehicle,36,15.36,3,0
Applicant_3045,61,Male,Single,1,Unemployed,0,5000.0,60000.0,584,500000,Home,240,6.84,0,1
Applicant_3046,24,Male,Married,2,Freelancer,4,38700.0,464400.0,691,200000,Home,240,12.89,3,0
Applicant_3047,24,Male,Married,3,Salaried,2,65800.0,789600.0,670,750000,Home,24,6.87,0,1
Applicant_3048,48,Male,Married,1,Self-Employed,4,37100.0,445200.0,680,250000,Vehicle,120,10.03,2,0
Applicant_3049,28,Male,Divorced,1,Salaried,8,47700.0,572400.0,685,50000,Home,12,7.61,3,0
Applicant_3050,22,Female,Married,0,Salaried,2,54500.0,654000.0,769,750000,Personal,12,16.98,0,0
Applicant_3051,61,Female,Single,0,Self-Employed,31,86700.0,1040400.0,649,500000,Home,36,13.72,2,0
Applicant_3052,42,Male,Married,2,Self-Employed,15,69100.0,829200.0,750,250000,Home,12,14.19,1,0
Applicant_3053,61,Female,Married,0,Self-Employed,38,111600.0,1339200.0,701,150000,Home,36,16.29,1,0
Applicant_3054,36,Male,Divorced,2,Self-Employed,14,56900.0,682800.0,762,750000,Business,12,14.93,0,0
Applicant_3055,49,Male,Married,1,Salaried,25,89800.0,1077600.0,811,400000,Home,240,7.93,2,0
Applicant_3056,50,Female,Married,4,Salaried,2,70400.0,844800.0,707,500000,Home,240,13.6,1,0
Applicant_3057,32,Female,Married,0,Salaried,10,69100.0,829200.0,660,150000,Education,12,17.75,1,0
Applicant_3058,55,Female,Single,0,Unemployed,0,21400.0,256800.0,659,300000,Personal,48,8.96,2,1
Applicant_3059,31,Female,Divorced,0,Freelancer,3,17200.0,206400.0,602,200000,Personal,240,13.63,4,1
Applicant_3060,41,Female,Single,3,Salaried,17,90400.0,1084800.0,599,150000,Vehicle,180,12.98,1,0
Applicant_3061,41,Female,Single,1,Salaried,14,77600.0,931200.0,740,200000,Personal,48,11.0,2,0
Applicant_3062,25,Male,Married,0,Self-Employed,1,14500.0,174000.0,553,100000,Home,12,17.48,5,1
Applicant_3063,40,Female,Single,3,Self-Employed,2,47100.0,565200.0,811,250000,Personal,48,10.6,0,0
Applicant_3064,57,Other,Married,3,Salaried,22,76300.0,915600.0,634,500000,Personal,36,7.58,1,0
Applicant_3065,23,Female,Married,3,Self-Employed,5,21800.0,261600.0,900,250000,Business,60,17.57,0,0
Applicant_3066,64,Male,Single,0,Unemployed,0,6900.0,82800.0,580,100000,Vehicle,36,14.89,3,1
Applicant_3067,53,Male,Married,1,Self-Employed,10,63100.0,757200.0,675,400000,Business,240,10.44,0,0
Applicant_3068,29,Female,Married,2,Salaried,11,64300.0,771600.0,614,500000,Education,240,9.73,1,0
Applicant_3069,29,Male,Married,1,Self-Employed,10,53400.0,640800.0,570,200000,Home,48,17.17,2,0
Applicant_3070,24,Other,Divorced,0,Salaried,2,39000.0,468000.0,756,150000,Vehicle,24,9.65,3,0
Applicant_3071,55,Male,Married,0,Salaried,26,129000.0,1548000.0,539,500000,Education,180,12.68,1,0
Applicant_3072,37,Male,Single,4,Unemployed,0,5000.0,60000.0,582,1000000,Business,12,8.97,2,1
Applicant_3073,54,Female,Single,0,Salaried,30,113100.0,1357200.0,708,100000,Vehicle,48,17.94,5,0
Applicant_3074,44,Male,Divorced,2,Salaried,26,92200.0,1106400.0,724,400000,Personal,120,15.35,4,0
Applicant_3075,52,Male,Married,1,Self-Employed,29,80200.0,962400.0,510,1000000,Personal,120,13.03,2,0
Applicant_3076,21,Female,Single,2,Freelancer,2,28300.0,339600.0,708,500000,Personal,180,15.08,4,1
Applicant_3077,28,Female,Married,2,Freelancer,10,24100.0,289200.0,662,250000,Home,240,17.04,4,1
Applicant_3078,43,Male,Married,1,Salaried,21,73100.0,877200.0,558,400000,Personal,180,17.58,2,1
Applicant_3079,60,Other,Married,1,Self-Employed,39,112300.0,1347600.0,571,750000,Education,48,15.54,4,0
Applicant_3080,32,Male,Married,2,Self-Employed,4,19700.0,236400.0,446,500000,Home,48,16.26,3,1
Applicant_3081,32,Female,Married,1,Self-Employed,10,62600.0,751200.0,821,250000,Personal,240,11.07,1,0
Applicant_3082,35,Male,Married,2,Self-Employed,10,40500.0,486000.0,751,200000,Personal,120,11.01,1,0
Applicant_3083,61,Female,Married,2,Salaried,2,22200.0,266400.0,521,150000,Business,180,15.8,0,0
Applicant_3084,39,Male,Divorced,2,Unemployed,0,5000.0,60000.0,729,300000,Vehicle,36,15.24,0,1
Applicant_3085,46,Male,Married,1,Self-Employed,5,77600.0,931200.0,592,200000,Home,180,16.86,2,0
Applicant_3086,49,Male,Married,0,Salaried,30,70300.0,843600.0,741,200000,Business,12,8.03,2,0
Applicant_3087,42,Female,Divorced,2,Self-Employed,23,87500.0,1050000.0,600,400000,Education,60,14.44,3,0
Applicant_3088,60,Male,Single,0,Salaried,11,50700.0,608400.0,613,1000000,Personal,120,13.95,4,1
Applicant_3089,41,Female,Single,4,Self-Employed,13,55700.0,668400.0,621,250000,Vehicle,120,15.68,1,0
Applicant_3090,58,Female,Married,4,Salaried,26,101100.0,1213200.0,584,50000,Education,120,6.78,0,0
Applicant_3091,40,Male,Single,0,Salaried,20,88300.0,1059600.0,789,250000,Personal,180,16.0,2,0
Applicant_3092,49,Male,Single,0,Self-Employed,24,72800.0,873600.0,739,300000,Personal,180,10.25,0,0
Applicant_3093,24,Male,Single,1,Freelancer,5,14600.0,175200.0,660,50000,Business,48,14.4,2,0
Applicant_3094,27,Female,Married,4,Salaried,9,67300.0,807600.0,752,150000,Personal,180,13.59,1,0
Applicant_3095,48,Male,Single,1,Self-Employed,30,103300.0,1239600.0,487,300000,Business,24,11.56,2,0
Applicant_3096,48,Male,Single,1,Self-Employed,30,90700.0,1088400.0,527,400000,Education,120,15.08,1,0
Applicant_3097,24,Female,Divorced,2,Salaried,1,48600.0,583200.0,697,400000,Business,240,17.55,0,0
Applicant_3098,42,Female,Married,0,Salaried,2,37300.0,447600.0,723,400000,Personal,12,10.22,0,0
Applicant_3099,32,Male,Married,1,Self-Employed,12,46600.0,559200.0,677,750000,Personal,180,15.11,2,1
Applicant_3100,23,Male,Single,0,Salaried,3,46100.0,553200.0,461,100000,Education,180,10.12,1,0
Applicant_3101,42,Female,Married,2,Unemployed,0,12800.0,153600.0,543,150000,Education,60,16.23,1,1
Applicant_3102,64,Female,Married,0,Self-Employed,26,91600.0,1099200.0,691,400000,Home,120,11.53,1,0
Applicant_3103,22,Female,Married,1,Freelancer,1,34600.0,415200.0,892,300000,Home,24,11.67,3,0
Applicant_3104,44,Female,Single,3,Salaried,26,80600.0,967200.0,771,50000,Home,120,15.38,5,0
Applicant_3105,54,Male,Married,1,Freelancer,23,94700.0,1136400.0,807,1000000,Business,180,12.21,1,0
Applicant_3106,47,Male,Married,2,Salaried,13,60900.0,730800.0,683,400000,Vehicle,60,9.57,2,0
Applicant_3107,61,Male,Married,0,Freelancer,13,49200.0,590400.0,683,100000,Business,60,17.95,0,0
Applicant_3108,21,Male,Married,1,Salaried,2,24200.0,290400.0,546,200000,Business,120,13.63,2,1
Applicant_3109,28,Female,Married,0,Self-Employed,8,48100.0,577200.0,745,400000,Home,180,13.92,1,0
Applicant_3110,43,Male,Married,2,Salaried,3,54000.0,648000.0,642,200000,Personal,12,13.94,2,0
Applicant_3111,58,Male,Married,0,Salaried,15,81400.0,976800.0,719,300000,Vehicle,36,16.66,0,0
Applicant_3112,26,Other,Single,0,Self-Employed,2,62400.0,748800.0,653,750000,Business,240,8.61,3,1
Applicant_3113,42,Male,Married,0,Self-Employed,9,60800.0,729600.0,677,250000,Home,24,7.18,0,0
Applicant_3114,45,Male,Divorced,1,Self-Employed,15,69200.0,830400.0,641,150000,Personal,120,10.95,4,0
Applicant_3115,38,Male,Married,1,Salaried,4,41300.0,495600.0,672,300000,Home,48,13.0,0,0
Applicant_3116,37,Female,Single,2,Salaried,15,60100.0,721200.0,750,200000,Education,60,9.79,0,0
Applicant_3117,32,Female,Single,0,Freelancer,0,39600.0,475200.0,523,750000,Personal,24,14.43,2,1
Applicant_3118,26,Male,Married,2,Freelancer,4,47300.0,567600.0,500,100000,Vehicle,12,7.35,3,1
Applicant_3119,46,Male,Married,1,Salaried,12,47800.0,573600.0,692,1000000,Personal,24,15.59,2,1
Applicant_3120,47,Female,Married,1,Self-Employed,12,69800.0,837600.0,794,250000,Education,48,14.76,0,0
Applicant_3121,28,Female,Married,3,Freelancer,2,38800.0,465600.0,819,750000,Personal,48,8.96,3,1
Applicant_3122,39,Other,Single,1,Freelancer,16,40300.0,483600.0,527,1000000,Business,12,9.93,2,1
Applicant_3123,62,Female,Married,0,Salaried,18,84100.0,1009200.0,609,400000,Education,24,15.78,0,0
Applicant_3124,21,Female,Married,2,Freelancer,0,9300.0,111600.0,502,250000,Personal,120,15.39,2,1
Applicant_3125,49,Male,Divorced,4,Salaried,4,11600.0,139200.0,594,500000,Education,36,15.86,2,1
Applicant_3126,55,Male,Single,1,Self-Employed,23,78600.0,943200.0,762,100000,Personal,36,10.21,2,0
Applicant_3127,60,Male,Married,3,Salaried,32,107900.0,1294800.0,648,200000,Home,120,17.65,2,0
Applicant_3128,34,Female,Married,2,Self-Employed,2,37300.0,447600.0,612,300000,Vehicle,60,14.73,4,1
Applicant_3129,55,Female,Married,1,Self-Employed,3,84000.0,1008000.0,704,400000,Home,240,7.25,3,0
Applicant_3130,40,Male,Married,2,Salaried,18,81700.0,980400.0,570,500000,Home,120,11.99,2,0
Applicant_3131,33,Male,Single,1,Self-Employed,15,67200.0,806400.0,809,200000,Education,180,14.14,0,0
Applicant_3132,58,Male,Single,1,Self-Employed,23,87400.0,1048800.0,650,750000,Personal,240,8.44,2,0
Applicant_3133,28,Female,Married,1,Self-Employed,3,34400.0,412800.0,609,400000,Business,60,16.87,5,1
Applicant_3134,63,Female,Married,2,Salaried,34,121900.0,1462800.0,708,100000,Home,24,15.17,1,0
Applicant_3135,40,Female,Single,1,Salaried,17,79400.0,952800.0,743,750000,Home,120,7.44,2,0
Applicant_3136,53,Female,Married,0,Self-Employed,2,43700.0,524400.0,809,400000,Business,240,17.0,3,0
Applicant_3137,46,Female,Married,2,Freelancer,6,27600.0,331200.0,629,250000,Business,240,11.15,2,1
Applicant_3138,59,Female,Divorced,2,Freelancer,25,51500.0,618000.0,758,150000,Business,180,11.7,4,0
Applicant_3139,41,Female,Single,4,Salaried,20,72500.0,870000.0,660,750000,Personal,60,15.51,1,0
Applicant_3140,62,Male,Married,1,Self-Employed,23,85200.0,1022400.0,588,400000,Business,48,13.91,1,0
Applicant_3141,63,Male,Single,0,Salaried,0,33300.0,399600.0,572,150000,Education,12,11.53,0,0
Applicant_3142,61,Male,Single,0,Unemployed,0,9400.0,112800.0,540,250000,Personal,60,9.49,4,1
Applicant_3143,29,Male,Single,2,Salaried,2,40500.0,486000.0,575,150000,Business,120,12.44,0,0
Applicant_3144,44,Other,Married,0,Salaried,17,80500.0,966000.0,761,150000,Home,240,13.16,5,0
Applicant_3145,57,Male,Single,3,Self-Employed,33,86300.0,1035600.0,720,400000,Personal,240,13.76,0,0
Applicant_3146,61,Female,Married,0,Freelancer,11,49900.0,598800.0,525,750000,Business,36,13.46,0,1
Applicant_3147,37,Male,Married,3,Salaried,16,62400.0,748800.0,475,250000,Personal,120,13.6,1,0
Applicant_3148,44,Male,Divorced,2,Salaried,20,56900.0,682800.0,538,200000,Personal,48,11.97,2,0
Applicant_3149,41,Female,Married,3,Self-Employed,20,72500.0,870000.0,572,200000,Education,240,12.96,1,0
Applicant_3150,59,Male,Married,0,Self-Employed,2,62000.0,744000.0,619,150000,Home,180,9.82,1,0
Applicant_3151,61,Male,Married,2,Salaried,27,72100.0,865200.0,767,500000,Home,36,8.32,1,0
Applicant_3152,59,Male,Married,0,Self-Employed,24,84800.0,1017600.0,595,1000000,Vehicle,60,13.48,5,1
Applicant_3153,33,Female,Married,0,Self-Employed,11,69000.0,828000.0,818,50000,Vehicle,120,7.04,5,0
Applicant_3154,31,Male,Single,1,Freelancer,5,69500.0,834000.0,481,150000,Home,60,7.25,1,0
Applicant_3155,39,Female,Single,2,Salaried,9,50600.0,607200.0,615,100000,Home,180,9.34,2,0
Applicant_3156,31,Female,Married,0,Salaried,13,56500.0,678000.0,728,400000,Home,240,8.73,2,0
Applicant_3157,33,Female,Married,3,Freelancer,15,37500.0,450000.0,734,300000,Home,48,10.8,2,0
Applicant_3158,21,Female,Married,0,Self-Employed,1,54100.0,649200.0,616,50000,Education,36,10.77,0,0
Applicant_3159,60,Male,Married,1,Freelancer,37,86000.0,1032000.0,750,150000,Home,12,7.84,1,0
Applicant_3160,64,Male,Married,0,Freelancer,13,45400.0,544800.0,731,200000,Business,12,9.33,3,0
Applicant_3161,39,Female,Married,2,Salaried,1,14300.0,171600.0,581,1000000,Business,180,6.55,0,1
Applicant_3162,32,Male,Single,0,Salaried,10,73300.0,879600.0,681,400000,Home,48,10.54,1,0
Applicant_3163,28,Male,Divorced,3,Salaried,9,75400.0,904800.0,720,150000,Personal,120,15.66,0,0
Applicant_3164,28,Male,Divorced,1,Unemployed,0,17700.0,212400.0,588,200000,Personal,60,9.56,4,1
Applicant_3165,32,Female,Divorced,4,Self-Employed,9,28900.0,346800.0,819,400000,Home,120,13.9,3,0
Applicant_3166,53,Male,Married,0,Salaried,12,73100.0,877200.0,566,200000,Business,48,7.63,0,0
Applicant_3167,46,Male,Married,1,Salaried,18,50900.0,610800.0,664,750000,Home,36,6.64,3,1
Applicant_3168,59,Female,Divorced,2,Freelancer,40,105900.0,1270800.0,525,300000,Home,12,12.23,1,0
Applicant_3169,48,Female,Divorced,3,Freelancer,17,62100.0,745200.0,660,100000,Home,60,11.81,2,0
Applicant_3170,25,Male,Married,1,Unemployed,0,9700.0,116400.0,543,50000,Vehicle,240,8.7,1,1
Applicant_3171,28,Male,Married,3,Salaried,6,60000.0,720000.0,620,500000,Personal,36,9.8,1,0
Applicant_3172,45,Female,Married,0,Self-Employed,2,38900.0,466800.0,491,150000,Personal,12,6.85,4,1
Applicant_3173,47,Other,Married,2,Salaried,11,32600.0,391200.0,729,400000,Business,240,15.67,2,0
Applicant_3174,43,Female,Single,1,Salaried,14,76000.0,912000.0,685,200000,Home,12,9.96,0,0
Applicant_3175,50,Male,Married,0,Salaried,13,67500.0,810000.0,758,150000,Vehicle,24,9.02,0,0
Applicant_3176,43,Male,Married,1,Salaried,2,30500.0,366000.0,615,750000,Personal,60,15.75,4,1
Applicant_3177,40,Female,Married,3,Self-Employed,15,41500.0,498000.0,763,300000,Personal,48,6.95,0,0
Applicant_3178,38,Female,Married,4,Unemployed,0,28100.0,337200.0,653,300000,Business,24,9.77,2,1
Applicant_3179,38,Male,Married,1,Salaried,17,92500.0,1110000.0,661,300000,Personal,12,9.52,1,0
Applicant_3180,22,Male,Divorced,3,Unemployed,0,15600.0,187200.0,861,150000,Vehicle,60,9.52,0,1
Applicant_3181,24,Female,Married,1,Salaried,0,29900.0,358800.0,601,300000,Business,180,6.63,3,1
Applicant_3182,50,Male,Married,2,Salaried,17,36200.0,434400.0,772,200000,Home,180,17.25,4,0
Applicant_3183,53,Male,Married,0,Salaried,16,83500.0,1002000.0,697,100000,Home,60,16.44,0,0
Applicant_3184,56,Male,Married,2,Salaried,15,75500.0,906000.0,592,150000,Home,24,11.27,0,0
Applicant_3185,38,Male,Married,0,Salaried,20,74400.0,892800.0,518,200000,Home,36,11.62,3,0
Applicant_3186,57,Male,Married,0,Self-Employed,23,97900.0,1174800.0,546,50000,Education,36,12.53,1,0
Applicant_3187,39,Female,Married,2,Freelancer,1,39700.0,476400.0,763,400000,Home,180,12.0,2,1
Applicant_3188,48,Male,Married,3,Freelancer,19,65600.0,787200.0,823,250000,Education,48,15.46,1,0
Applicant_3189,60,Male,Single,2,Salaried,35,110500.0,1326000.0,659,750000,Business,60,12.12,1,0
Applicant_3190,40,Male,Single,4,Freelancer,10,45800.0,549600.0,664,300000,Business,120,8.67,0,0
Applicant_3191,53,Male,Single,3,Self-Employed,26,97200.0,1166400.0,727,500000,Home,24,7.85,2,0
Applicant_3192,32,Male,Married,0,Unemployed,0,5000.0,60000.0,657,750000,Home,12,17.06,0,1
Applicant_3193,35,Male,Single,1,Salaried,6,58400.0,700800.0,759,300000,Home,36,7.06,2,0
Applicant_3194,61,Female,Single,2,Unemployed,0,5000.0,60000.0,679,400000,Vehicle,24,16.82,1,1
Applicant_3195,59,Male,Single,4,Self-Employed,16,87000.0,1044000.0,663,300000,Personal,48,14.44,3,0
Applicant_3196,22,Male,Married,4,Freelancer,0,33000.0,396000.0,580,300000,Vehicle,48,11.15,4,1
Applicant_3197,49,Male,Single,2,Salaried,18,65700.0,788400.0,555,100000,Vehicle,120,8.65,4,0
Applicant_3198,61,Male,Married,2,Self-Employed,37,110200.0,1322400.0,334,250000,Vehicle,240,10.07,2,0
Applicant_3199,30,Female,Single,2,Self-Employed,9,40200.0,482400.0,773,300000,Home,60,12.59,1,0
Applicant_3200,22,Male,Married,0,Salaried,4,70600.0,847200.0,635,1000000,Personal,48,14.05,1,1
Applicant_3201,31,Female,Divorced,0,Salaried,3,70300.0,843600.0,609,250000,Vehicle,48,14.45,2,0
Applicant_3202,33,Male,Divorced,2,Unemployed,0,15400.0,184800.0,454,200000,Home,120,11.64,2,1
Applicant_3203,30,Female,Married,3,Salaried,8,79300.0,951600.0,585,300000,Personal,240,10.8,0,0
Applicant_3204,34,Male,Married,4,Salaried,0,42300.0,507600.0,572,300000,Education,120,15.34,5,1
Applicant_3205,38,Female,Married,1,Self-Employed,6,58500.0,702000.0,570,500000,Education,36,17.14,0,0
Applicant_3206,29,Male,Married,2,Salaried,9,76400.0,916800.0,683,500000,Vehicle,36,17.02,2,0
Applicant_3207,59,Male,Married,3,Self-Employed,24,82900.0,994800.0,662,1000000,Personal,48,12.84,1,0
Applicant_3208,48,Female,Single,2,Self-Employed,20,76100.0,913200.0,513,50000,Business,180,7.41,2,0
Applicant_3209,23,Female,Married,1,Salaried,0,54000.0,648000.0,520,100000,Personal,120,7.34,1,1
Applicant_3210,40,Male,Single,2,Freelancer,4,42700.0,512400.0,520,50000,Personal,180,11.13,0,1
Applicant_3211,26,Male,Married,2,Salaried,5,38700.0,464400.0,831,1000000,Business,60,14.93,5,1
Applicant_3212,47,Male,Married,2,Freelancer,22,36200.0,434400.0,799,400000,Vehicle,36,12.22,5,1
Applicant_3213,22,Female,Married,2,Unemployed,0,5000.0,60000.0,564,500000,Vehicle,36,13.71,1,1
Applicant_3214,49,Male,Married,3,Salaried,9,26500.0,318000.0,452,150000,Business,120,16.2,0,0
Applicant_3215,58,Male,Married,0,Freelancer,38,86100.0,1033200.0,662,150000,Personal,180,6.96,0,0
Applicant_3216,23,Female,Married,1,Self-Employed,4,29900.0,358800.0,654,400000,Home,48,17.12,0,1
Applicant_3217,36,Female,Married,2,Self-Employed,6,38500.0,462000.0,681,500000,Home,60,10.31,2,1
Applicant_3218,50,Female,Single,0,Salaried,16,84300.0,1011600.0,724,300000,Home,180,7.04,1,0
Applicant_3219,60,Female,Married,4,Salaried,26,107600.0,1291200.0,695,500000,Education,180,16.11,1,0
Applicant_3220,22,Female,Divorced,0,Unemployed,0,12600.0,151200.0,538,100000,Home,48,17.24,1,1
Applicant_3221,37,Male,Divorced,1,Salaried,2,53500.0,642000.0,679,400000,Home,12,15.34,4,1
Applicant_3222,61,Male,Married,3,Salaried,4,57800.0,693600.0,735,250000,Home,12,15.75,0,0
Applicant_3223,32,Female,Single,0,Salaried,9,20500.0,246000.0,577,300000,Personal,180,16.52,1,1
Applicant_3224,55,Male,Single,3,Self-Employed,4,43200.0,518400.0,679,400000,Home,120,12.51,2,0
Applicant_3225,63,Female,Married,2,Unemployed,0,5000.0,60000.0,594,750000,Business,60,14.33,5,1
Applicant_3226,21,Male,Married,0,Self-Employed,3,48600.0,583200.0,849,400000,Education,12,9.79,2,0
Applicant_3227,35,Male,Married,3,Salaried,6,20600.0,247200.0,517,50000,Personal,120,9.37,1,0
Applicant_3228,46,Female,Married,0,Salaried,6,49300.0,591600.0,765,250000,Vehicle,60,13.5,3,0
Applicant_3229,57,Female,Married,1,Salaried,13,74200.0,890400.0,482,200000,Home,12,14.95,5,1
Applicant_3230,41,Male,Single,0,Salaried,22,67200.0,806400.0,829,500000,Vehicle,24,11.07,4,0
Applicant_3231,51,Female,Single,0,Self-Employed,14,77400.0,928800.0,535,400000,Personal,36,11.1,0,0
Applicant_3232,45,Female,Single,3,Salaried,4,55600.0,667200.0,668,200000,Home,120,17.47,2,0
Applicant_3233,43,Male,Married,2,Freelancer,4,38700.0,464400.0,487,150000,Education,240,12.46,3,1
Applicant_3234,44,Male,Single,0,Self-Employed,3,51500.0,618000.0,515,300000,Vehicle,240,17.84,2,1
Applicant_3235,58,Female,Married,2,Freelancer,29,77600.0,931200.0,739,500000,Personal,180,16.42,1,0
Applicant_3236,48,Female,Married,2,Unemployed,0,7300.0,87600.0,752,150000,Education,240,13.86,1,1
Applicant_3237,41,Male,Single,3,Unemployed,0,5200.0,62400.0,673,250000,Vehicle,48,6.61,2,1
Applicant_3238,63,Female,Single,1,Salaried,19,77800.0,933600.0,724,1000000,Business,60,9.9,1,0
Applicant_3239,38,Female,Single,3,Unemployed,0,5000.0,60000.0,754,50000,Business,12,11.3,1,1
Applicant_3240,56,Male,Married,1,Freelancer,25,56400.0,676800.0,581,1000000,Vehicle,180,14.01,3,1
Applicant_3241,55,Female,Married,2,Freelancer,8,35900.0,430800.0,510,1000000,Business,240,11.05,1,1
Applicant_3242,29,Male,Single,4,Salaried,10,54100.0,649200.0,648,500000,Education,240,16.02,2,0
Applicant_3243,58,Male,Married,0,Salaried,21,70900.0,850800.0,592,400000,Personal,24,14.12,4,0
Applicant_3244,50,Female,Married,0,Unemployed,0,17800.0,213600.0,688,500000,Business,12,10.49,2,1
Applicant_3245,64,Female,Married,1,Salaried,39,100400.0,1204800.0,704,100000,Home,24,15.52,1,0
Applicant_3246,54,Female,Married,0,Salaried,29,95400.0,1144800.0,581,400000,Home,48,9.99,0,0
Applicant_3247,52,Male,Married,0,Salaried,19,95500.0,1146000.0,720,200000,Home,36,7.22,2,0
Applicant_3248,23,Male,Married,2,Unemployed,0,18600.0,223200.0,715,100000,Home,240,8.48,5,1
Applicant_3249,23,Male,Married,1,Self-Employed,3,59200.0,710400.0,722,750000,Home,180,6.53,3,1
Applicant_3250,48,Male,Married,1,Unemployed,0,5000.0,60000.0,609,250000,Business,36,16.07,2,1
Applicant_3251,64,Male,Married,1,Salaried,6,63800.0,765600.0,727,400000,Business,24,13.71,1,0
Applicant_3252,35,Female,Married,0,Salaried,3,30100.0,361200.0,702,200000,Home,240,13.06,0,0
Applicant_3253,61,Male,Married,1,Self-Employed,27,84900.0,1018800.0,714,1000000,Business,120,14.11,2,0
Applicant_3254,43,Female,Married,2,Self-Employed,22,76300.0,915600.0,817,200000,Personal,240,14.02,0,0
Applicant_3255,60,Male,Divorced,0,Salaried,34,99400.0,1192800.0,682,150000,Education,180,13.0,4,0
Applicant_3256,31,Female,Single,4,Salaried,0,34600.0,415200.0,589,50000,Home,12,16.19,1,0
Applicant_3257,52,Male,Single,1,Salaried,6,44600.0,535200.0,538,100000,Education,240,11.57,1,0
Applicant_3258,56,Male,Single,4,Salaried,8,41300.0,495600.0,762,750000,Business,36,15.76,0,1
Applicant_3259,53,Male,Married,0,Self-Employed,33,113800.0,1365600.0,685,50000,Education,12,15.55,1,0
Applicant_3260,44,Male,Married,2,Salaried,6,49300.0,591600.0,817,250000,Education,240,8.79,2,0
Applicant_3261,59,Female,Single,2,Salaried,33,109000.0,1308000.0,447,100000,Home,60,11.72,1,0
Applicant_3262,54,Male,Single,3,Salaried,12,66500.0,798000.0,741,200000,Vehicle,240,16.1,2,0
Applicant_3263,48,Female,Single,2,Salaried,28,96800.0,1161600.0,623,400000,Business,240,16.05,2,0
Applicant_3264,57,Other,Single,4,Unemployed,0,6400.0,76800.0,614,250000,Personal,12,6.78,1,1
Applicant_3265,27,Female,Single,2,Salaried,2,39400.0,472800.0,573,50000,Vehicle,120,9.07,1,0
Applicant_3266,24,Male,Married,2,Salaried,4,69300.0,831600.0,739,150000,Education,60,11.37,3,0
Applicant_3267,57,Female,Single,3,Salaried,9,69400.0,832800.0,711,1000000,Personal,60,7.04,0,0
Applicant_3268,21,Male,Single,2,Self-Employed,1,37300.0,447600.0,535,750000,Education,36,9.5,2,1
Applicant_3269,21,Male,Married,1,Self-Employed,3,34300.0,411600.0,666,50000,Education,60,9.47,1,0
Applicant_3270,40,Female,Married,0,Salaried,2,42200.0,506400.0,720,1000000,Business,240,8.97,2,1
Applicant_3271,39,Female,Single,3,Self-Employed,19,79300.0,951600.0,667,200000,Business,240,11.06,1,0
Applicant_3272,49,Male,Single,1,Self-Employed,5,67500.0,810000.0,760,250000,Education,12,15.85,0,0
Applicant_3273,30,Male,Married,2,Salaried,2,23400.0,280800.0,620,1000000,Home,180,9.31,5,1
Applicant_3274,38,Male,Married,0,Salaried,1,51900.0,622800.0,424,150000,Education,48,13.19,0,0
Applicant_3275,48,Male,Single,1,Self-Employed,22,95900.0,1150800.0,668,150000,Business,120,12.91,0,0
Applicant_3276,55,Male,Single,2,Self-Employed,21,54700.0,656400.0,668,50000,Home,12,15.91,1,0
Applicant_3277,63,Other,Single,2,Unemployed,0,5000.0,60000.0,681,300000,Personal,24,11.03,4,1
Applicant_3278,51,Female,Married,1,Salaried,26,76000.0,912000.0,760,200000,Vehicle,180,9.07,0,0
Applicant_3279,47,Female,Married,0,Freelancer,18,67500.0,810000.0,454,500000,Home,24,16.75,2,0
Applicant_3280,31,Male,Married,1,Salaried,5,44600.0,535200.0,626,300000,Vehicle,12,16.08,1,0
Applicant_3281,58,Female,Married,2,Freelancer,9,41000.0,492000.0,557,150000,Home,24,13.65,1,0
Applicant_3282,25,Female,Married,0,Self-Employed,3,34800.0,417600.0,529,400000,Personal,48,7.57,2,1
Applicant_3283,28,Female,Married,2,Self-Employed,0,45800.0,549600.0,642,150000,Business,24,6.69,1,0
Applicant_3284,54,Male,Married,2,Salaried,18,79400.0,952800.0,720,750000,Personal,36,8.6,2,0
Applicant_3285,32,Male,Single,4,Salaried,7,57500.0,690000.0,680,500000,Home,180,8.76,0,0
Applicant_3286,58,Male,Married,0,Self-Employed,26,89400.0,1072800.0,581,150000,Vehicle,180,8.07,4,0
Applicant_3287,21,Female,Married,0,Salaried,3,54600.0,655200.0,635,100000,Home,240,9.52,0,0
Applicant_3288,51,Female,Married,1,Salaried,16,68100.0,817200.0,742,150000,Personal,180,10.39,2,0
Applicant_3289,24,Female,Married,1,Salaried,1,67500.0,810000.0,718,200000,Education,48,15.18,4,0
Applicant_3290,25,Male,Married,0,Salaried,5,31500.0,378000.0,594,150000,Personal,180,14.66,0,0
Applicant_3291,50,Male,Married,3,Self-Employed,16,41100.0,493200.0,588,750000,Personal,36,7.7,0,1
Applicant_3292,44,Male,Single,1,Salaried,11,34900.0,418800.0,478,1000000,Personal,36,17.74,1,1
Applicant_3293,23,Male,Married,1,Salaried,1,10800.0,129600.0,607,100000,Home,240,15.15,3,1
Applicant_3294,31,Male,Married,1,Salaried,9,68100.0,817200.0,476,500000,Personal,180,8.38,2,1
Applicant_3295,24,Female,Married,3,Freelancer,5,43300.0,519600.0,856,400000,Home,48,7.93,3,0
Applicant_3296,46,Male,Single,0,Unemployed,0,23100.0,277200.0,564,50000,Home,240,7.51,1,1
Applicant_3297,47,Female,Single,0,Self-Employed,16,51200.0,614400.0,760,300000,Personal,240,14.92,5,0
Applicant_3298,63,Male,Married,0,Self-Employed,25,96200.0,1154400.0,831,300000,Personal,120,9.22,1,0
Applicant_3299,47,Male,Married,2,Salaried,25,90900.0,1090800.0,671,750000,Education,36,7.34,3,0
Applicant_3300,62,Male,Married,3,Self-Employed,33,103500.0,1242000.0,639,1000000,Personal,240,11.35,1,0
Applicant_3301,26,Female,Divorced,1,Self-Employed,3,50400.0,604800.0,517,500000,Personal,24,14.65,0,1
Applicant_3302,35,Male,Married,0,Self-Employed,17,57700.0,692400.0,599,400000,Education,12,10.0,1,0
Applicant_3303,50,Female,Married,0,Salaried,26,130800.0,1569600.0,810,400000,Personal,48,12.05,0,0
Applicant_3304,62,Male,Single,2,Self-Employed,20,95000.0,1140000.0,685,250000,Vehicle,240,8.72,0,0
Applicant_3305,57,Female,Single,0,Unemployed,0,5000.0,60000.0,652,100000,Personal,180,11.44,1,1
Applicant_3306,57,Female,Married,3,Freelancer,35,78600.0,943200.0,781,1000000,Business,240,10.63,0,0
Applicant_3307,62,Male,Married,0,Freelancer,37,97700.0,1172400.0,719,250000,Home,12,11.49,1,0
Applicant_3308,57,Female,Married,0,Salaried,30,102700.0,1232400.0,635,50000,Business,48,11.86,0,0
Applicant_3309,55,Male,Married,0,Salaried,6,68000.0,816000.0,671,1000000,Personal,48,7.56,1,0
Applicant_3310,43,Female,Single,3,Freelancer,11,29500.0,354000.0,573,300000,Personal,36,7.57,5,1
Applicant_3311,26,Male,Divorced,2,Salaried,1,46300.0,555600.0,593,100000,Vehicle,240,9.5,1,0
Applicant_3312,24,Male,Divorced,4,Self-Employed,1,14100.0,169200.0,629,50000,Home,12,7.83,0,0
Applicant_3313,38,Female,Married,1,Salaried,12,70500.0,846000.0,705,50000,Education,120,9.41,1,0
Applicant_3314,29,Female,Single,0,Self-Employed,8,49400.0,592800.0,525,50000,Home,180,6.78,3,0
Applicant_3315,49,Male,Married,2,Self-Employed,4,72100.0,865200.0,657,200000,Business,24,10.53,1,0
Applicant_3316,33,Female,Married,1,Freelancer,15,31800.0,381600.0,611,250000,Business,12,8.95,1,0
Applicant_3317,37,Male,Married,2,Salaried,6,72600.0,871200.0,559,250000,Personal,48,16.76,3,1
Applicant_3318,52,Male,Married,1,Freelancer,28,55400.0,664800.0,611,50000,Education,24,16.37,0,0
Applicant_3319,42,Female,Single,0,Freelancer,11,27100.0,325200.0,417,300000,Personal,36,9.95,1,1
Applicant_3320,24,Male,Single,0,Unemployed,0,5000.0,60000.0,574,150000,Home,24,11.97,0,1
Applicant_3321,25,Male,Single,2,Self-Employed,0,38800.0,465600.0,540,200000,Education,240,17.49,0,0
Applicant_3322,57,Female,Divorced,1,Self-Employed,32,81400.0,976800.0,622,250000,Education,24,12.53,0,0
Applicant_3323,61,Male,Married,3,Unemployed,0,5000.0,60000.0,422,200000,Personal,12,16.26,1,1
Applicant_3324,33,Female,Married,1,Self-Employed,7,52000.0,624000.0,669,200000,Personal,48,16.0,3,0
Applicant_3325,54,Male,Single,3,Self-Employed,9,59800.0,717600.0,740,1000000,Home,48,17.32,1,1
Applicant_3326,42,Male,Divorced,1,Salaried,24,88600.0,1063200.0,638,50000,Personal,48,10.02,1,0
Applicant_3327,43,Male,Married,0,Salaried,8,53600.0,643200.0,699,100000,Vehicle,60,7.0,1,0
Applicant_3328,23,Female,Single,4,Salaried,1,69400.0,832800.0,598,100000,Home,36,7.7,1,0
Applicant_3329,62,Female,Married,1,Self-Employed,38,113200.0,1358400.0,494,100000,Personal,12,13.07,1,0
Applicant_3330,54,Male,Single,2,Self-Employed,15,77100.0,925200.0,650,1000000,Personal,240,12.6,4,1
Applicant_3331,52,Male,Single,2,Salaried,27,96100.0,1153200.0,718,50000,Vehicle,48,9.93,0,0
Applicant_3332,41,Female,Single,1,Freelancer,11,30500.0,366000.0,517,1000000,Personal,24,9.36,2,1
Applicant_3333,64,Male,Divorced,2,Self-Employed,31,105200.0,1262400.0,603,500000,Personal,60,14.66,4,0
Applicant_3334,41,Female,Divorced,3,Self-Employed,18,61200.0,734400.0,625,50000,Business,36,10.42,1,0
Applicant_3335,64,Male,Single,1,Unemployed,0,5000.0,60000.0,900,500000,Education,48,13.45,2,1
Applicant_3336,31,Female,Married,2,Salaried,12,68600.0,823200.0,672,50000,Personal,60,14.69,2,0
Applicant_3337,59,Male,Married,2,Freelancer,26,47900.0,574800.0,459,1000000,Personal,240,11.45,1,1
Applicant_3338,24,Female,Married,0,Self-Employed,1,12900.0,154800.0,434,150000,Personal,180,8.72,0,1
Applicant_3339,21,Female,Single,1,Self-Employed,2,52600.0,631200.0,723,750000,Home,36,16.4,0,1
Applicant_3340,48,Male,Married,0,Salaried,25,80000.0,960000.0,898,500000,Education,120,7.58,0,0
Applicant_3341,44,Male,Married,2,Salaried,6,42800.0,513600.0,621,100000,Education,120,16.04,3,1
Applicant_3342,55,Female,Single,3,Self-Employed,0,37500.0,450000.0,615,200000,Business,24,16.12,1,0
Applicant_3343,33,Female,Married,2,Salaried,2,38200.0,458400.0,693,500000,Vehicle,180,13.07,3,0
Applicant_3344,54,Male,Married,0,Salaried,26,98300.0,1179600.0,570,750000,Home,60,13.74,0,0
Applicant_3345,31,Male,Single,1,Freelancer,13,50200.0,602400.0,395,400000,Home,12,10.62,3,1
Applicant_3346,56,Female,Divorced,3,Self-Employed,3,44000.0,528000.0,753,50000,Vehicle,180,16.18,1,0
Applicant_3347,37,Male,Single,1,Freelancer,18,50500.0,606000.0,588,500000,Personal,36,9.53,0,0
Applicant_3348,55,Female,Divorced,3,Self-Employed,21,79900.0,958800.0,755,50000,Vehicle,60,12.94,1,0
Applicant_3349,38,Male,Single,2,Self-Employed,5,61600.0,739200.0,573,750000,Home,240,6.52,4,1
Applicant_3350,60,Female,Single,0,Unemployed,0,5000.0,60000.0,662,500000,Business,60,17.31,1,1
Applicant_3351,42,Female,Single,0,Unemployed,0,18700.0,224400.0,735,200000,Business,36,17.41,1,1
Applicant_3352,44,Other,Married,1,Salaried,19,77200.0,926400.0,757,1000000,Home,60,14.67,1,0
Applicant_3353,39,Male,Married,2,Freelancer,8,52000.0,624000.0,673,200000,Home,60,11.37,1,0
Applicant_3354,57,Female,Single,3,Salaried,10,61900.0,742800.0,668,200000,Education,36,8.55,0,0
Applicant_3355,59,Male,Single,2,Salaried,21,81500.0,978000.0,711,300000,Home,240,12.16,1,0
Applicant_3356,41,Female,Married,1,Self-Employed,14,68200.0,818400.0,696,100000,Vehicle,180,15.6,1,0
Applicant_3357,28,Male,Married,0,Unemployed,0,23200.0,278400.0,520,200000,Education,24,13.46,2,1
Applicant_3358,48,Male,Married,2,Unemployed,0,8500.0,102000.0,522,200000,Business,120,12.57,0,1
Applicant_3359,25,Female,Single,0,Salaried,0,47200.0,566400.0,439,500000,Business,12,16.27,2,1
Applicant_3360,37,Male,Married,2,Freelancer,10,39500.0,474000.0,726,100000,Education,36,10.1,2,0
Applicant_3361,57,Female,Married,0,Freelancer,9,66600.0,799200.0,610,500000,Personal,48,16.39,1,1
Applicant_3362,56,Female,Divorced,0,Salaried,33,115600.0,1387200.0,732,1000000,Home,60,11.55,1,0
Applicant_3363,39,Female,Married,0,Self-Employed,21,78200.0,938400.0,690,100000,Education,180,6.53,2,0
Applicant_3364,47,Male,Single,0,Self-Employed,13,59200.0,710400.0,549,750000,Vehicle,12,14.92,1,1
Applicant_3365,54,Male,Single,2,Salaried,3,60700.0,728400.0,637,750000,Home,12,16.6,1,1
Applicant_3366,31,Female,Married,0,Freelancer,1,17900.0,214800.0,604,300000,Education,36,12.07,3,1
Applicant_3367,32,Male,Married,4,Salaried,4,21300.0,255600.0,589,1000000,Business,48,11.73,5,1
Applicant_3368,41,Male,Married,2,Salaried,13,67100.0,805200.0,741,250000,Personal,48,15.76,0,0
Applicant_3369,31,Male,Married,1,Salaried,2,61900.0,742800.0,900,400000,Personal,24,16.67,4,0
Applicant_3370,59,Male,Married,1,Self-Employed,37,132900.0,1594800.0,761,500000,Vehicle,48,17.71,1,0
Applicant_3371,48,Female,Married,2,Self-Employed,26,85400.0,1024800.0,647,500000,Home,120,10.47,1,0
Applicant_3372,25,Male,Married,0,Salaried,6,52700.0,632400.0,775,150000,Business,36,13.34,4,0
Applicant_3373,37,Female,Single,4,Self-Employed,13,68800.0,825600.0,821,150000,Vehicle,12,15.96,4,0
Applicant_3374,40,Male,Single,2,Salaried,7,50000.0,600000.0,510,250000,Home,12,12.62,0,0
Applicant_3375,61,Male,Married,0,Freelancer,19,70700.0,848400.0,772,250000,Personal,48,11.81,1,0
Applicant_3376,32,Male,Single,2,Self-Employed,11,55700.0,668400.0,726,100000,Education,60,13.08,3,0
Applicant_3377,26,Male,Single,1,Salaried,3,61200.0,734400.0,768,250000,Home,180,10.6,1,0
Applicant_3378,37,Male,Single,0,Salaried,5,60800.0,729600.0,731,50000,Personal,240,8.71,0,0
Applicant_3379,39,Female,Single,4,Salaried,10,72200.0,866400.0,627,400000,Personal,240,7.27,5,1
Applicant_3380,46,Male,Single,0,Unemployed,0,5000.0,60000.0,853,400000,Vehicle,120,13.51,0,1
Applicant_3381,64,Male,Married,2,Self-Employed,38,139900.0,1678800.0,683,50000,Personal,180,10.86,2,0
Applicant_3382,64,Male,Married,4,Self-Employed,35,112300.0,1347600.0,606,150000,Vehicle,24,16.65,1,0
Applicant_3383,52,Male,Married,0,Salaried,14,71700.0,860400.0,700,500000,Home,48,9.06,1,0
Applicant_3384,26,Female,Married,0,Self-Employed,0,23600.0,283200.0,747,750000,Home,120,10.07,0,1
Applicant_3385,56,Male,Divorced,0,Unemployed,0,5000.0,60000.0,659,150000,Vehicle,36,17.66,0,1
Applicant_3386,58,Male,Single,0,Salaried,30,101700.0,1220400.0,689,300000,Vehicle,24,12.9,0,0
Applicant_3387,31,Male,Married,0,Self-Employed,8,39200.0,470400.0,658,300000,Home,240,10.49,2,0
Applicant_3388,53,Other,Single,3,Unemployed,0,5000.0,60000.0,583,300000,Personal,120,16.4,2,1
Applicant_3389,44,Male,Married,3,Self-Employed,22,76500.0,918000.0,567,250000,Education,240,15.05,3,0
Applicant_3390,43,Female,Divorced,2,Salaried,19,78800.0,945600.0,509,300000,Personal,48,13.09,2,0
Applicant_3391,35,Male,Married,1,Salaried,7,27600.0,331200.0,801,300000,Vehicle,24,16.72,0,0
Applicant_3392,47,Female,Married,3,Salaried,11,60000.0,720000.0,627,1000000,Business,60,7.58,5,1
Applicant_3393,31,Female,Married,1,Freelancer,6,31300.0,375600.0,307,300000,Home,36,11.04,0,1
Applicant_3394,37,Female,Married,1,Self-Employed,17,68700.0,824400.0,689,500000,Education,48,15.82,1,0
Applicant_3395,34,Male,Single,1,Unemployed,0,20500.0,246000.0,687,300000,Education,12,10.94,2,1
Applicant_3396,47,Male,Married,0,Salaried,0,70800.0,849600.0,463,150000,Business,36,17.16,0,0
Applicant_3397,38,Male,Married,4,Salaried,8,66200.0,794400.0,566,400000,Personal,60,8.25,0,0
Applicant_3398,48,Male,Single,2,Salaried,6,33500.0,402000.0,562,300000,Vehicle,120,10.37,4,1
Applicant_3399,24,Male,Single,2,Salaried,5,44800.0,537600.0,575,750000,Business,240,11.4,1,1
Applicant_3400,27,Male,Married,2,Salaried,9,66900.0,802800.0,771,200000,Home,60,14.4,2,0
Applicant_3401,55,Female,Single,2,Salaried,0,47200.0,566400.0,635,50000,Business,12,8.75,3,0
Applicant_3402,29,Male,Single,0,Freelancer,3,45800.0,549600.0,607,300000,Personal,180,6.61,5,1
Applicant_3403,28,Male,Married,1,Salaried,4,46500.0,558000.0,762,750000,Education,36,17.73,0,1
Applicant_3404,37,Male,Single,3,Self-Employed,4,37500.0,450000.0,699,500000,Education,48,16.84,0,0
Applicant_3405,37,Other,Married,0,Unemployed,0,31300.0,375600.0,475,100000,Vehicle,12,9.95,2,1
Applicant_3406,53,Male,Married,4,Unemployed,0,5900.0,70800.0,588,150000,Personal,240,12.06,0,1
Applicant_3407,52,Female,Married,1,Salaried,13,50700.0,608400.0,682,500000,Business,180,12.12,2,0
Applicant_3408,28,Male,Single,0,Unemployed,0,27100.0,325200.0,556,750000,Personal,48,16.5,1,1
Applicant_3409,39,Male,Married,1,Salaried,13,43600.0,523200.0,852,500000,Education,24,13.37,2,0
Applicant_3410,58,Male,Married,3,Salaried,4,5000.0,60000.0,661,1000000,Business,48,16.0,2,1
Applicant_3411,23,Male,Single,1,Freelancer,2,40500.0,486000.0,574,50000,Business,24,16.99,3,0
Applicant_3412,25,Female,Single,2,Freelancer,7,52700.0,632400.0,537,150000,Home,48,13.01,0,0
Applicant_3413,33,Female,Married,1,Freelancer,2,35200.0,422400.0,742,500000,Education,240,9.78,2,1
Applicant_3414,51,Male,Single,2,Freelancer,4,13500.0,162000.0,585,50000,Personal,24,12.24,1,0
Applicant_3415,36,Other,Married,0,Salaried,3,45100.0,541200.0,687,400000,Education,36,16.29,1,0
Applicant_3416,52,Male,Single,0,Self-Employed,14,58800.0,705600.0,534,200000,Business,240,13.21,0,0
Applicant_3417,42,Other,Single,0,Salaried,20,71900.0,862800.0,657,400000,Home,180,16.8,2,0
Applicant_3418,49,Other,Single,0,Self-Employed,6,68200.0,818400.0,586,200000,Business,60,16.8,5,1
Applicant_3419,42,Male,Married,0,Salaried,4,32300.0,387600.0,618,500000,Personal,36,10.79,3,1
Applicant_3420,63,Male,Married,2,Salaried,29,102700.0,1232400.0,570,300000,Education,12,11.65,0,0
Applicant_3421,23,Male,Single,1,Freelancer,5,52900.0,634800.0,752,1000000,Education,36,14.3,2,1
Applicant_3422,30,Female,Married,0,Freelancer,7,44700.0,536400.0,600,1000000,Home,36,7.78,0,1
Applicant_3423,62,Male,Married,0,Self-Employed,23,99600.0,1195200.0,635,500000,Education,60,11.85,3,0
Applicant_3424,41,Other,Divorced,0,Self-Employed,2,47500.0,570000.0,640,50000,Business,120,8.22,3,0
Applicant_3425,36,Female,Divorced,1,Self-Employed,4,49400.0,592800.0,811,750000,Education,36,16.25,1,0
Applicant_3426,32,Male,Married,0,Self-Employed,11,62500.0,750000.0,739,750000,Personal,12,17.34,0,0
Applicant_3427,22,Male,Divorced,1,Unemployed,0,14200.0,170400.0,729,300000,Personal,36,8.13,1,1
Applicant_3428,61,Female,Married,1,Salaried,19,72200.0,866400.0,492,750000,Home,36,14.17,0,0
Applicant_3429,44,Male,Married,2,Salaried,13,46500.0,558000.0,584,300000,Personal,36,13.82,2,0
Applicant_3430,55,Female,Single,2,Unemployed,0,19300.0,231600.0,768,300000,Business,180,15.24,0,1
Applicant_3431,50,Male,Single,0,Unemployed,0,22400.0,268800.0,532,200000,Education,240,14.5,0,1
Applicant_3432,50,Male,Married,0,Self-Employed,4,46800.0,561600.0,658,150000,Personal,36,9.0,1,0
Applicant_3433,55,Male,Married,0,Salaried,35,101800.0,1221600.0,543,150000,Home,60,9.85,4,0
Applicant_3434,39,Female,Married,0,Freelancer,20,41600.0,499200.0,553,100000,Home,180,8.4,1,0
Applicant_3435,28,Male,Married,0,Self-Employed,6,48300.0,579600.0,818,200000,Education,60,17.09,1,0
Applicant_3436,46,Female,Single,2,Freelancer,2,8800.0,105600.0,721,750000,Education,12,12.5,0,1
Applicant_3437,60,Male,Married,0,Self-Employed,28,68700.0,824400.0,748,400000,Business,120,17.73,1,0
Applicant_3438,27,Female,Single,4,Salaried,5,49700.0,596400.0,728,150000,Personal,12,11.67,1,0
Applicant_3439,50,Female,Single,0,Salaried,24,76500.0,918000.0,636,500000,Home,12,12.86,5,0
Applicant_3440,27,Male,Married,2,Self-Employed,3,46200.0,554400.0,580,750000,Personal,120,15.58,0,1
Applicant_3441,23,Female,Single,2,Salaried,3,43600.0,523200.0,609,50000,Personal,36,15.67,0,0
Applicant_3442,21,Male,Married,1,Salaried,1,32900.0,394800.0,630,50000,Education,240,9.16,0,0
Applicant_3443,56,Male,Married,1,Salaried,37,88400.0,1060800.0,827,750000,Business,120,9.82,3,0
Applicant_3444,45,Male,Single,2,Salaried,2,31200.0,374400.0,516,750000,Home,48,7.62,1,1
Applicant_3445,57,Female,Married,3,Salaried,0,27800.0,333600.0,594,400000,Vehicle,180,15.76,3,1
Applicant_3446,21,Female,Married,1,Salaried,2,25600.0,307200.0,558,150000,Education,36,15.63,2,0
Applicant_3447,35,Female,Single,0,Unemployed,0,5000.0,60000.0,755,200000,Personal,240,7.43,4,1
Applicant_3448,57,Male,Single,1,Salaried,23,68800.0,825600.0,835,400000,Vehicle,48,9.46,0,0
Applicant_3449,33,Female,Married,0,Salaried,7,51500.0,618000.0,680,750000,Business,12,11.67,0,0
Applicant_3450,60,Male,Married,4,Salaried,38,119600.0,1435200.0,689,500000,Home,36,12.73,2,0
Applicant_3451,28,Female,Single,2,Freelancer,1,14600.0,175200.0,659,500000,Personal,120,12.51,2,1
Applicant_3452,25,Male,Single,0,Salaried,0,46400.0,556800.0,693,50000,Education,120,17.81,2,0
Applicant_3453,29,Other,Married,0,Salaried,2,23600.0,283200.0,727,300000,Personal,180,15.29,2,1
Applicant_3454,21,Female,Married,0,Salaried,1,25300.0,303600.0,692,300000,Business,240,7.8,2,1
Applicant_3455,56,Female,Single,3,Self-Employed,15,63300.0,759600.0,699,250000,Personal,240,9.88,4,0
Applicant_3456,55,Female,Married,3,Self-Employed,31,107300.0,1287600.0,727,50000,Home,120,10.47,4,0
Applicant_3457,22,Male,Married,0,Salaried,4,61000.0,732000.0,472,150000,Personal,240,10.12,0,0
Applicant_3458,60,Female,Married,1,Salaried,0,64200.0,770400.0,650,200000,Home,120,15.54,1,0
Applicant_3459,43,Male,Single,4,Salaried,20,74400.0,892800.0,680,1000000,Education,12,10.65,1,0
Applicant_3460,29,Female,Married,0,Self-Employed,9,51100.0,613200.0,691,400000,Personal,60,12.16,1,0
Applicant_3461,54,Female,Single,0,Self-Employed,11,41500.0,498000.0,632,250000,Personal,12,12.63,0,0
Applicant_3462,34,Female,Divorced,1,Salaried,5,31200.0,374400.0,666,100000,Personal,36,9.61,1,0
Applicant_3463,24,Male,Married,0,Self-Employed,3,44400.0,532800.0,578,150000,Home,240,10.21,5,1
Applicant_3464,50,Male,Married,0,Salaried,20,68400.0,820800.0,472,50000,Vehicle,60,15.47,0,0
Applicant_3465,51,Male,Married,4,Self-Employed,12,77500.0,930000.0,748,300000,Personal,120,16.47,3,0
Applicant_3466,58,Female,Married,2,Self-Employed,11,35100.0,421200.0,536,500000,Education,60,6.93,0,1
Applicant_3467,31,Male,Divorced,1,Unemployed,0,12300.0,147600.0,633,200000,Vehicle,48,13.46,2,1
Applicant_3468,55,Male,Single,1,Salaried,12,48900.0,586800.0,575,100000,Vehicle,24,13.78,1,0
Applicant_3469,28,Female,Married,2,Self-Employed,1,24700.0,296400.0,808,200000,Home,60,14.98,1,0
Applicant_3470,23,Female,Single,1,Salaried,2,52100.0,625200.0,642,1000000,Personal,240,14.48,4,1
Applicant_3471,34,Male,Single,0,Salaried,5,39900.0,478800.0,618,200000,Personal,24,16.59,5,0
Applicant_3472,33,Male,Married,0,Salaried,15,62300.0,747600.0,724,250000,Home,12,7.4,1,0
Applicant_3473,52,Female,Married,2,Salaried,6,39800.0,477600.0,865,150000,Home,12,10.97,2,0
Applicant_3474,54,Male,Married,0,Salaried,6,78800.0,945600.0,690,750000,Personal,240,15.49,2,0
Applicant_3475,39,Female,Married,0,Unemployed,0,5000.0,60000.0,612,400000,Education,60,16.24,0,1
Applicant_3476,58,Male,Married,1,Self-Employed,27,89800.0,1077600.0,719,750000,Business,48,9.54,0,0
Applicant_3477,36,Female,Divorced,0,Salaried,18,73000.0,876000.0,492,400000,Home,12,13.23,3,1
Applicant_3478,22,Male,Single,4,Salaried,0,43300.0,519600.0,654,1000000,Vehicle,24,8.58,1,1
Applicant_3479,60,Male,Married,2,Salaried,21,72800.0,873600.0,849,200000,Business,60,16.29,1,0
Applicant_3480,37,Female,Married,0,Salaried,18,73000.0,876000.0,665,250000,Business,180,14.9,5,0
Applicant_3481,54,Female,Married,0,Salaried,28,101900.0,1222800.0,660,400000,Education,60,9.05,0,0
Applicant_3482,62,Male,Single,2,Self-Employed,18,58100.0,697200.0,652,300000,Business,48,13.67,0,0
Applicant_3483,36,Female,Married,1,Unemployed,0,21300.0,255600.0,610,750000,Personal,60,12.36,3,1
Applicant_3484,58,Male,Single,2,Self-Employed,34,120800.0,1449600.0,681,150000,Personal,36,9.48,1,0
Applicant_3485,22,Female,Single,1,Self-Employed,0,44100.0,529200.0,727,500000,Education,24,16.77,2,1
Applicant_3486,22,Female,Single,1,Freelancer,3,32000.0,384000.0,616,1000000,Business,180,8.2,0,1
Applicant_3487,46,Male,Single,4,Salaried,15,25100.0,301200.0,400,200000,Home,120,11.88,4,1
Applicant_3488,33,Female,Married,1,Salaried,14,74400.0,892800.0,696,750000,Personal,180,13.2,0,0
Applicant_3489,51,Male,Married,1,Self-Employed,19,67100.0,805200.0,863,50000,Business,36,15.97,0,0
Applicant_3490,54,Male,Single,2,Self-Employed,36,103300.0,1239600.0,612,250000,Personal,36,8.23,0,0
Applicant_3491,59,Other,Married,3,Self-Employed,18,42500.0,510000.0,502,200000,Home,24,13.51,1,0
Applicant_3492,23,Female,Married,2,Salaried,1,49400.0,592800.0,717,250000,Education,60,6.58,3,0
Applicant_3493,28,Male,Married,2,Unemployed,0,5000.0,60000.0,824,300000,Personal,240,15.96,0,1
Applicant_3494,43,Male,Married,1,Salaried,12,65800.0,789600.0,702,50000,Education,60,9.2,0,0
Applicant_3495,34,Male,Married,1,Freelancer,14,66600.0,799200.0,822,500000,Home,36,14.79,1,0
Applicant_3496,47,Other,Married,0,Freelancer,11,40000.0,480000.0,729,150000,Home,120,13.42,5,1
Applicant_3497,49,Male,Married,2,Salaried,16,90200.0,1082400.0,720,400000,Business,24,7.08,0,0
Applicant_3498,59,Male,Married,0,Freelancer,14,41800.0,501600.0,598,400000,Home,12,8.61,1,0
Applicant_3499,59,Male,Married,0,Self-Employed,3,50000.0,600000.0,678,750000,Vehicle,24,9.58,2,1
Applicant_3500,21,Male,Married,4,Unemployed,0,5000.0,60000.0,647,400000,Personal,120,16.7,3,1
Applicant_3501,37,Male,Divorced,1,Salaried,14,83500.0,1002000.0,643,500000,Business,36,12.03,2,0
Applicant_3502,61,Male,Married,0,Unemployed,0,18100.0,217200.0,624,200000,Home,24,17.01,0,1
Applicant_3503,50,Male,Married,0,Salaried,16,79000.0,948000.0,672,1000000,Vehicle,24,7.05,1,1
Applicant_3504,33,Male,Single,1,Freelancer,10,39100.0,469200.0,520,200000,Home,180,6.58,0,1
Applicant_3505,41,Female,Divorced,1,Salaried,10,39000.0,468000.0,731,1000000,Home,12,17.4,2,1
Applicant_3506,39,Male,Single,0,Salaried,14,62100.0,745200.0,562,500000,Home,48,14.83,0,0
Applicant_3507,39,Female,Single,0,Salaried,19,94700.0,1136400.0,624,200000,Home,48,15.51,0,0
Applicant_3508,45,Female,Single,0,Salaried,20,81900.0,982800.0,683,200000,Personal,240,17.03,1,0
Applicant_3509,42,Female,Divorced,0,Salaried,6,28700.0,344400.0,557,1000000,Business,12,17.82,4,1
Applicant_3510,51,Female,Married,0,Salaried,12,47100.0,565200.0,453,150000,Education,24,7.62,2,0
Applicant_3511,37,Male,Divorced,1,Salaried,12,82800.0,993600.0,611,150000,Business,36,8.32,0,0
Applicant_3512,43,Male,Married,0,Salaried,19,85300.0,1023600.0,506,200000,Business,12,8.67,0,0
Applicant_3513,52,Male,Married,0,Salaried,19,59500.0,714000.0,721,100000,Vehicle,48,15.91,0,0
Applicant_3514,30,Male,Divorced,3,Salaried,1,15500.0,186000.0,534,150000,Home,120,10.59,0,1
Applicant_3515,30,Female,Divorced,3,Freelancer,9,33600.0,403200.0,798,100000,Home,240,13.32,2,0
Applicant_3516,56,Female,Married,0,Self-Employed,36,79200.0,950400.0,649,300000,Home,48,16.34,3,0
Applicant_3517,28,Female,Single,0,Salaried,3,43700.0,524400.0,655,150000,Education,240,14.36,3,1
Applicant_3518,40,Male,Married,1,Self-Employed,18,107800.0,1293600.0,451,100000,Personal,12,7.25,4,0
Applicant_3519,52,Female,Divorced,2,Freelancer,26,53000.0,636000.0,664,750000,Personal,24,11.63,1,0
Applicant_3520,34,Male,Married,4,Salaried,1,39200.0,470400.0,641,500000,Education,240,7.28,3,1
Applicant_3521,48,Male,Married,1,Salaried,3,65700.0,788400.0,520,250000,Personal,60,12.01,2,0
Applicant_3522,44,Male,Divorced,2,Self-Employed,15,76200.0,914400.0,658,750000,Education,36,9.02,1,0
Applicant_3523,35,Female,Married,3,Unemployed,0,5000.0,60000.0,610,250000,Education,180,6.52,5,1
Applicant_3524,42,Male,Married,1,Self-Employed,20,72800.0,873600.0,628,250000,Home,60,15.85,4,0
Applicant_3525,50,Female,Married,0,Self-Employed,15,47700.0,572400.0,652,200000,Personal,36,17.65,4,0
Applicant_3526,24,Female,Single,1,Salaried,0,36000.0,432000.0,602,150000,Personal,240,17.59,0,0
Applicant_3527,33,Female,Married,0,Freelancer,14,56700.0,680400.0,674,1000000,Business,60,9.94,0,1
Applicant_3528,43,Male,Married,0,Salaried,12,80600.0,967200.0,641,750000,Vehicle,60,16.03,4,1
Applicant_3529,28,Female,Married,2,Salaried,0,30700.0,368400.0,697,200000,Business,36,14.31,1,0
Applicant_3530,38,Female,Married,0,Self-Employed,4,40200.0,482400.0,597,400000,Home,120,15.7,3,1
Applicant_3531,32,Male,Single,0,Unemployed,0,5000.0,60000.0,543,250000,Home,36,16.23,2,1
Applicant_3532,51,Male,Single,3,Salaried,26,95400.0,1144800.0,579,400000,Vehicle,48,17.77,3,0
Applicant_3533,34,Male,Married,1,Salaried,0,51800.0,621600.0,794,500000,Business,24,8.24,0,0
Applicant_3534,54,Male,Married,0,Self-Employed,29,102400.0,1228800.0,745,500000,Business,24,15.35,1,0
Applicant_3535,38,Male,Single,0,Self-Employed,14,45400.0,544800.0,771,1000000,Business,48,14.94,3,1
Applicant_3536,54,Other,Single,0,Salaried,35,112200.0,1346400.0,778,300000,Education,120,9.81,1,0
Applicant_3537,31,Male,Married,0,Salaried,2,33800.0,405600.0,603,250000,Business,60,11.01,2,0
Applicant_3538,61,Male,Single,3,Salaried,29,113200.0,1358400.0,679,100000,Home,120,8.53,3,0
Applicant_3539,32,Other,Single,0,Self-Employed,6,44600.0,535200.0,657,500000,Education,120,17.0,0,0
Applicant_3540,35,Male,Married,2,Freelancer,17,36200.0,434400.0,715,250000,Education,36,16.61,0,0
Applicant_3541,51,Female,Married,0,Salaried,25,86700.0,1040400.0,621,500000,Personal,12,13.56,2,0
Applicant_3542,49,Male,Married,4,Freelancer,16,63900.0,766800.0,659,300000,Personal,240,12.38,0,0
Applicant_3543,46,Female,Single,2,Salaried,10,63700.0,764400.0,657,500000,Personal,60,9.18,1,0
Applicant_3544,38,Male,Married,3,Salaried,19,70300.0,843600.0,703,50000,Personal,24,15.58,4,0
Applicant_3545,52,Female,Married,1,Self-Employed,28,82200.0,986400.0,715,750000,Personal,36,6.59,2,0
Applicant_3546,42,Male,Single,3,Self-Employed,21,62200.0,746400.0,659,750000,Home,240,11.82,4,0
Applicant_3547,58,Female,Single,3,Salaried,8,50100.0,601200.0,662,150000,Personal,48,16.4,1,0
Applicant_3548,37,Male,Single,2,Self-Employed,16,54200.0,650400.0,672,250000,Business,120,13.61,2,0
Applicant_3549,43,Female,Single,0,Freelancer,16,71600.0,859200.0,814,400000,Personal,60,13.8,0,0
Applicant_3550,44,Male,Single,0,Salaried,26,78500.0,942000.0,477,500000,Personal,180,7.31,0,0
Applicant_3551,28,Male,Married,0,Salaried,4,49800.0,597600.0,553,400000,Personal,12,9.8,5,1
Applicant_3552,61,Female,Married,0,Salaried,21,82800.0,993600.0,717,150000,Home,60,14.25,0,0
Applicant_3553,26,Male,Married,2,Freelancer,7,53200.0,638400.0,676,400000,Personal,48,7.07,0,0
Applicant_3554,25,Female,Married,2,Salaried,2,60300.0,723600.0,676,50000,Home,12,10.31,3,0
Applicant_3555,64,Other,Single,1,Freelancer,37,109400.0,1312800.0,716,250000,Personal,60,10.57,3,0
Applicant_3556,49,Female,Divorced,0,Self-Employed,2,44300.0,531600.0,671,750000,Personal,48,12.24,5,1
Applicant_3557,48,Male,Single,0,Freelancer,7,23300.0,279600.0,594,100000,Home,240,10.67,0,1
Applicant_3558,31,Female,Married,0,Self-Employed,11,41000.0,492000.0,712,150000,Personal,60,11.72,0,0
Applicant_3559,21,Female,Single,1,Salaried,2,31300.0,375600.0,652,750000,Vehicle,240,12.79,1,1
Applicant_3560,63,Female,Married,2,Unemployed,0,16300.0,195600.0,605,150000,Education,180,7.98,2,1
Applicant_3561,39,Male,Married,0,Self-Employed,3,42100.0,505200.0,719,500000,Vehicle,36,8.58,0,1
Applicant_3562,29,Male,Single,2,Self-Employed,1,50000.0,600000.0,715,300000,Vehicle,60,16.07,0,0
Applicant_3563,47,Male,Married,1,Self-Employed,27,104000.0,1248000.0,671,400000,Business,120,11.79,2,0
Applicant_3564,54,Male,Single,3,Self-Employed,24,72100.0,865200.0,821,250000,Business,48,10.58,2,0
Applicant_3565,64,Male,Married,0,Salaried,30,100500.0,1206000.0,782,1000000,Personal,24,11.49,0,0
Applicant_3566,24,Male,Married,1,Salaried,1,41800.0,501600.0,750,400000,Personal,240,8.51,4,1
Applicant_3567,56,Female,Single,0,Salaried,12,59100.0,709200.0,900,1000000,Vehicle,48,9.26,0,0
Applicant_3568,38,Female,Married,1,Unemployed,0,5000.0,60000.0,635,1000000,Education,60,12.43,4,1
Applicant_3569,35,Female,Single,1,Self-Employed,14,80800.0,969600.0,603,150000,Home,36,10.63,4,0
Applicant_3570,33,Male,Married,2,Salaried,5,50800.0,609600.0,736,250000,Home,24,11.97,1,0
Applicant_3571,39,Male,Single,0,Self-Employed,18,71200.0,854400.0,624,300000,Business,180,8.22,1,0
Applicant_3572,26,Other,Married,0,Salaried,1,30000.0,360000.0,651,750000,Education,180,8.3,0,1
Applicant_3573,32,Other,Divorced,2,Salaried,12,74100.0,889200.0,551,200000,Home,120,10.92,3,0
Applicant_3574,57,Female,Single,1,Salaried,32,88900.0,1066800.0,710,500000,Business,48,10.86,0,0
Applicant_3575,37,Female,Divorced,1,Self-Employed,15,71800.0,861600.0,502,500000,Personal,24,16.66,2,0
Applicant_3576,43,Male,Married,3,Unemployed,0,12200.0,146400.0,640,1000000,Personal,36,6.88,2,1
Applicant_3577,46,Female,Single,1,Unemployed,0,5000.0,60000.0,648,300000,Home,120,17.92,0,1
Applicant_3578,49,Male,Married,2,Salaried,25,94800.0,1137600.0,606,500000,Home,12,17.5,5,0
Applicant_3579,53,Male,Married,2,Self-Employed,22,81800.0,981600.0,474,250000,Home,240,12.74,3,0
Applicant_3580,47,Female,Married,3,Freelancer,5,34400.0,412800.0,473,50000,Personal,240,14.77,0,0
Applicant_3581,45,Male,Single,2,Salaried,2,44200.0,530400.0,575,200000,Business,24,17.26,1,0
Applicant_3582,30,Male,Single,0,Freelancer,3,31900.0,382800.0,703,300000,Business,48,9.39,1,0
Applicant_3583,43,Male,Married,1,Freelancer,15,56900.0,682800.0,678,750000,Education,240,10.13,4,1
Applicant_3584,41,Male,Married,4,Self-Employed,1,37900.0,454800.0,648,200000,Vehicle,36,7.78,0,0
Applicant_3585,41,Female,Married,0,Salaried,22,67400.0,808800.0,561,300000,Home,180,12.98,5,0
Applicant_3586,63,Male,Single,2,Unemployed,0,5000.0,60000.0,684,1000000,Home,240,8.33,0,1
Applicant_3587,33,Male,Married,3,Freelancer,1,31000.0,372000.0,470,250000,Business,48,17.21,0,1
Applicant_3588,57,Male,Divorced,2,Self-Employed,29,94500.0,1134000.0,410,750000,Home,36,11.46,2,0
Applicant_3589,53,Male,Single,1,Salaried,9,72300.0,867600.0,625,1000000,Business,48,17.08,0,1
Applicant_3590,44,Male,Single,0,Freelancer,0,34300.0,411600.0,595,300000,Home,240,8.86,4,1
Applicant_3591,64,Female,Married,1,Salaried,21,68900.0,826800.0,751,150000,Home,180,14.48,0,0
Applicant_3592,31,Male,Married,0,Salaried,3,43500.0,522000.0,665,100000,Personal,36,13.95,5,0
Applicant_3593,37,Female,Married,4,Self-Employed,14,58300.0,699600.0,815,150000,Home,180,11.1,4,0
Applicant_3594,24,Other,Divorced,2,Unemployed,0,5000.0,60000.0,595,300000,Home,60,16.83,3,1
Applicant_3595,45,Female,Married,2,Freelancer,23,71000.0,852000.0,698,1000000,Personal,180,11.5,1,0
Applicant_3596,50,Male,Single,1,Self-Employed,32,108200.0,1298400.0,624,500000,Education,48,8.78,1,0
Applicant_3597,29,Male,Married,0,Self-Employed,8,53700.0,644400.0,788,500000,Business,36,17.74,1,0
Applicant_3598,41,Female,Married,0,Salaried,21,100500.0,1206000.0,629,250000,Business,12,11.58,5,0
Applicant_3599,40,Male,Divorced,0,Freelancer,15,58600.0,703200.0,735,50000,Personal,180,8.89,0,0
Applicant_3600,39,Female,Single,1,Self-Employed,17,56500.0,678000.0,542,50000,Education,36,10.68,1,0
Applicant_3601,39,Female,Married,1,Freelancer,4,26000.0,312000.0,608,400000,Personal,12,13.56,5,1
Applicant_3602,32,Female,Married,1,Self-Employed,4,52100.0,625200.0,641,100000,Business,120,12.39,1,0
Applicant_3603,57,Female,Single,1,Freelancer,36,72800.0,873600.0,776,200000,Home,24,13.8,1,0
Applicant_3604,62,Female,Married,4,Freelancer,22,48800.0,585600.0,430,1000000,Education,36,14.11,2,1
Applicant_3605,37,Male,Married,0,Salaried,9,58200.0,698400.0,616,250000,Business,24,7.92,4,1
Applicant_3606,57,Other,Married,2,Salaried,26,106300.0,1275600.0,613,500000,Personal,24,10.12,0,0
Applicant_3607,59,Male,Married,0,Salaried,11,81600.0,979200.0,442,1000000,Personal,240,15.11,4,1
Applicant_3608,48,Male,Married,1,Unemployed,0,5000.0,60000.0,603,750000,Home,240,13.98,0,1
Applicant_3609,61,Female,Single,0,Self-Employed,9,68900.0,826800.0,495,50000,Business,240,7.52,3,0
Applicant_3610,55,Female,Divorced,2,Self-Employed,33,102100.0,1225200.0,416,750000,Home,60,10.12,0,0
Applicant_3611,38,Female,Married,0,Salaried,0,17000.0,204000.0,623,250000,Vehicle,120,17.21,0,1
Applicant_3612,34,Female,Married,0,Self-Employed,15,64900.0,778800.0,620,200000,Home,36,16.41,3,0
Applicant_3613,55,Male,Married,3,Self-Employed,28,81700.0,980400.0,625,1000000,Vehicle,60,14.21,1,0
Applicant_3614,64,Other,Divorced,0,Salaried,17,87800.0,1053600.0,675,250000,Education,120,7.34,1,0
Applicant_3615,61,Female,Single,1,Unemployed,0,5000.0,60000.0,562,750000,Personal,180,13.48,1,1
Applicant_3616,27,Female,Single,1,Salaried,6,32800.0,393600.0,829,500000,Business,60,6.64,2,0
Applicant_3617,61,Male,Single,1,Salaried,35,87500.0,1050000.0,646,1000000,Home,240,14.1,0,0
Applicant_3618,33,Male,Single,2,Salaried,10,59700.0,716400.0,778,250000,Education,180,14.91,0,0
Applicant_3619,38,Female,Married,2,Salaried,9,21700.0,260400.0,482,1000000,Vehicle,240,12.22,1,1
Applicant_3620,57,Male,Divorced,0,Self-Employed,9,45200.0,542400.0,566,250000,Education,24,6.54,0,1
Applicant_3621,33,Male,Married,0,Salaried,8,59500.0,714000.0,718,50000,Business,180,14.17,2,0
Applicant_3622,56,Female,Single,2,Freelancer,10,29100.0,349200.0,627,750000,Home,48,15.93,3,1
Applicant_3623,51,Male,Married,1,Salaried,29,112900.0,1354800.0,542,150000,Personal,240,13.24,2,0
Applicant_3624,22,Male,Married,3,Self-Employed,2,56900.0,682800.0,466,50000,Home,24,14.66,1,0
Applicant_3625,36,Male,Single,1,Self-Employed,13,45700.0,548400.0,723,250000,Business,120,7.54,2,0
Applicant_3626,29,Male,Married,2,Freelancer,2,24500.0,294000.0,715,1000000,Education,120,14.73,0,1
Applicant_3627,29,Female,Married,4,Salaried,8,70900.0,850800.0,674,150000,Personal,24,13.56,4,0
Applicant_3628,58,Male,Married,2,Unemployed,0,5000.0,60000.0,600,300000,Home,120,10.31,2,1
Applicant_3629,31,Male,Married,1,Self-Employed,12,38100.0,457200.0,538,400000,Personal,12,14.38,1,1
Applicant_3630,42,Female,Married,2,Salaried,9,55900.0,670800.0,644,200000,Education,48,13.92,0,0
Applicant_3631,53,Other,Single,1,Salaried,14,55200.0,662400.0,518,200000,Education,24,13.39,2,0
Applicant_3632,56,Female,Married,2,Salaried,27,110600.0,1327200.0,574,100000,Personal,48,8.6,2,0
Applicant_3633,43,Male,Married,0,Freelancer,7,48100.0,577200.0,776,100000,Home,12,9.91,0,0
Applicant_3634,54,Male,Divorced,2,Salaried,6,47300.0,567600.0,464,400000,Vehicle,180,17.9,1,1
Applicant_3635,29,Female,Married,0,Salaried,10,62100.0,745200.0,717,250000,Business,240,11.48,2,0
Applicant_3636,44,Male,Divorced,0,Salaried,7,34400.0,412800.0,799,250000,Personal,48,7.18,0,0
Applicant_3637,28,Female,Married,2,Salaried,1,30700.0,368400.0,731,100000,Home,240,16.84,1,0
Applicant_3638,27,Male,Single,0,Self-Employed,0,58300.0,699600.0,689,400000,Personal,36,8.49,0,0
Applicant_3639,56,Male,Married,2,Self-Employed,3,41800.0,501600.0,603,100000,Home,12,11.14,0,0
Applicant_3640,38,Female,Single,3,Salaried,16,86000.0,1032000.0,585,250000,Business,48,9.7,1,0
Applicant_3641,23,Female,Single,4,Salaried,1,45500.0,546000.0,425,250000,Education,60,17.58,2,1
Applicant_3642,48,Female,Married,2,Salaried,18,95700.0,1148400.0,653,150000,Home,48,10.85,0,0
Applicant_3643,26,Male,Married,1,Self-Employed,3,11000.0,132000.0,609,100000,Home,240,14.65,3,1
Applicant_3644,64,Male,Married,1,Freelancer,31,84200.0,1010400.0,580,150000,Vehicle,240,13.38,2,0
Applicant_3645,64,Female,Single,1,Salaried,27,118700.0,1424400.0,647,250000,Business,180,6.99,1,0
Applicant_3646,41,Female,Single,0,Salaried,5,64300.0,771600.0,656,300000,Home,12,10.92,5,1
Applicant_3647,48,Male,Single,1,Salaried,7,73900.0,886800.0,586,200000,Vehicle,60,10.99,4,1
Applicant_3648,60,Male,Single,2,Unemployed,0,5000.0,60000.0,811,400000,Home,120,17.88,2,1
Applicant_3649,21,Male,Single,0,Self-Employed,0,26900.0,322800.0,723,100000,Business,48,15.84,2,0
Applicant_3650,56,Other,Married,0,Salaried,19,62600.0,751200.0,739,300000,Personal,180,16.35,0,0
Applicant_3651,41,Female,Married,2,Salaried,0,23500.0,282000.0,639,750000,Business,48,10.11,4,1
Applicant_3652,63,Female,Married,0,Salaried,29,110100.0,1321200.0,701,1000000,Education,12,10.28,4,0
Applicant_3653,55,Male,Married,0,Self-Employed,36,114700.0,1376400.0,560,250000,Personal,60,12.43,2,0
Applicant_3654,33,Other,Single,0,Salaried,15,69000.0,828000.0,716,200000,Personal,240,13.76,0,0
Applicant_3655,30,Male,Divorced,2,Salaried,4,55600.0,667200.0,629,750000,Education,60,14.88,2,1
Applicant_3656,64,Male,Single,2,Self-Employed,24,85100.0,1021200.0,547,300000,Home,48,15.94,0,0
Applicant_3657,30,Female,Married,2,Salaried,5,64400.0,772800.0,647,200000,Business,240,16.54,0,0
Applicant_3658,33,Male,Divorced,0,Self-Employed,4,57300.0,687600.0,620,50000,Personal,120,6.78,3,0
Applicant_3659,57,Male,Married,2,Salaried,9,42000.0,504000.0,882,750000,Personal,180,15.66,5,0
Applicant_3660,58,Male,Single,2,Freelancer,4,37100.0,445200.0,693,1000000,Education,36,13.52,0,1
Applicant_3661,44,Male,Married,1,Salaried,7,29000.0,348000.0,807,150000,Education,12,12.62,0,0
Applicant_3662,22,Female,Single,1,Unemployed,0,7000.0,84000.0,763,300000,Business,12,13.73,0,1
Applicant_3663,42,Female,Single,2,Salaried,0,49100.0,589200.0,653,50000,Business,24,16.64,5,1
Applicant_3664,37,Female,Single,1,Salaried,4,28300.0,339600.0,605,300000,Business,60,12.77,2,0
Applicant_3665,56,Female,Divorced,2,Freelancer,0,18800.0,225600.0,475,150000,Business,60,8.37,2,1
Applicant_3666,34,Female,Divorced,0,Freelancer,6,37100.0,445200.0,562,150000,Business,240,11.52,1,0
Applicant_3667,30,Male,Single,1,Salaried,6,55500.0,666000.0,716,400000,Education,24,17.13,1,0
Applicant_3668,55,Male,Married,1,Unemployed,0,5000.0,60000.0,619,750000,Home,48,15.87,0,1
Applicant_3669,45,Other,Divorced,1,Salaried,25,72400.0,868800.0,687,300000,Business,48,8.84,0,0
Applicant_3670,23,Male,Married,1,Self-Employed,5,44200.0,530400.0,446,50000,Home,12,14.71,3,0
Applicant_3671,58,Female,Married,3,Salaried,22,59200.0,710400.0,695,750000,Vehicle,48,9.45,1,1
Applicant_3672,37,Male,Married,3,Salaried,8,52500.0,630000.0,759,250000,Vehicle,36,10.51,0,0
Applicant_3673,32,Female,Married,2,Self-Employed,7,42400.0,508800.0,472,100000,Personal,36,11.89,2,1
Applicant_3674,44,Female,Married,2,Self-Employed,7,47000.0,564000.0,687,150000,Education,36,11.57,0,0
Applicant_3675,49,Male,Married,0,Self-Employed,2,30600.0,367200.0,784,250000,Personal,24,6.84,1,0
Applicant_3676,63,Male,Married,2,Self-Employed,31,74400.0,892800.0,818,100000,Business,120,15.4,0,0
Applicant_3677,45,Female,Single,1,Unemployed,0,5000.0,60000.0,599,150000,Business,180,16.23,3,1
Applicant_3678,56,Male,Single,1,Salaried,3,60000.0,720000.0,727,500000,Home,36,12.61,1,0
Applicant_3679,46,Male,Single,0,Salaried,16,90900.0,1090800.0,792,300000,Business,240,8.49,1,0
Applicant_3680,58,Female,Married,0,Self-Employed,37,145600.0,1747200.0,690,100000,Personal,24,9.35,3,0
Applicant_3681,21,Male,Single,0,Salaried,1,67400.0,808800.0,778,100000,Home,12,7.95,2,0
Applicant_3682,40,Female,Married,0,Self-Employed,8,33000.0,396000.0,646,50000,Education,12,8.45,1,0
Applicant_3683,48,Male,Married,0,Self-Employed,13,54900.0,658800.0,689,400000,Personal,120,16.58,0,0
Applicant_3684,36,Male,Married,2,Salaried,0,39700.0,476400.0,587,300000,Home,240,12.02,4,1
Applicant_3685,37,Female,Divorced,0,Unemployed,0,5000.0,60000.0,633,300000,Home,36,7.78,0,1
Applicant_3686,60,Male,Married,1,Salaried,10,61000.0,732000.0,693,250000,Home,240,9.43,2,0
Applicant_3687,48,Male,Divorced,3,Salaried,28,132100.0,1585200.0,580,150000,Vehicle,240,17.42,4,0
Applicant_3688,32,Male,Married,0,Salaried,9,41800.0,501600.0,627,500000,Home,24,12.36,1,0
Applicant_3689,47,Male,Single,3,Salaried,26,81300.0,975600.0,726,150000,Education,36,12.43,0,0
Applicant_3690,62,Male,Divorced,2,Salaried,37,138700.0,1664400.0,855,250000,Home,120,12.54,0,0
Applicant_3691,50,Male,Married,1,Self-Employed,28,81800.0,981600.0,445,500000,Business,120,7.78,1,0
Applicant_3692,61,Male,Married,0,Self-Employed,32,104900.0,1258800.0,847,150000,Business,48,17.66,1,0
Applicant_3693,54,Male,Married,0,Freelancer,27,94500.0,1134000.0,624,250000,Business,24,7.47,1,0
Applicant_3694,57,Female,Married,1,Salaried,30,107300.0,1287600.0,746,300000,Personal,24,14.55,2,0
Applicant_3695,26,Female,Single,0,Salaried,2,46900.0,562800.0,766,50000,Personal,24,7.16,4,0
Applicant_3696,27,Male,Married,0,Unemployed,0,19100.0,229200.0,806,100000,Personal,24,11.6,1,1
Applicant_3697,52,Female,Single,0,Salaried,25,76600.0,919200.0,577,400000,Personal,48,16.85,2,0
Applicant_3698,52,Female,Single,2,Unemployed,0,5000.0,60000.0,627,750000,Home,180,15.34,0,1
Applicant_3699,45,Female,Married,0,Freelancer,17,67000.0,804000.0,644,1000000,Personal,36,10.35,1,0
Applicant_3700,53,Female,Married,2,Unemployed,0,5000.0,60000.0,614,200000,Home,240,12.84,0,1
Applicant_3701,27,Male,Single,0,Salaried,8,77200.0,926400.0,781,250000,Vehicle,12,8.4,2,0
Applicant_3702,32,Female,Married,2,Salaried,4,52600.0,631200.0,642,200000,Personal,120,17.5,4,0
Applicant_3703,36,Male,Married,0,Self-Employed,5,47300.0,567600.0,488,150000,Personal,240,14.65,4,1
Applicant_3704,36,Male,Married,2,Self-Employed,1,12500.0,150000.0,586,1000000,Personal,60,10.8,1,1
Applicant_3705,63,Female,Married,1,Salaried,39,98700.0,1184400.0,492,100000,Business,60,10.16,0,0
Applicant_3706,56,Male,Divorced,2,Freelancer,21,61000.0,732000.0,627,150000,Personal,24,9.24,0,0
Applicant_3707,33,Male,Single,0,Salaried,15,82100.0,985200.0,717,100000,Personal,240,15.54,0,0
Applicant_3708,27,Female,Married,1,Self-Employed,7,17900.0,214800.0,584,500000,Education,24,11.5,0,1
Applicant_3709,56,Female,Single,0,Freelancer,30,96800.0,1161600.0,609,50000,Home,12,10.3,0,0
Applicant_3710,29,Female,Married,1,Salaried,0,34600.0,415200.0,622,250000,Home,60,16.91,0,0
Applicant_3711,52,Female,Married,0,Salaried,33,102600.0,1231200.0,664,50000,Home,24,8.23,0,0
Applicant_3712,31,Male,Married,1,Salaried,10,63800.0,765600.0,701,250000,Vehicle,120,9.53,0,0
Applicant_3713,28,Male,Single,0,Salaried,7,58000.0,696000.0,730,150000,Business,120,10.46,2,0
Applicant_3714,53,Female,Single,0,Salaried,27,83300.0,999600.0,875,750000,Home,180,9.49,2,0
Applicant_3715,43,Male,Married,2,Salaried,17,83400.0,1000800.0,662,50000,Home,240,13.23,4,0
Applicant_3716,45,Female,Married,4,Salaried,3,11200.0,134400.0,723,1000000,Personal,240,13.41,1,1
Applicant_3717,28,Male,Married,1,Freelancer,1,20200.0,242400.0,491,50000,Personal,48,7.13,1,0
Applicant_3718,42,Male,Single,2,Unemployed,0,7300.0,87600.0,612,500000,Business,60,8.16,0,1
Applicant_3719,24,Male,Married,1,Salaried,4,42800.0,513600.0,622,150000,Personal,240,8.78,0,0
Applicant_3720,60,Female,Single,1,Salaried,22,56600.0,679200.0,548,400000,Vehicle,48,7.31,2,0
Applicant_3721,23,Male,Single,0,Salaried,4,59400.0,712800.0,596,1000000,Home,12,7.93,0,1
Applicant_3722,49,Male,Married,0,Self-Employed,28,72300.0,867600.0,639,250000,Education,12,9.26,3,0
Applicant_3723,61,Male,Married,3,Self-Employed,26,86000.0,1032000.0,599,100000,Vehicle,180,10.47,2,0
Applicant_3724,49,Male,Single,1,Unemployed,0,7300.0,87600.0,900,400000,Home,60,15.6,2,1
Applicant_3725,54,Male,Single,2,Salaried,15,70300.0,843600.0,701,400000,Education,120,9.01,2,0
Applicant_3726,54,Male,Married,1,Freelancer,26,94500.0,1134000.0,850,150000,Education,36,14.21,2,0
Applicant_3727,48,Male,Single,1,Self-Employed,8,50200.0,602400.0,799,300000,Personal,60,7.17,1,0
Applicant_3728,33,Male,Married,1,Unemployed,0,11400.0,136800.0,586,250000,Education,48,14.07,2,1
Applicant_3729,35,Male,Married,2,Self-Employed,4,42200.0,506400.0,653,50000,Vehicle,36,15.64,1,0
Applicant_3730,43,Female,Single,0,Salaried,7,63200.0,758400.0,606,50000,Vehicle,180,13.46,0,0
Applicant_3731,64,Female,Single,1,Self-Employed,17,89900.0,1078800.0,633,100000,Business,48,8.82,0,0
Applicant_3732,46,Male,Married,1,Freelancer,2,31100.0,373200.0,552,400000,Education,48,10.3,1,1
Applicant_3733,24,Male,Married,4,Salaried,5,61700.0,740400.0,605,150000,Vehicle,48,15.76,0,0
Applicant_3734,46,Male,Married,1,Salaried,10,81800.0,981600.0,685,750000,Business,24,11.47,4,0
Applicant_3735,60,Female,Married,2,Salaried,22,104400.0,1252800.0,683,150000,Education,36,9.44,0,0
Applicant_3736,29,Male,Married,0,Salaried,9,52200.0,626400.0,675,1000000,Home,24,17.23,0,0
Applicant_3737,25,Male,Divorced,0,Salaried,7,69500.0,834000.0,644,200000,Personal,24,13.83,1,0
Applicant_3738,52,Female,Married,3,Unemployed,0,8700.0,104400.0,736,500000,Business,48,15.77,3,1
Applicant_3739,40,Male,Single,2,Self-Employed,18,87800.0,1053600.0,624,200000,Home,12,6.78,1,0
Applicant_3740,31,Female,Married,1,Self-Employed,6,55500.0,666000.0,789,400000,Personal,120,10.4,0,0
Applicant_3741,35,Male,Married,1,Self-Employed,9,57100.0,685200.0,465,250000,Vehicle,60,11.78,1,0
Applicant_3742,52,Female,Married,0,Freelancer,14,59500.0,714000.0,715,300000,Education,12,13.26,2,0
Applicant_3743,48,Male,Married,2,Unemployed,0,8800.0,105600.0,698,500000,Education,48,8.68,3,1
Applicant_3744,42,Female,Married,0,Self-Employed,5,49400.0,592800.0,582,200000,Vehicle,60,12.23,3,0
Applicant_3745,61,Female,Married,2,Self-Employed,19,70600.0,847200.0,614,300000,Home,120,14.38,2,0
Applicant_3746,37,Male,Single,1,Salaried,5,46200.0,554400.0,696,1000000,Vehicle,60,10.48,0,1
Applicant_3747,46,Male,Single,0,Salaried,15,96400.0,1156800.0,741,100000,Business,120,14.45,0,0
Applicant_3748,64,Male,Married,3,Salaried,8,63200.0,758400.0,475,750000,Education,48,10.98,5,1
Applicant_3749,27,Female,Single,4,Salaried,2,35400.0,424800.0,712,750000,Home,24,11.9,0,1
Applicant_3750,62,Female,Single,0,Self-Employed,4,38800.0,465600.0,604,1000000,Home,60,8.04,0,1
Applicant_3751,46,Male,Married,3,Self-Employed,15,80800.0,969600.0,762,1000000,Education,120,13.99,2,0
Applicant_3752,45,Female,Married,2,Salaried,6,41000.0,492000.0,466,300000,Business,60,9.08,2,1
Applicant_3753,30,Male,Divorced,2,Unemployed,0,5000.0,60000.0,894,300000,Personal,60,16.03,1,1
Applicant_3754,39,Male,Single,4,Salaried,18,54900.0,658800.0,561,1000000,Business,240,12.86,0,1
Applicant_3755,31,Female,Single,1,Self-Employed,4,17100.0,205200.0,792,400000,Personal,60,12.94,0,1
Applicant_3756,33,Female,Single,2,Self-Employed,3,21500.0,258000.0,643,200000,Personal,36,16.99,2,1
Applicant_3757,28,Male,Married,3,Self-Employed,10,37300.0,447600.0,568,400000,Vehicle,24,8.43,0,1
Applicant_3758,60,Female,Single,1,Salaried,26,112800.0,1353600.0,676,1000000,Business,36,12.6,1,0
Applicant_3759,24,Other,Married,1,Freelancer,4,32300.0,387600.0,752,50000,Vehicle,36,10.9,2,0
Applicant_3760,51,Female,Single,1,Salaried,6,46600.0,559200.0,494,400000,Home,120,17.61,4,1
Applicant_3761,48,Female,Married,2,Self-Employed,27,67300.0,807600.0,720,50000,Business,48,15.62,4,0
Applicant_3762,31,Female,Married,2,Salaried,1,39900.0,478800.0,648,500000,Personal,24,15.21,3,1
Applicant_3763,63,Male,Single,1,Self-Employed,2,12900.0,154800.0,707,1000000,Vehicle,240,8.85,1,1
Applicant_3764,21,Female,Married,1,Salaried,0,34500.0,414000.0,651,300000,Personal,12,9.23,4,1
Applicant_3765,58,Male,Married,0,Freelancer,12,80000.0,960000.0,592,50000,Education,180,6.84,2,0
Applicant_3766,44,Female,Married,0,Salaried,15,80000.0,960000.0,538,50000,Education,24,13.84,4,1
Applicant_3767,51,Male,Married,1,Freelancer,11,43900.0,526800.0,717,200000,Home,12,10.76,0,0
Applicant_3768,61,Female,Married,1,Freelancer,38,111500.0,1338000.0,716,400000,Home,120,10.09,0,0
Applicant_3769,46,Male,Married,2,Salaried,26,84200.0,1010400.0,716,250000,Personal,120,13.83,1,0
Applicant_3770,25,Male,Married,1,Salaried,5,38000.0,456000.0,692,250000,Vehicle,60,16.03,3,0
Applicant_3771,40,Male,Married,4,Self-Employed,12,84600.0,1015200.0,744,500000,Home,120,8.03,1,0
Applicant_3772,61,Other,Single,0,Salaried,32,86900.0,1042800.0,790,100000,Education,12,17.06,4,0
Applicant_3773,31,Other,Married,4,Salaried,4,42700.0,512400.0,462,200000,Vehicle,180,6.89,0,0
Applicant_3774,53,Male,Married,0,Salaried,16,76600.0,919200.0,415,200000,Education,12,7.59,0,0
Applicant_3775,58,Other,Divorced,2,Self-Employed,36,93000.0,1116000.0,821,500000,Vehicle,120,16.14,3,0
Applicant_3776,47,Female,Divorced,1,Salaried,16,81800.0,981600.0,515,300000,Education,180,12.17,2,0
Applicant_3777,54,Female,Married,1,Salaried,14,63400.0,760800.0,541,1000000,Personal,180,17.3,1,1
Applicant_3778,35,Male,Married,0,Self-Employed,0,45000.0,540000.0,621,750000,Home,12,11.81,3,1
Applicant_3779,52,Female,Married,0,Salaried,3,54800.0,657600.0,484,1000000,Vehicle,240,17.15,3,1
Applicant_3780,41,Female,Married,2,Salaried,2,40400.0,484800.0,611,750000,Vehicle,60,9.26,1,1
Applicant_3781,25,Female,Married,1,Unemployed,0,30700.0,368400.0,555,200000,Business,240,13.59,3,1
Applicant_3782,26,Female,Single,4,Self-Employed,7,39000.0,468000.0,626,1000000,Home,60,17.94,1,1
Applicant_3783,58,Female,Single,1,Salaried,40,140200.0,1682400.0,677,400000,Vehicle,36,10.82,2,0
Applicant_3784,42,Female,Married,4,Salaried,11,79600.0,955200.0,615,150000,Vehicle,12,6.52,0,0
Applicant_3785,38,Male,Married,0,Self-Employed,4,69600.0,835200.0,610,300000,Personal,240,7.24,0,0
Applicant_3786,34,Male,Single,0,Salaried,8,58600.0,703200.0,675,50000,Personal,24,16.38,1,0
Applicant_3787,30,Male,Single,1,Unemployed,0,5000.0,60000.0,754,250000,Vehicle,48,12.16,1,1
Applicant_3788,33,Male,Married,3,Self-Employed,0,66200.0,794400.0,810,300000,Personal,36,12.67,0,0
Applicant_3789,51,Female,Married,1,Unemployed,0,5000.0,60000.0,628,250000,Home,12,15.69,1,1
Applicant_3790,50,Female,Married,0,Freelancer,29,70800.0,849600.0,832,400000,Vehicle,36,15.83,1,0
Applicant_3791,23,Female,Married,0,Self-Employed,5,42200.0,506400.0,737,200000,Personal,120,11.99,0,0
Applicant_3792,50,Male,Married,1,Self-Employed,19,58300.0,699600.0,526,250000,Vehicle,120,16.37,0,0
Applicant_3793,26,Male,Single,2,Freelancer,8,48900.0,586800.0,523,200000,Personal,120,11.89,0,0
Applicant_3794,49,Male,Married,1,Self-Employed,13,51900.0,622800.0,592,750000,Home,12,14.26,0,1
Applicant_3795,28,Male,Married,2,Salaried,2,39700.0,476400.0,794,100000,Personal,240,6.88,1,0
Applicant_3796,64,Male,Married,2,Self-Employed,26,101500.0,1218000.0,599,50000,Business,12,8.09,0,0
Applicant_3797,63,Female,Married,3,Salaried,10,69400.0,832800.0,460,200000,Home,36,16.29,4,1
Applicant_3798,64,Male,Single,1,Self-Employed,16,67200.0,806400.0,627,300000,Personal,12,10.1,0,0
Applicant_3799,53,Female,Married,1,Self-Employed,30,97600.0,1171200.0,451,1000000,Home,180,10.35,0,0
Applicant_3800,37,Male,Single,4,Unemployed,0,5200.0,62400.0,544,500000,Personal,12,14.12,1,1
Applicant_3801,31,Female,Married,1,Self-Employed,1,30500.0,366000.0,591,200000,Vehicle,48,13.31,0,0
Applicant_3802,33,Female,Married,1,Freelancer,2,29000.0,348000.0,664,50000,Personal,24,7.45,0,0
Applicant_3803,31,Other,Married,3,Salaried,1,49400.0,592800.0,752,750000,Personal,60,15.31,3,1
Applicant_3804,51,Female,Married,0,Salaried,28,94100.0,1129200.0,719,150000,Education,48,13.6,2,0
Applicant_3805,48,Female,Single,1,Unemployed,0,11300.0,135600.0,532,300000,Personal,60,16.34,0,1
Applicant_3806,64,Female,Married,0,Freelancer,14,40400.0,484800.0,612,1000000,Personal,60,12.66,1,1
Applicant_3807,26,Female,Married,0,Self-Employed,6,37900.0,454800.0,657,500000,Business,24,11.26,0,0
Applicant_3808,61,Male,Single,0,Salaried,36,101000.0,1212000.0,623,250000,Vehicle,180,10.77,1,0
Applicant_3809,36,Male,Married,0,Self-Employed,4,34500.0,414000.0,623,400000,Personal,48,6.55,1,0
Applicant_3810,24,Male,Divorced,1,Freelancer,6,56300.0,675600.0,477,1000000,Vehicle,12,6.96,3,1
Applicant_3811,55,Female,Single,3,Salaried,21,92900.0,1114800.0,534,750000,Business,24,8.01,2,1
Applicant_3812,46,Male,Married,2,Self-Employed,11,40800.0,489600.0,609,50000,Home,12,17.19,4,0
Applicant_3813,32,Female,Married,2,Salaried,7,60600.0,727200.0,340,500000,Personal,12,16.63,0,1
Applicant_3814,31,Other,Married,1,Salaried,8,50100.0,601200.0,714,100000,Vehicle,120,12.22,1,0
Applicant_3815,57,Male,Married,3,Freelancer,17,48800.0,585600.0,512,50000,Vehicle,12,8.57,0,0
Applicant_3816,45,Male,Single,3,Salaried,27,71700.0,860400.0,718,200000,Education,12,8.18,3,0
Applicant_3817,38,Other,Single,3,Salaried,17,88600.0,1063200.0,709,300000,Business,240,9.45,1,0
Applicant_3818,39,Male,Married,3,Freelancer,16,36500.0,438000.0,595,500000,Personal,240,16.95,0,0
Applicant_3819,43,Female,Married,0,Self-Employed,22,78200.0,938400.0,750,50000,Home,48,12.5,1,0
Applicant_3820,58,Male,Divorced,2,Salaried,10,45800.0,549600.0,724,50000,Vehicle,60,15.75,0,0
Applicant_3821,38,Female,Single,2,Unemployed,0,16600.0,199200.0,619,1000000,Vehicle,60,12.33,3,1
Applicant_3822,46,Male,Married,1,Salaried,14,63000.0,756000.0,607,100000,Personal,48,13.51,0,0
Applicant_3823,26,Female,Single,1,Unemployed,0,5000.0,60000.0,759,750000,Home,60,13.52,2,1
Applicant_3824,24,Female,Single,0,Self-Employed,5,43500.0,522000.0,673,200000,Business,120,6.86,3,0
Applicant_3825,64,Male,Married,0,Salaried,30,104500.0,1254000.0,754,400000,Personal,24,11.62,2,0
Applicant_3826,49,Male,Married,3,Salaried,24,88200.0,1058400.0,411,150000,Home,12,16.44,4,0
Applicant_3827,54,Male,Single,2,Salaried,5,49400.0,592800.0,659,50000,Home,12,12.12,0,0
Applicant_3828,37,Other,Single,0,Salaried,11,54200.0,650400.0,492,50000,Home,180,11.51,1,0
Applicant_3829,63,Female,Married,0,Self-Employed,22,55400.0,664800.0,647,750000,Personal,120,12.56,1,1
Applicant_3830,63,Male,Divorced,2,Salaried,38,99200.0,1190400.0,721,200000,Education,12,10.88,0,0
Applicant_3831,36,Male,Married,1,Salaried,7,64800.0,777600.0,823,150000,Home,36,12.43,3,0
Applicant_3832,22,Male,Single,1,Freelancer,3,26400.0,316800.0,556,250000,Vehicle,24,8.06,2,1
Applicant_3833,54,Female,Married,0,Salaried,34,98000.0,1176000.0,597,50000,Vehicle,36,17.63,1,0
Applicant_3834,28,Female,Married,0,Self-Employed,2,17900.0,214800.0,640,150000,Home,48,6.89,1,0
Applicant_3835,33,Male,Married,1,Salaried,9,32200.0,386400.0,552,200000,Home,36,12.06,4,1
Applicant_3836,62,Female,Single,2,Self-Employed,27,78500.0,942000.0,747,300000,Personal,240,8.91,0,0
Applicant_3837,28,Female,Married,0,Self-Employed,2,52300.0,627600.0,642,750000,Home,60,7.17,1,1
Applicant_3838,50,Other,Married,1,Freelancer,17,50600.0,607200.0,662,150000,Home,60,13.99,5,1
Applicant_3839,52,Female,Single,2,Salaried,30,106000.0,1272000.0,712,200000,Education,24,17.83,0,0
Applicant_3840,56,Female,Divorced,2,Salaried,36,103000.0,1236000.0,642,250000,Vehicle,36,15.12,3,0
Applicant_3841,50,Female,Married,0,Salaried,20,89600.0,1075200.0,568,500000,Vehicle,36,9.42,2,0
Applicant_3842,21,Male,Divorced,2,Salaried,2,38700.0,464400.0,643,750000,Business,12,12.17,4,1
Applicant_3843,63,Female,Single,4,Salaried,4,29500.0,354000.0,564,150000,Personal,24,7.07,0,0
Applicant_3844,59,Male,Single,3,Self-Employed,16,63000.0,756000.0,660,150000,Business,12,12.61,5,0
Applicant_3845,37,Male,Single,2,Self-Employed,18,98500.0,1182000.0,749,400000,Personal,24,7.64,0,0
Applicant_3846,40,Male,Divorced,2,Freelancer,3,57800.0,693600.0,532,750000,Personal,180,15.64,1,1
Applicant_3847,44,Female,Single,0,Salaried,21,89300.0,1071600.0,496,50000,Personal,240,7.15,0,0
Applicant_3848,42,Male,Married,2,Self-Employed,23,78900.0,946800.0,654,50000,Business,24,6.61,0,0
Applicant_3849,49,Male,Married,2,Unemployed,0,9600.0,115200.0,573,100000,Home,36,16.41,5,1
Applicant_3850,42,Male,Married,1,Self-Employed,6,51800.0,621600.0,653,300000,Home,120,17.34,2,0
Applicant_3851,64,Male,Single,1,Self-Employed,37,108400.0,1300800.0,682,150000,Vehicle,240,7.5,1,0
Applicant_3852,29,Male,Married,2,Unemployed,0,11600.0,139200.0,435,500000,Education,240,9.71,0,1
Applicant_3853,57,Female,Married,4,Unemployed,0,8100.0,97200.0,718,250000,Education,12,15.03,1,1
Applicant_3854,30,Female,Single,0,Salaried,5,45300.0,543600.0,533,150000,Personal,240,12.71,1,0
Applicant_3855,56,Male,Married,0,Self-Employed,18,53100.0,637200.0,647,500000,Education,48,17.42,0,0
Applicant_3856,57,Female,Married,2,Self-Employed,29,86100.0,1033200.0,584,500000,Home,12,10.98,2,0
Applicant_3857,48,Female,Married,0,Self-Employed,25,97000.0,1164000.0,594,100000,Home,48,6.54,3,0
Applicant_3858,48,Male,Married,2,Unemployed,0,5000.0,60000.0,819,250000,Personal,60,6.73,1,1
Applicant_3859,62,Female,Single,0,Salaried,10,64500.0,774000.0,681,150000,Home,24,13.0,1,0
Applicant_3860,63,Other,Married,1,Freelancer,38,96800.0,1161600.0,740,400000,Personal,180,15.15,2,0
Applicant_3861,41,Male,Married,2,Self-Employed,2,23100.0,277200.0,665,100000,Home,12,15.59,0,0
Applicant_3862,44,Male,Single,0,Salaried,19,74400.0,892800.0,712,750000,Home,24,16.98,3,0
Applicant_3863,62,Female,Married,0,Freelancer,21,51700.0,620400.0,691,100000,Vehicle,240,9.13,3,0
Applicant_3864,60,Female,Single,1,Salaried,16,55700.0,668400.0,675,100000,Business,120,14.99,1,0
Applicant_3865,22,Male,Married,1,Salaried,2,62100.0,745200.0,760,300000,Personal,12,16.01,0,0
Applicant_3866,28,Female,Married,2,Unemployed,0,5000.0,60000.0,665,150000,Home,60,16.12,1,1
Applicant_3867,47,Male,Married,1,Salaried,14,56900.0,682800.0,878,150000,Home,12,11.23,0,0
Applicant_3868,42,Female,Single,1,Self-Employed,6,71300.0,855600.0,746,1000000,Business,60,13.7,3,1
Applicant_3869,57,Male,Divorced,1,Freelancer,26,89200.0,1070400.0,536,100000,Home,24,12.84,1,0
Applicant_3870,47,Male,Single,0,Unemployed,0,5000.0,60000.0,632,250000,Business,180,13.37,1,1
Applicant_3871,49,Female,Married,2,Freelancer,16,63400.0,760800.0,689,250000,Personal,36,9.74,4,0
Applicant_3872,23,Male,Married,0,Self-Employed,2,35500.0,426000.0,654,400000,Business,120,14.36,1,1
Applicant_3873,64,Male,Married,3,Self-Employed,28,80600.0,967200.0,718,500000,Personal,180,14.67,3,0
Applicant_3874,33,Female,Single,1,Salaried,11,69100.0,829200.0,729,500000,Personal,48,8.75,2,0
Applicant_3875,30,Female,Married,1,Self-Employed,12,54100.0,649200.0,514,150000,Education,24,11.6,1,0
Applicant_3876,56,Male,Married,2,Unemployed,0,6100.0,73200.0,778,300000,Personal,120,11.35,0,1
Applicant_3877,29,Female,Married,3,Self-Employed,11,72300.0,867600.0,600,250000,Business,120,15.11,3,0
Applicant_3878,47,Male,Married,4,Salaried,12,77700.0,932400.0,590,200000,Home,36,14.16,3,0
Applicant_3879,54,Male,Married,1,Salaried,10,51700.0,620400.0,590,1000000,Education,24,11.98,0,1
Applicant_3880,21,Male,Married,0,Unemployed,0,12300.0,147600.0,730,300000,Education,24,14.0,0,1
Applicant_3881,52,Male,Married,3,Freelancer,30,68100.0,817200.0,623,200000,Personal,12,9.52,3,0
Applicant_3882,45,Female,Single,0,Self-Employed,10,61800.0,741600.0,583,500000,Home,60,9.17,5,1
Applicant_3883,49,Male,Divorced,3,Self-Employed,24,85200.0,1022400.0,607,750000,Vehicle,180,9.26,3,0
Applicant_3884,27,Female,Single,2,Salaried,9,63700.0,764400.0,470,50000,Personal,60,6.84,2,0
Applicant_3885,23,Male,Married,3,Freelancer,0,20500.0,246000.0,565,50000,Vehicle,240,14.45,4,1
Applicant_3886,40,Other,Married,3,Self-Employed,10,86300.0,1035600.0,526,200000,Business,12,17.84,0,0
Applicant_3887,40,Female,Married,0,Self-Employed,3,27500.0,330000.0,623,300000,Home,12,10.05,0,0
Applicant_3888,50,Female,Single,2,Salaried,1,56600.0,679200.0,716,500000,Home,24,17.19,1,0
Applicant_3889,55,Male,Married,0,Salaried,22,68500.0,822000.0,705,50000,Vehicle,240,13.48,5,0
Applicant_3890,55,Male,Single,0,Salaried,35,117600.0,1411200.0,775,150000,Personal,240,9.09,4,0
Applicant_3891,59,Male,Married,1,Unemployed,0,13600.0,163200.0,753,200000,Home,60,6.64,0,1
Applicant_3892,47,Female,Single,0,Unemployed,0,5800.0,69600.0,597,1000000,Vehicle,180,14.82,1,1
Applicant_3893,46,Male,Married,2,Freelancer,13,43600.0,523200.0,651,100000,Personal,24,14.51,0,0
Applicant_3894,34,Female,Single,4,Unemployed,0,7100.0,85200.0,646,750000,Education,180,9.14,3,1
Applicant_3895,37,Female,Single,2,Self-Employed,4,47000.0,564000.0,434,150000,Personal,180,10.33,1,1
Applicant_3896,38,Male,Single,0,Salaried,16,98800.0,1185600.0,528,200000,Business,36,16.83,4,0
Applicant_3897,49,Female,Married,3,Freelancer,26,63900.0,766800.0,633,200000,Home,240,8.31,0,0
Applicant_3898,40,Female,Married,3,Salaried,11,53700.0,644400.0,632,50000,Education,36,16.11,2,0
Applicant_3899,47,Female,Divorced,2,Salaried,25,94300.0,1131600.0,701,250000,Education,180,8.45,1,0
Applicant_3900,38,Male,Single,2,Salaried,5,46200.0,554400.0,696,250000,Business,240,12.04,0,0
Applicant_3901,24,Male,Married,3,Salaried,3,44500.0,534000.0,472,100000,Business,12,12.24,1,0
Applicant_3902,21,Male,Married,0,Self-Employed,2,55100.0,661200.0,701,50000,Personal,240,11.93,1,0
Applicant_3903,21,Female,Married,4,Salaried,2,5000.0,60000.0,667,250000,Personal,240,9.81,1,1
Applicant_3904,46,Female,Married,4,Salaried,18,67000.0,804000.0,712,250000,Education,60,9.41,2,0
Applicant_3905,40,Male,Single,3,Self-Employed,9,26900.0,322800.0,756,400000,Personal,36,14.93,2,1
Applicant_3906,43,Female,Married,0,Freelancer,1,9100.0,109200.0,635,1000000,Vehicle,180,9.67,0,1
Applicant_3907,30,Male,Married,3,Self-Employed,12,95100.0,1141200.0,774,1000000,Personal,60,13.51,2,0
Applicant_3908,31,Female,Single,1,Salaried,11,71000.0,852000.0,561,100000,Vehicle,180,16.24,2,0
Applicant_3909,61,Other,Married,2,Salaried,11,76300.0,915600.0,555,500000,Business,60,16.13,0,0
Applicant_3910,61,Female,Married,3,Freelancer,31,85800.0,1029600.0,692,250000,Home,48,8.42,2,0
Applicant_3911,25,Female,Single,0,Self-Employed,1,48400.0,580800.0,613,250000,Business,36,14.03,3,1
Applicant_3912,21,Male,Married,1,Salaried,2,17500.0,210000.0,676,750000,Home,36,13.43,3,1
Applicant_3913,37,Male,Married,3,Unemployed,0,20600.0,247200.0,849,100000,Personal,24,9.74,0,0
Applicant_3914,42,Female,Married,3,Salaried,0,27700.0,332400.0,689,1000000,Personal,180,11.0,2,1
Applicant_3915,54,Male,Married,3,Salaried,17,66000.0,792000.0,671,100000,Vehicle,24,9.78,3,0
Applicant_3916,61,Male,Married,0,Self-Employed,34,110600.0,1327200.0,563,250000,Home,180,12.68,1,0
Applicant_3917,49,Female,Married,2,Salaried,19,82700.0,992400.0,480,50000,Vehicle,120,15.74,1,0
Applicant_3918,24,Male,Married,0,Unemployed,0,6300.0,75600.0,642,250000,Vehicle,60,16.59,0,1
Applicant_3919,25,Female,Single,2,Salaried,6,31600.0,379200.0,756,250000,Home,180,14.81,1,0
Applicant_3920,31,Female,Married,0,Salaried,4,49500.0,594000.0,617,500000,Vehicle,12,12.06,1,1
Applicant_3921,41,Female,Married,2,Salaried,19,92400.0,1108800.0,690,300000,Education,24,17.52,0,0
Applicant_3922,55,Female,Married,1,Self-Employed,18,63000.0,756000.0,792,300000,Home,24,12.98,1,0
Applicant_3923,32,Female,Divorced,4,Salaried,0,59700.0,716400.0,790,250000,Vehicle,120,12.0,1,0
Applicant_3924,46,Female,Married,2,Salaried,6,38900.0,466800.0,692,250000,Education,120,16.35,0,0
Applicant_3925,39,Female,Single,2,Salaried,21,82100.0,985200.0,667,500000,Personal,240,8.62,1,0
Applicant_3926,27,Male,Single,1,Self-Employed,1,60000.0,720000.0,498,50000,Personal,60,8.32,3,1
Applicant_3927,27,Female,Single,2,Freelancer,1,16800.0,201600.0,586,750000,Home,120,15.5,0,1
Applicant_3928,46,Female,Married,1,Self-Employed,18,86800.0,1041600.0,621,300000,Personal,36,16.51,2,0
Applicant_3929,60,Male,Married,0,Self-Employed,9,82600.0,991200.0,564,750000,Home,24,7.34,0,0
Applicant_3930,25,Male,Divorced,2,Salaried,6,54600.0,655200.0,674,100000,Home,12,15.29,0,0
Applicant_3931,41,Female,Married,3,Freelancer,9,35100.0,421200.0,841,150000,Vehicle,240,11.38,4,0
Applicant_3932,34,Male,Married,0,Self-Employed,9,41400.0,496800.0,801,50000,Vehicle,60,14.59,2,0
Applicant_3933,24,Female,Married,0,Salaried,2,63600.0,763200.0,674,250000,Personal,36,8.05,0,0
Applicant_3934,43,Other,Married,2,Self-Employed,11,76200.0,914400.0,727,100000,Home,48,17.69,2,0
Applicant_3935,62,Male,Married,3,Self-Employed,39,134700.0,1616400.0,577,50000,Personal,12,16.63,0,0
Applicant_3936,40,Female,Married,0,Salaried,22,83500.0,1002000.0,796,750000,Vehicle,120,11.17,4,0
Applicant_3937,35,Male,Married,4,Salaried,13,81600.0,979200.0,493,750000,Home,180,16.77,0,0
Applicant_3938,49,Female,Married,4,Salaried,1,41300.0,495600.0,741,300000,Home,36,16.79,3,0
Applicant_3939,28,Male,Married,0,Freelancer,0,11800.0,141600.0,699,500000,Vehicle,240,11.8,0,1
Applicant_3940,61,Female,Single,0,Salaried,5,66900.0,802800.0,574,750000,Personal,60,17.39,2,1
Applicant_3941,39,Male,Single,2,Self-Employed,7,73500.0,882000.0,629,250000,Home,180,17.73,4,0
Applicant_3942,59,Male,Married,4,Salaried,32,88700.0,1064400.0,536,100000,Home,48,9.0,0,0
Applicant_3943,48,Male,Married,2,Salaried,2,28400.0,340800.0,540,200000,Vehicle,120,7.27,0,0
Applicant_3944,47,Male,Single,1,Salaried,14,68600.0,823200.0,490,150000,Personal,120,10.31,2,0
Applicant_3945,24,Female,Single,0,Salaried,0,54300.0,651600.0,726,1000000,Home,240,12.12,0,1
Applicant_3946,35,Male,Single,1,Salaried,6,35000.0,420000.0,770,400000,Vehicle,12,7.57,2,0
Applicant_3947,55,Male,Married,2,Self-Employed,23,84400.0,1012800.0,433,1000000,Business,24,8.12,2,1
Applicant_3948,57,Female,Single,1,Self-Employed,24,74100.0,889200.0,833,1000000,Home,24,17.67,1,0
Applicant_3949,21,Female,Single,1,Freelancer,2,39500.0,474000.0,648,1000000,Personal,240,14.98,2,1
Applicant_3950,23,Female,Single,0,Salaried,1,30000.0,360000.0,678,500000,Home,12,16.56,0,1
Applicant_3951,44,Female,Single,1,Freelancer,26,88600.0,1063200.0,502,250000,Personal,24,17.67,4,0
Applicant_3952,47,Male,Married,0,Unemployed,0,5000.0,60000.0,782,100000,Education,60,10.85,1,1
Applicant_3953,60,Male,Single,0,Salaried,4,33900.0,406800.0,670,750000,Education,240,14.41,3,1
Applicant_3954,56,Female,Married,3,Unemployed,0,6000.0,72000.0,763,50000,Personal,12,8.62,0,1
Applicant_3955,54,Female,Married,0,Salaried,34,78900.0,946800.0,772,250000,Personal,12,12.84,2,0
Applicant_3956,49,Other,Divorced,2,Self-Employed,29,84600.0,1015200.0,783,150000,Education,180,8.91,0,0
Applicant_3957,44,Male,Single,0,Salaried,17,79100.0,949200.0,585,500000,Home,120,8.34,0,0
Applicant_3958,44,Male,Single,0,Self-Employed,24,56400.0,676800.0,629,500000,Vehicle,24,7.63,0,0
Applicant_3959,62,Male,Single,1,Self-Employed,23,42400.0,508800.0,588,50000,Home,120,13.17,1,0
Applicant_3960,24,Female,Single,0,Salaried,5,14900.0,178800.0,739,200000,Personal,12,17.42,1,0
Applicant_3961,23,Female,Married,0,Self-Employed,3,60900.0,730800.0,683,1000000,Home,48,7.91,1,1
Applicant_3962,54,Male,Single,3,Self-Employed,2,37800.0,453600.0,756,500000,Personal,12,12.28,5,1
Applicant_3963,43,Male,Single,0,Self-Employed,7,41000.0,492000.0,761,750000,Home,24,14.4,0,0
Applicant_3964,43,Female,Married,0,Unemployed,0,19200.0,230400.0,477,750000,Home,24,12.2,3,1
Applicant_3965,25,Female,Married,3,Unemployed,0,5000.0,60000.0,785,100000,Personal,24,16.99,1,1
Applicant_3966,51,Male,Single,0,Unemployed,0,9000.0,108000.0,745,750000,Education,24,8.41,1,1
Applicant_3967,61,Female,Single,2,Freelancer,22,69400.0,832800.0,613,500000,Personal,240,6.78,0,0
Applicant_3968,26,Female,Single,0,Salaried,2,36900.0,442800.0,684,750000,Home,180,10.91,2,1
Applicant_3969,57,Female,Divorced,0,Salaried,24,92400.0,1108800.0,637,750000,Home,60,12.89,1,0
Applicant_3970,30,Female,Married,2,Salaried,2,55600.0,667200.0,711,150000,Business,240,9.43,3,0
Applicant_3971,60,Male,Married,4,Unemployed,0,5000.0,60000.0,612,250000,Home,180,8.44,5,1
Applicant_3972,27,Male,Divorced,0,Salaried,7,47100.0,565200.0,697,150000,Home,24,15.76,0,0
Applicant_3973,59,Female,Married,1,Salaried,33,100900.0,1210800.0,656,300000,Home,240,8.67,0,0
Applicant_3974,58,Male,Single,0,Salaried,24,53500.0,642000.0,606,1000000,Home,240,11.59,1,0
Applicant_3975,41,Female,Married,0,Salaried,16,76200.0,914400.0,669,250000,Home,48,17.48,1,0
Applicant_3976,40,Female,Married,3,Salaried,11,43900.0,526800.0,900,100000,Education,12,13.55,1,0
Applicant_3977,23,Female,Married,0,Self-Employed,2,48400.0,580800.0,581,150000,Home,36,12.22,5,1
Applicant_3978,42,Male,Married,3,Salaried,10,58600.0,703200.0,625,400000,Vehicle,36,10.64,3,1
Applicant_3979,24,Male,Married,0,Self-Employed,5,46600.0,559200.0,583,1000000,Home,60,12.48,5,1
Applicant_3980,48,Female,Divorced,3,Freelancer,17,69500.0,834000.0,593,1000000,Vehicle,36,14.94,1,1
Applicant_3981,32,Male,Single,1,Freelancer,12,35100.0,421200.0,731,250000,Business,24,15.96,1,0
Applicant_3982,58,Female,Married,3,Salaried,11,67500.0,810000.0,721,150000,Home,240,13.97,1,0
Applicant_3983,56,Female,Single,0,Unemployed,0,9000.0,108000.0,649,200000,Home,36,15.59,1,1
Applicant_3984,61,Male,Married,2,Freelancer,14,50200.0,602400.0,752,300000,Home,180,7.52,2,0
Applicant_3985,25,Female,Single,2,Salaried,6,38100.0,457200.0,729,500000,Personal,48,6.67,4,1
Applicant_3986,33,Male,Married,1,Self-Employed,4,51900.0,622800.0,633,400000,Personal,120,14.95,1,0
Applicant_3987,43,Male,Married,3,Self-Employed,7,59600.0,715200.0,496,150000,Personal,24,9.51,0,0
Applicant_3988,50,Other,Married,2,Self-Employed,1,38700.0,464400.0,732,100000,Personal,36,16.59,1,0
Applicant_3989,57,Other,Married,3,Salaried,39,101900.0,1222800.0,666,150000,Home,24,12.66,2,0
Applicant_3990,45,Male,Married,1,Self-Employed,22,71100.0,853200.0,652,250000,Business,60,12.0,2,0
Applicant_3991,47,Female,Married,2,Freelancer,27,78100.0,937200.0,603,400000,Education,240,15.39,1,0
Applicant_3992,34,Male,Single,3,Salaried,4,58300.0,699600.0,724,500000,Vehicle,48,15.02,0,0
Applicant_3993,56,Male,Married,0,Self-Employed,33,77200.0,926400.0,684,300000,Education,12,14.6,4,0
Applicant_3994,59,Male,Single,1,Salaried,9,49500.0,594000.0,626,100000,Education,120,14.43,3,0
Applicant_3995,36,Female,Single,4,Self-Employed,9,47000.0,564000.0,527,100000,Vehicle,24,12.43,0,0
Applicant_3996,42,Male,Single,1,Salaried,3,44800.0,537600.0,756,1000000,Personal,48,17.15,1,1
Applicant_3997,41,Female,Married,0,Salaried,3,26500.0,318000.0,710,250000,Business,60,16.74,1,0
Applicant_3998,41,Female,Married,1,Freelancer,7,35700.0,428400.0,675,250000,Personal,60,10.29,1,0
Applicant_3999,28,Female,Single,3,Freelancer,5,30300.0,363600.0,384,50000,Vehicle,48,15.75,1,0
Applicant_4000,36,Male,Married,4,Salaried,14,52400.0,628800.0,646,50000,Vehicle,36,16.75,2,0
Applicant_4001,51,Male,Married,4,Salaried,19,76200.0,914400.0,625,750000,Personal,48,13.61,0,0
Applicant_4002,62,Male,Married,2,Self-Employed,26,78900.0,946800.0,588,400000,Home,180,12.89,1,0
Applicant_4003,30,Female,Married,1,Freelancer,6,44400.0,532800.0,725,500000,Personal,36,14.23,0,1
Applicant_4004,52,Female,Single,0,Self-Employed,22,65700.0,788400.0,721,250000,Vehicle,36,8.38,0,0
Applicant_4005,54,Female,Married,0,Self-Employed,19,74300.0,891600.0,693,150000,Personal,48,7.5,1,0
Applicant_4006,29,Female,Single,0,Unemployed,0,5000.0,60000.0,753,150000,Vehicle,60,15.93,0,1
Applicant_4007,37,Male,Divorced,0,Freelancer,16,48000.0,576000.0,547,150000,Education,12,13.09,0,0
Applicant_4008,31,Female,Married,3,Salaried,2,48500.0,582000.0,604,50000,Vehicle,12,7.91,1,0
Applicant_4009,52,Female,Married,3,Self-Employed,33,104500.0,1254000.0,657,150000,Home,240,11.29,5,0
Applicant_4010,30,Male,Single,2,Salaried,12,57700.0,692400.0,587,100000,Education,48,9.93,2,0
Applicant_4011,42,Male,Single,4,Freelancer,11,43000.0,516000.0,722,500000,Personal,24,16.57,0,0
Applicant_4012,37,Female,Single,4,Salaried,18,54200.0,650400.0,597,1000000,Personal,48,12.33,1,1
Applicant_4013,24,Female,Married,2,Salaried,4,69000.0,828000.0,779,1000000,Education,12,13.14,1,1
Applicant_4014,45,Male,Single,1,Salaried,26,102300.0,1227600.0,556,300000,Vehicle,120,9.21,0,0
Applicant_4015,41,Female,Married,0,Salaried,11,71800.0,861600.0,863,250000,Vehicle,240,15.69,0,0
Applicant_4016,57,Male,Single,1,Salaried,16,48100.0,577200.0,852,50000,Business,48,17.2,0,0
Applicant_4017,58,Male,Married,0,Self-Employed,36,98100.0,1177200.0,640,100000,Home,240,15.61,1,0
Applicant_4018,21,Female,Single,1,Salaried,1,37000.0,444000.0,764,100000,Home,120,12.17,2,0
Applicant_4019,45,Female,Single,4,Self-Employed,3,12000.0,144000.0,609,400000,Personal,120,16.1,2,1
Applicant_4020,56,Female,Married,1,Self-Employed,5,58300.0,699600.0,751,400000,Business,180,8.66,5,1
Applicant_4021,37,Male,Married,0,Self-Employed,8,72800.0,873600.0,632,300000,Home,120,7.8,0,0
Applicant_4022,61,Male,Married,2,Self-Employed,21,107900.0,1294800.0,521,500000,Personal,60,11.54,5,1
Applicant_4023,44,Male,Single,2,Salaried,9,42300.0,507600.0,300,200000,Personal,12,8.59,1,1
Applicant_4024,22,Male,Married,0,Salaried,4,49800.0,597600.0,623,750000,Business,240,9.48,0,1
Applicant_4025,60,Male,Married,0,Freelancer,10,64800.0,777600.0,677,500000,Personal,12,13.23,4,1
Applicant_4026,35,Male,Single,4,Self-Employed,1,33200.0,398400.0,783,150000,Personal,12,11.14,1,0
Applicant_4027,52,Male,Married,0,Self-Employed,20,66500.0,798000.0,653,150000,Home,60,16.46,1,0
Applicant_4028,59,Male,Married,3,Self-Employed,30,67000.0,804000.0,750,750000,Home,12,9.09,0,0
Applicant_4029,26,Female,Single,1,Salaried,8,73000.0,876000.0,604,750000,Vehicle,24,17.96,0,0
Applicant_4030,21,Male,Divorced,1,Freelancer,3,30700.0,368400.0,616,250000,Education,12,10.63,5,1
Applicant_4031,43,Male,Married,0,Salaried,16,61100.0,733200.0,755,1000000,Vehicle,48,12.43,1,1
Applicant_4032,59,Female,Single,2,Unemployed,0,9300.0,111600.0,403,50000,Home,24,8.02,5,1
Applicant_4033,37,Male,Married,3,Salaried,8,58300.0,699600.0,651,150000,Personal,36,13.16,1,0
Applicant_4034,54,Female,Single,0,Self-Employed,7,51500.0,618000.0,610,250000,Education,12,17.55,0,0
Applicant_4035,61,Male,Married,0,Salaried,36,108700.0,1304400.0,786,200000,Vehicle,180,15.12,0,0
Applicant_4036,49,Male,Married,0,Freelancer,4,57300.0,687600.0,597,200000,Vehicle,36,9.31,1,1
Applicant_4037,29,Male,Single,2,Unemployed,0,5000.0,60000.0,701,50000,Home,240,11.59,0,1
Applicant_4038,33,Male,Single,1,Salaried,9,82300.0,987600.0,742,300000,Education,36,11.39,2,0
Applicant_4039,26,Female,Single,0,Salaried,5,58500.0,702000.0,500,1000000,Business,60,7.63,0,1
Applicant_4040,26,Female,Married,1,Salaried,0,45300.0,543600.0,636,200000,Vehicle,240,16.69,3,0
Applicant_4041,40,Male,Married,1,Freelancer,8,39300.0,471600.0,606,50000,Personal,48,10.89,3,0
Applicant_4042,23,Male,Single,3,Salaried,4,62600.0,751200.0,744,1000000,Vehicle,120,12.18,0,1
Applicant_4043,37,Female,Single,2,Self-Employed,6,48700.0,584400.0,717,300000,Home,48,9.85,3,0
Applicant_4044,32,Male,Single,0,Salaried,10,46000.0,552000.0,626,250000,Personal,36,8.25,3,0
Applicant_4045,21,Female,Single,0,Self-Employed,3,26500.0,318000.0,545,250000,Business,60,16.87,2,1
Applicant_4046,37,Male,Married,1,Self-Employed,14,69300.0,831600.0,753,100000,Home,24,6.93,1,0
Applicant_4047,23,Other,Married,0,Self-Employed,4,29400.0,352800.0,643,50000,Business,180,11.1,1,0
Applicant_4048,46,Male,Married,2,Freelancer,18,60100.0,721200.0,488,400000,Vehicle,240,14.9,3,1
Applicant_4049,35,Male,Divorced,1,Salaried,5,65900.0,790800.0,496,250000,Vehicle,12,10.05,0,0
Applicant_4050,56,Female,Divorced,1,Self-Employed,28,95600.0,1147200.0,693,150000,Home,240,11.63,1,0
Applicant_4051,52,Female,Married,1,Self-Employed,10,44200.0,530400.0,522,300000,Education,120,12.99,0,0
Applicant_4052,52,Male,Married,2,Self-Employed,3,62100.0,745200.0,835,150000,Personal,24,17.94,1,0
Applicant_4053,24,Female,Divorced,2,Salaried,2,52200.0,626400.0,556,300000,Home,12,15.22,0,0
Applicant_4054,38,Female,Single,3,Freelancer,9,58300.0,699600.0,649,300000,Vehicle,36,17.62,1,0
Applicant_4055,39,Male,Single,2,Unemployed,0,5000.0,60000.0,665,750000,Home,60,14.47,1,1
Applicant_4056,63,Female,Single,2,Unemployed,0,10000.0,120000.0,577,500000,Business,180,9.59,0,1
Applicant_4057,55,Male,Married,2,Freelancer,33,103600.0,1243200.0,426,50000,Education,60,9.81,0,0
Applicant_4058,60,Female,Married,0,Salaried,3,71500.0,858000.0,669,400000,Personal,120,15.96,1,0
Applicant_4059,34,Other,Married,0,Salaried,9,36000.0,432000.0,574,750000,Home,120,11.42,3,1
Applicant_4060,53,Male,Married,3,Salaried,32,122100.0,1465200.0,661,100000,Home,48,10.76,1,0
Applicant_4061,34,Male,Married,4,Salaried,13,90700.0,1088400.0,637,750000,Personal,120,17.37,0,0
Applicant_4062,54,Male,Single,2,Salaried,17,43700.0,524400.0,676,300000,Personal,48,6.65,0,0
Applicant_4063,24,Male,Single,2,Salaried,3,53200.0,638400.0,806,150000,Business,24,12.54,3,0
Applicant_4064,44,Female,Single,0,Freelancer,18,70300.0,843600.0,595,500000,Home,120,15.41,1,0
Applicant_4065,49,Male,Single,1,Unemployed,0,5000.0,60000.0,603,400000,Home,48,14.97,0,1
Applicant_4066,39,Male,Married,4,Unemployed,0,5000.0,60000.0,483,500000,Business,12,10.73,2,1
Applicant_4067,26,Female,Married,3,Salaried,6,62000.0,744000.0,630,500000,Business,60,12.66,0,0
Applicant_4068,53,Female,Married,1,Unemployed,0,5000.0,60000.0,690,400000,Home,60,6.56,0,1
Applicant_4069,60,Male,Married,1,Salaried,24,84700.0,1016400.0,601,50000,Home,36,12.65,0,0
Applicant_4070,39,Female,Married,1,Self-Employed,4,55200.0,662400.0,691,1000000,Home,36,13.29,0,0
Applicant_4071,21,Female,Married,1,Self-Employed,3,67300.0,807600.0,632,1000000,Home,120,16.56,2,1
Applicant_4072,25,Other,Married,1,Self-Employed,4,51100.0,613200.0,519,1000000,Home,120,8.92,1,1
Applicant_4073,47,Female,Married,2,Unemployed,0,7000.0,84000.0,681,500000,Personal,24,15.99,2,1
Applicant_4074,36,Female,Married,0,Salaried,17,66300.0,795600.0,629,250000,Vehicle,240,14.76,1,0
Applicant_4075,26,Male,Married,2,Self-Employed,6,31800.0,381600.0,662,100000,Home,180,14.16,1,0
Applicant_4076,60,Male,Married,2,Salaried,37,130600.0,1567200.0,593,100000,Business,36,11.04,1,0
Applicant_4077,33,Female,Single,3,Freelancer,11,44700.0,536400.0,584,100000,Personal,12,10.73,1,0
Applicant_4078,55,Female,Married,3,Salaried,6,69300.0,831600.0,665,750000,Vehicle,180,14.59,0,0
Applicant_4079,39,Female,Married,2,Self-Employed,8,46100.0,553200.0,626,250000,Business,240,17.89,2,0
Applicant_4080,32,Other,Single,2,Self-Employed,9,43300.0,519600.0,822,150000,Vehicle,240,11.16,5,0
Applicant_4081,36,Male,Divorced,1,Self-Employed,4,49300.0,591600.0,729,300000,Personal,48,17.06,1,0
Applicant_4082,63,Female,Single,4,Self-Employed,26,85900.0,1030800.0,704,750000,Business,48,13.25,1,0
Applicant_4083,30,Female,Single,0,Salaried,4,29900.0,358800.0,632,750000,Education,24,16.48,0,1
Applicant_4084,45,Female,Single,3,Self-Employed,3,68300.0,819600.0,447,750000,Home,48,9.0,4,1
Applicant_4085,40,Male,Married,0,Unemployed,0,5000.0,60000.0,569,1000000,Vehicle,60,15.27,4,1
Applicant_4086,51,Male,Married,0,Freelancer,28,94900.0,1138800.0,585,200000,Business,48,16.1,3,0
Applicant_4087,24,Female,Married,1,Salaried,6,64600.0,775200.0,622,250000,Home,36,16.07,0,0
Applicant_4088,64,Male,Married,2,Salaried,12,45100.0,541200.0,646,50000,Vehicle,240,15.52,4,0
Applicant_4089,43,Female,Single,0,Self-Employed,12,44000.0,528000.0,715,1000000,Education,60,10.0,0,1
Applicant_4090,22,Male,Single,2,Freelancer,4,28500.0,342000.0,677,300000,Education,36,12.5,1,1
Applicant_4091,42,Female,Single,3,Salaried,22,71000.0,852000.0,765,100000,Personal,180,9.95,1,0
Applicant_4092,57,Female,Married,0,Self-Employed,24,108900.0,1306800.0,618,400000,Personal,36,10.44,3,0
Applicant_4093,28,Female,Married,2,Unemployed,0,5000.0,60000.0,675,200000,Personal,24,9.96,3,1
Applicant_4094,27,Male,Single,1,Self-Employed,8,64300.0,771600.0,684,200000,Education,180,9.77,3,0
Applicant_4095,34,Female,Single,1,Salaried,12,71700.0,860400.0,674,750000,Vehicle,24,14.47,3,1
Applicant_4096,23,Female,Single,2,Unemployed,0,9000.0,108000.0,778,50000,Vehicle,240,13.98,1,0
Applicant_4097,36,Male,Married,1,Self-Employed,12,59600.0,715200.0,730,300000,Home,60,8.85,3,0
Applicant_4098,39,Female,Single,4,Salaried,4,66600.0,799200.0,518,100000,Education,180,14.45,0,0
Applicant_4099,38,Male,Single,2,Salaried,11,49600.0,595200.0,638,300000,Home,48,9.85,1,0
Applicant_4100,36,Male,Married,3,Salaried,0,65900.0,790800.0,648,400000,Vehicle,120,8.82,0,0
Applicant_4101,28,Male,Married,2,Self-Employed,1,17700.0,212400.0,865,150000,Vehicle,120,15.09,4,0
Applicant_4102,53,Female,Married,3,Salaried,20,91700.0,1100400.0,617,200000,Personal,12,10.67,5,0
Applicant_4103,32,Male,Married,0,Salaried,4,26900.0,322800.0,551,100000,Business,48,13.05,0,0
Applicant_4104,31,Female,Married,0,Self-Employed,5,40300.0,483600.0,693,400000,Business,60,8.8,1,0
Applicant_4105,25,Male,Married,1,Salaried,5,51400.0,616800.0,699,750000,Personal,12,13.56,1,1
Applicant_4106,47,Male,Divorced,3,Salaried,23,78700.0,944400.0,642,250000,Education,36,8.89,1,0
Applicant_4107,32,Other,Single,0,Self-Employed,11,54300.0,651600.0,627,250000,Education,36,8.42,1,0
Applicant_4108,37,Female,Married,4,Freelancer,16,36200.0,434400.0,744,750000,Education,12,10.95,0,1
Applicant_4109,26,Female,Married,0,Salaried,8,41200.0,494400.0,564,500000,Personal,36,15.59,0,0
Applicant_4110,53,Male,Single,0,Salaried,27,101500.0,1218000.0,615,50000,Home,48,8.53,2,0
Applicant_4111,25,Male,Married,0,Self-Employed,6,47400.0,568800.0,597,100000,Home,24,7.85,0,0
Applicant_4112,48,Female,Single,2,Self-Employed,12,48600.0,583200.0,759,400000,Home,120,6.86,2,0
Applicant_4113,34,Female,Married,3,Salaried,16,91900.0,1102800.0,678,150000,Personal,180,11.28,1,0
Applicant_4114,25,Male,Married,0,Salaried,5,31700.0,380400.0,543,300000,Vehicle,48,9.74,3,1
Applicant_4115,53,Male,Single,2,Salaried,8,50600.0,607200.0,553,50000,Vehicle,36,9.86,2,0
Applicant_4116,61,Female,Married,0,Freelancer,20,57400.0,688800.0,837,500000,Business,240,17.79,2,0
Applicant_4117,39,Male,Married,2,Self-Employed,10,64200.0,770400.0,758,100000,Business,24,8.73,0,0
Applicant_4118,42,Female,Married,0,Freelancer,3,31700.0,380400.0,734,50000,Personal,48,11.77,0,0
Applicant_4119,25,Male,Married,1,Self-Employed,7,47400.0,568800.0,651,100000,Education,120,17.84,5,0
Applicant_4120,22,Male,Single,2,Self-Employed,0,7300.0,87600.0,800,500000,Education,36,6.85,1,1
Applicant_4121,50,Other,Married,2,Unemployed,0,18000.0,216000.0,539,1000000,Home,48,14.51,1,1
Applicant_4122,59,Male,Married,0,Salaried,6,48700.0,584400.0,725,250000,Personal,36,10.77,4,0
Applicant_4123,24,Male,Single,0,Self-Employed,3,42700.0,512400.0,605,750000,Home,60,16.92,0,1
Applicant_4124,53,Female,Married,2,Salaried,34,96800.0,1161600.0,625,150000,Business,12,16.99,1,0
Applicant_4125,33,Male,Married,3,Salaried,9,44400.0,532800.0,722,500000,Home,36,10.95,0,0
Applicant_4126,40,Male,Married,3,Salaried,2,66500.0,798000.0,635,200000,Home,120,9.05,1,0
Applicant_4127,27,Female,Single,3,Salaried,0,13400.0,160800.0,606,400000,Vehicle,48,11.42,0,1
Applicant_4128,35,Male,Married,4,Unemployed,0,5000.0,60000.0,600,1000000,Home,180,17.6,0,1
Applicant_4129,43,Male,Married,1,Self-Employed,13,83200.0,998400.0,451,1000000,Personal,120,9.74,1,1
Applicant_4130,34,Male,Divorced,1,Freelancer,12,58600.0,703200.0,726,500000,Home,240,17.79,3,0
Applicant_4131,43,Female,Single,0,Salaried,4,43100.0,517200.0,549,150000,Home,36,15.92,5,0
Applicant_4132,39,Female,Divorced,1,Self-Employed,7,67700.0,812400.0,835,150000,Personal,36,9.58,2,0
Applicant_4133,49,Female,Married,2,Salaried,11,68700.0,824400.0,621,50000,Personal,120,15.6,1,0
Applicant_4134,40,Male,Single,3,Self-Employed,5,48500.0,582000.0,780,500000,Home,48,7.07,3,0
Applicant_4135,49,Female,Married,0,Self-Employed,23,84400.0,1012800.0,469,100000,Vehicle,48,12.8,1,0
Applicant_4136,44,Other,Married,1,Salaried,22,91000.0,1092000.0,723,400000,Business,24,10.61,1,0
Applicant_4137,38,Male,Single,2,Freelancer,1,34600.0,415200.0,748,400000,Education,180,11.41,0,0
Applicant_4138,30,Female,Single,2,Salaried,7,86900.0,1042800.0,780,400000,Home,120,11.94,3,0
Applicant_4139,61,Female,Married,0,Self-Employed,3,38100.0,457200.0,497,200000,Business,120,12.28,1,0
Applicant_4140,28,Female,Divorced,2,Self-Employed,10,52500.0,630000.0,579,400000,Business,36,14.05,5,1
Applicant_4141,46,Female,Single,0,Unemployed,0,5000.0,60000.0,707,1000000,Home,240,14.51,3,1
Applicant_4142,49,Male,Single,3,Salaried,4,47200.0,566400.0,664,500000,Education,60,17.72,1,1
Applicant_4143,30,Male,Married,4,Self-Employed,10,82900.0,994800.0,679,750000,Home,12,15.27,2,0
Applicant_4144,37,Male,Married,1,Self-Employed,12,73800.0,885600.0,613,400000,Education,120,14.41,1,0
Applicant_4145,22,Male,Single,1,Salaried,4,39800.0,477600.0,805,300000,Education,240,11.01,0,0
Applicant_4146,26,Male,Divorced,2,Self-Employed,4,43500.0,522000.0,900,250000,Vehicle,36,7.85,1,0
Applicant_4147,25,Female,Single,1,Salaried,7,34600.0,415200.0,660,1000000,Business,48,7.18,3,1
Applicant_4148,48,Male,Married,0,Salaried,5,35500.0,426000.0,695,1000000,Business,24,11.99,3,1
Applicant_4149,61,Male,Married,3,Salaried,30,102200.0,1226400.0,655,400000,Education,240,14.18,2,0
Applicant_4150,25,Female,Married,1,Freelancer,7,31600.0,379200.0,778,1000000,Home,240,13.98,1,1
Applicant_4151,38,Male,Single,0,Salaried,14,52300.0,627600.0,732,100000,Home,36,17.46,0,0
Applicant_4152,46,Female,Married,2,Self-Employed,22,86300.0,1035600.0,543,250000,Personal,60,10.9,1,0
Applicant_4153,40,Female,Divorced,0,Salaried,15,68800.0,825600.0,588,500000,Education,240,13.72,5,1
Applicant_4154,61,Male,Married,0,Salaried,29,74500.0,894000.0,549,300000,Home,48,16.71,2,0
Applicant_4155,47,Male,Married,1,Salaried,10,28900.0,346800.0,900,300000,Home,60,11.15,2,0
Applicant_4156,32,Male,Single,1,Self-Employed,6,38400.0,460800.0,713,50000,Vehicle,240,11.99,3,0
Applicant_4157,27,Female,Married,2,Salaried,5,26200.0,314400.0,590,100000,Personal,240,17.11,2,0
Applicant_4158,23,Male,Divorced,4,Salaried,3,18000.0,216000.0,582,150000,Home,240,12.83,2,1
Applicant_4159,30,Female,Married,3,Freelancer,9,59900.0,718800.0,730,400000,Business,60,15.7,1,0
Applicant_4160,54,Female,Married,0,Self-Employed,35,103500.0,1242000.0,740,1000000,Business,120,17.26,1,0
Applicant_4161,45,Male,Divorced,0,Salaried,13,62000.0,744000.0,729,300000,Education,12,13.07,4,0
Applicant_4162,55,Female,Single,2,Self-Employed,25,82200.0,986400.0,607,250000,Home,12,7.76,1,0
Applicant_4163,36,Male,Married,2,Salaried,11,44900.0,538800.0,680,750000,Business,120,15.95,3,1
Applicant_4164,22,Female,Married,3,Self-Employed,1,43200.0,518400.0,661,1000000,Education,36,15.9,3,1
Applicant_4165,44,Male,Married,2,Salaried,10,58000.0,696000.0,556,400000,Business,12,7.82,3,1
Applicant_4166,30,Female,Married,0,Salaried,12,52600.0,631200.0,557,750000,Home,240,12.8,0,1
Applicant_4167,58,Male,Married,1,Salaried,8,46900.0,562800.0,691,150000,Personal,36,12.1,0,0
Applicant_4168,42,Female,Single,3,Salaried,20,61600.0,739200.0,669,500000,Home,36,16.24,1,0
Applicant_4169,46,Male,Single,4,Freelancer,15,48900.0,586800.0,705,750000,Personal,120,9.66,3,1
Applicant_4170,63,Male,Single,0,Salaried,4,44400.0,532800.0,729,100000,Vehicle,180,11.4,4,0
Applicant_4171,59,Female,Married,1,Salaried,26,85500.0,1026000.0,799,200000,Personal,48,13.46,0,0
Applicant_4172,47,Male,Single,0,Self-Employed,11,57800.0,693600.0,572,100000,Home,180,12.45,1,0
Applicant_4173,49,Female,Single,1,Self-Employed,2,37800.0,453600.0,713,400000,Education,48,17.48,3,1
Applicant_4174,58,Female,Married,0,Salaried,28,99500.0,1194000.0,724,200000,Vehicle,24,17.55,0,0
Applicant_4175,40,Male,Married,4,Salaried,15,84100.0,1009200.0,618,300000,Business,180,7.44,5,0
Applicant_4176,47,Male,Divorced,2,Salaried,18,84900.0,1018800.0,662,500000,Home,12,9.93,1,0
Applicant_4177,61,Male,Divorced,3,Salaried,26,106300.0,1275600.0,621,300000,Vehicle,120,6.59,4,0
Applicant_4178,40,Female,Married,4,Salaried,17,61300.0,735600.0,860,200000,Personal,24,11.31,1,0
Applicant_4179,64,Male,Single,0,Salaried,40,112400.0,1348800.0,660,300000,Home,240,14.11,1,0
Applicant_4180,39,Male,Married,2,Self-Employed,12,68800.0,825600.0,695,50000,Personal,120,11.92,1,0
Applicant_4181,40,Male,Married,3,Unemployed,0,15100.0,181200.0,623,300000,Personal,60,7.27,4,1
Applicant_4182,55,Male,Married,2,Self-Employed,29,82800.0,993600.0,602,1000000,Business,36,8.75,1,0
Applicant_4183,22,Other,Married,2,Salaried,1,51200.0,614400.0,519,500000,Education,180,8.49,2,1
Applicant_4184,50,Male,Married,1,Self-Employed,5,30800.0,369600.0,759,200000,Vehicle,36,12.38,1,0
Applicant_4185,54,Female,Married,2,Self-Employed,2,46200.0,554400.0,726,750000,Business,48,14.29,4,1
Applicant_4186,42,Female,Single,1,Freelancer,22,68600.0,823200.0,619,300000,Personal,60,10.14,0,0
Applicant_4187,23,Female,Married,1,Self-Employed,3,20200.0,242400.0,559,300000,Education,240,8.0,1,1
Applicant_4188,26,Male,Single,0,Self-Employed,8,44500.0,534000.0,667,200000,Vehicle,36,15.68,0,0
Applicant_4189,35,Female,Divorced,0,Salaried,8,88700.0,1064400.0,600,500000,Personal,36,16.37,2,0
Applicant_4190,47,Female,Married,0,Salaried,14,71000.0,852000.0,627,250000,Vehicle,60,9.68,1,0
Applicant_4191,30,Male,Married,0,Salaried,0,74500.0,894000.0,523,50000,Home,240,11.34,0,0
Applicant_4192,29,Male,Divorced,1,Salaried,1,20300.0,243600.0,671,400000,Vehicle,60,7.44,3,1
Applicant_4193,53,Male,Married,0,Salaried,7,65300.0,783600.0,673,500000,Business,36,9.12,1,0
Applicant_4194,52,Male,Single,0,Self-Employed,30,57000.0,684000.0,759,300000,Vehicle,60,15.32,1,0
Applicant_4195,26,Male,Single,2,Self-Employed,0,35000.0,420000.0,634,400000,Home,12,10.7,1,1
Applicant_4196,61,Female,Married,2,Unemployed,0,14500.0,174000.0,616,400000,Personal,240,13.45,1,1
Applicant_4197,56,Male,Married,2,Salaried,26,104600.0,1255200.0,494,200000,Home,240,17.38,0,0
Applicant_4198,22,Male,Married,4,Salaried,3,34000.0,408000.0,760,200000,Home,60,14.82,3,0
Applicant_4199,49,Female,Divorced,0,Freelancer,30,100600.0,1207200.0,739,50000,Education,24,11.71,1,0
Applicant_4200,24,Male,Single,0,Unemployed,0,5000.0,60000.0,652,100000,Vehicle,24,10.72,2,1
Applicant_4201,21,Female,Single,1,Self-Employed,2,36500.0,438000.0,517,150000,Personal,240,8.69,0,0
Applicant_4202,39,Male,Single,3,Salaried,13,59500.0,714000.0,528,250000,Education,36,15.2,1,0
Applicant_4203,46,Female,Married,2,Self-Employed,18,54000.0,648000.0,595,1000000,Vehicle,36,7.79,4,1
Applicant_4204,45,Male,Single,1,Salaried,26,115500.0,1386000.0,746,750000,Business,240,7.21,1,0
Applicant_4205,30,Female,Single,0,Freelancer,6,37700.0,452400.0,679,250000,Vehicle,48,7.71,0,0
Applicant_4206,35,Female,Married,2,Self-Employed,4,59300.0,711600.0,500,300000,Vehicle,60,9.29,0,1
Applicant_4207,42,Male,Married,0,Salaried,1,57700.0,692400.0,690,400000,Business,180,13.71,3,0
Applicant_4208,41,Male,Married,1,Freelancer,14,38500.0,462000.0,566,200000,Home,24,16.41,0,0
Applicant_4209,42,Female,Married,4,Self-Employed,18,89200.0,1070400.0,597,500000,Vehicle,48,17.92,5,1
Applicant_4210,56,Male,Married,2,Unemployed,0,12600.0,151200.0,747,300000,Education,240,14.91,0,1
Applicant_4211,54,Female,Married,4,Unemployed,0,5000.0,60000.0,726,50000,Personal,36,8.18,1,1
Applicant_4212,50,Other,Married,1,Salaried,30,106700.0,1280400.0,759,300000,Business,180,9.69,1,0
Applicant_4213,45,Male,Married,2,Salaried,15,54700.0,656400.0,647,100000,Home,120,8.02,0,0
Applicant_4214,48,Male,Single,3,Self-Employed,12,83100.0,997200.0,738,200000,Personal,240,7.83,1,0
Applicant_4215,21,Male,Single,2,Unemployed,0,17200.0,206400.0,591,200000,Education,120,13.03,2,1
Applicant_4216,24,Male,Single,2,Unemployed,0,5000.0,60000.0,624,1000000,Home,12,16.93,2,1
Applicant_4217,27,Female,Married,2,Self-Employed,9,72000.0,864000.0,617,1000000,Home,60,14.37,1,1
Applicant_4218,29,Female,Single,3,Salaried,6,28300.0,339600.0,652,250000,Vehicle,48,15.71,3,1
Applicant_4219,56,Male,Divorced,0,Salaried,28,84800.0,1017600.0,521,1000000,Home,12,12.34,3,0
Applicant_4220,39,Male,Single,1,Freelancer,16,53200.0,638400.0,627,100000,Vehicle,180,11.97,0,0
Applicant_4221,21,Male,Married,1,Self-Employed,2,72500.0,870000.0,795,300000,Personal,180,17.28,1,0
Applicant_4222,30,Male,Married,3,Self-Employed,8,34900.0,418800.0,540,150000,Personal,180,14.8,0,0
Applicant_4223,56,Female,Married,4,Self-Employed,38,85400.0,1024800.0,517,750000,Business,120,11.78,0,0
Applicant_4224,29,Male,Married,0,Self-Employed,11,35300.0,423600.0,525,300000,Personal,36,10.32,2,0
Applicant_4225,62,Female,Single,0,Freelancer,28,94600.0,1135200.0,900,150000,Education,24,7.57,1,0
Applicant_4226,52,Female,Married,4,Salaried,30,91100.0,1093200.0,696,150000,Home,48,15.94,2,0
Applicant_4227,52,Female,Single,0,Salaried,1,39600.0,475200.0,622,250000,Personal,48,8.45,2,0
Applicant_4228,26,Male,Married,0,Self-Employed,5,56400.0,676800.0,656,300000,Personal,36,12.42,0,0
Applicant_4229,58,Female,Married,0,Unemployed,0,5000.0,60000.0,672,200000,Education,36,13.83,1,1
Applicant_4230,37,Female,Single,0,Salaried,8,59100.0,709200.0,585,250000,Personal,240,15.06,2,0
Applicant_4231,30,Female,Married,2,Salaried,3,54000.0,648000.0,598,150000,Personal,24,7.46,0,0
Applicant_4232,47,Male,Married,1,Salaried,15,63500.0,762000.0,634,1000000,Business,24,6.62,3,1
Applicant_4233,55,Male,Married,1,Salaried,1,39500.0,474000.0,577,200000,Personal,24,14.62,1,0
Applicant_4234,41,Female,Divorced,3,Salaried,2,47600.0,571200.0,610,500000,Vehicle,12,11.73,2,0
Applicant_4235,45,Male,Married,0,Self-Employed,22,92000.0,1104000.0,685,500000,Personal,12,8.58,5,0
Applicant_4236,48,Male,Married,0,Salaried,19,66100.0,793200.0,550,50000,Vehicle,36,17.79,1,0
Applicant_4237,35,Other,Married,3,Self-Employed,7,5000.0,60000.0,900,200000,Personal,180,15.6,0,1
Applicant_4238,24,Male,Divorced,2,Salaried,4,58200.0,698400.0,725,100000,Personal,240,13.15,0,0
Applicant_4239,49,Male,Single,0,Salaried,6,65900.0,790800.0,522,200000,Education,180,14.57,0,0
Applicant_4240,29,Male,Married,1,Self-Employed,10,58000.0,696000.0,402,250000,Personal,48,8.28,3,0
Applicant_4241,47,Female,Married,1,Self-Employed,21,81000.0,972000.0,581,50000,Vehicle,12,17.57,0,0
Applicant_4242,46,Male,Single,2,Salaried,12,55500.0,666000.0,718,250000,Home,36,17.96,0,0
Applicant_4243,39,Female,Single,0,Freelancer,7,46500.0,558000.0,699,400000,Home,120,13.96,2,1
Applicant_4244,48,Male,Single,1,Salaried,8,68800.0,825600.0,638,250000,Business,240,14.19,1,0
Applicant_4245,37,Male,Married,0,Salaried,15,70800.0,849600.0,589,400000,Personal,120,14.6,2,0
Applicant_4246,63,Female,Married,3,Self-Employed,36,144400.0,1732800.0,559,750000,Education,12,14.16,1,0
Applicant_4247,61,Male,Married,1,Freelancer,31,63500.0,762000.0,609,500000,Personal,24,11.54,1,0
Applicant_4248,62,Other,Married,1,Salaried,13,68400.0,820800.0,548,50000,Personal,120,12.72,1,0
Applicant_4249,40,Male,Single,0,Salaried,0,22400.0,268800.0,610,1000000,Personal,36,9.75,1,1
Applicant_4250,60,Male,Single,0,Self-Employed,26,100200.0,1202400.0,783,1000000,Business,120,11.64,4,0
Applicant_4251,59,Male,Married,2,Salaried,23,62300.0,747600.0,572,100000,Education,24,11.52,0,0
Applicant_4252,43,Male,Married,2,Self-Employed,18,51000.0,612000.0,711,300000,Personal,60,9.81,0,0
Applicant_4253,52,Other,Single,2,Salaried,21,72500.0,870000.0,726,250000,Business,120,15.55,1,0
Applicant_4254,53,Female,Married,2,Freelancer,13,55000.0,660000.0,542,50000,Business,48,11.21,0,0
Applicant_4255,25,Male,Divorced,0,Salaried,4,39100.0,469200.0,565,100000,Education,24,12.84,2,1
Applicant_4256,63,Female,Married,2,Unemployed,0,5000.0,60000.0,756,150000,Education,48,8.3,1,1
Applicant_4257,54,Female,Married,0,Salaried,7,51300.0,615600.0,557,1000000,Personal,36,11.96,0,1
Applicant_4258,60,Male,Married,0,Freelancer,26,73400.0,880800.0,644,250000,Vehicle,240,15.26,1,0
Applicant_4259,31,Male,Single,2,Salaried,2,66300.0,795600.0,853,400000,Business,240,11.61,0,0
Applicant_4260,23,Female,Single,3,Salaried,0,50300.0,603600.0,747,300000,Personal,180,12.91,0,0
Applicant_4261,53,Other,Married,2,Salaried,20,75100.0,901200.0,658,150000,Vehicle,180,14.57,2,0
Applicant_4262,31,Other,Married,3,Freelancer,10,76500.0,918000.0,734,300000,Personal,60,10.97,3,0
Applicant_4263,36,Female,Married,4,Salaried,7,61400.0,736800.0,644,200000,Business,48,10.56,1,0
Applicant_4264,38,Female,Single,0,Salaried,8,41500.0,498000.0,751,150000,Business,180,7.49,1,0
Applicant_4265,50,Male,Married,4,Salaried,31,105800.0,1269600.0,445,200000,Vehicle,120,13.2,3,0
Applicant_4266,30,Male,Single,2,Unemployed,0,13000.0,156000.0,636,500000,Vehicle,12,14.63,0,1
Applicant_4267,38,Male,Single,3,Salaried,19,67700.0,812400.0,441,50000,Personal,120,13.18,1,0
Applicant_4268,58,Female,Single,2,Salaried,23,70200.0,842400.0,666,150000,Home,120,9.76,1,0
Applicant_4269,39,Female,Married,2,Unemployed,0,6300.0,75600.0,626,1000000,Personal,36,9.52,2,1
Applicant_4270,56,Female,Single,2,Unemployed,0,5000.0,60000.0,786,500000,Vehicle,60,8.33,0,1
Applicant_4271,33,Female,Single,1,Salaried,10,82200.0,986400.0,721,1000000,Business,12,7.04,1,0
Applicant_4272,23,Female,Married,4,Freelancer,4,44100.0,529200.0,597,750000,Education,180,11.41,2,1
Applicant_4273,30,Other,Married,0,Salaried,2,34400.0,412800.0,609,150000,Home,240,8.35,1,0
Applicant_4274,58,Male,Married,1,Salaried,20,86400.0,1036800.0,688,750000,Personal,12,14.44,2,0
Applicant_4275,21,Female,Married,0,Freelancer,1,46000.0,552000.0,592,1000000,Personal,120,17.56,2,1
Applicant_4276,47,Female,Divorced,0,Freelancer,10,24100.0,289200.0,646,1000000,Home,240,7.35,1,1
Applicant_4277,28,Male,Single,0,Salaried,10,44700.0,536400.0,781,200000,Business,60,16.77,0,0
Applicant_4278,62,Other,Single,0,Salaried,37,113800.0,1365600.0,567,200000,Education,24,14.06,0,0
Applicant_4279,37,Female,Married,1,Salaried,0,40500.0,486000.0,605,400000,Personal,60,16.39,3,1
Applicant_4280,29,Male,Single,1,Freelancer,5,34200.0,410400.0,619,300000,Home,60,8.28,2,1
Applicant_4281,26,Male,Married,0,Unemployed,0,5000.0,60000.0,900,1000000,Vehicle,180,16.92,3,1
Applicant_4282,63,Female,Married,0,Salaried,28,91100.0,1093200.0,710,150000,Business,180,17.52,4,0
Applicant_4283,45,Female,Divorced,4,Freelancer,20,70800.0,849600.0,763,500000,Education,240,16.93,3,0
Applicant_4284,59,Female,Married,0,Salaried,28,113000.0,1356000.0,726,250000,Personal,60,15.53,2,0
Applicant_4285,48,Male,Divorced,1,Self-Employed,8,43800.0,525600.0,733,100000,Home,48,7.54,2,0
Applicant_4286,53,Male,Single,0,Salaried,6,88600.0,1063200.0,697,1000000,Vehicle,24,9.04,0,0
Applicant_4287,57,Male,Married,0,Self-Employed,37,138400.0,1660800.0,686,150000,Business,180,17.0,5,0
Applicant_4288,29,Male,Single,2,Salaried,10,79900.0,958800.0,504,400000,Business,180,9.14,1,0
Applicant_4289,38,Male,Married,1,Unemployed,0,14300.0,171600.0,685,1000000,Home,240,10.5,0,1
Applicant_4290,41,Female,Married,1,Salaried,22,114100.0,1369200.0,639,750000,Home,240,7.08,0,0
Applicant_4291,22,Male,Single,0,Salaried,1,37600.0,451200.0,704,50000,Personal,36,13.72,3,0
Applicant_4292,63,Male,Married,2,Freelancer,31,74500.0,894000.0,642,300000,Home,240,12.98,0,0
Applicant_4293,58,Male,Single,2,Salaried,4,40100.0,481200.0,726,750000,Business,12,17.56,0,1
Applicant_4294,60,Male,Single,0,Salaried,32,89000.0,1068000.0,743,400000,Personal,120,16.76,1,0
Applicant_4295,56,Female,Divorced,0,Self-Employed,14,64800.0,777600.0,358,150000,Education,48,12.32,3,0
Applicant_4296,63,Female,Single,0,Freelancer,4,37500.0,450000.0,606,400000,Home,24,13.51,1,1
Applicant_4297,57,Female,Single,2,Salaried,19,81000.0,972000.0,464,100000,Vehicle,60,11.25,3,0
Applicant_4298,35,Male,Married,0,Salaried,5,49800.0,597600.0,673,1000000,Vehicle,120,8.02,3,1
Applicant_4299,48,Male,Married,1,Salaried,4,50000.0,600000.0,619,100000,Home,180,16.48,3,0
Applicant_4300,38,Male,Single,0,Unemployed,0,31000.0,372000.0,785,50000,Education,120,12.82,2,1
Applicant_4301,54,Male,Married,0,Salaried,16,81300.0,975600.0,670,150000,Education,48,11.39,2,0
Applicant_4302,42,Female,Married,0,Salaried,17,87800.0,1053600.0,601,50000,Education,48,7.29,0,0
Applicant_4303,31,Male,Single,1,Self-Employed,3,43900.0,526800.0,743,500000,Vehicle,180,14.15,0,0
Applicant_4304,33,Female,Single,0,Salaried,7,29800.0,357600.0,618,500000,Business,180,11.1,1,1
Applicant_4305,24,Male,Married,1,Salaried,4,20800.0,249600.0,600,200000,Vehicle,12,9.42,0,1
Applicant_4306,42,Female,Married,2,Unemployed,0,36200.0,434400.0,689,50000,Vehicle,36,16.58,1,0
Applicant_4307,27,Female,Married,1,Salaried,6,44000.0,528000.0,811,100000,Business,24,8.61,0,0
Applicant_4308,63,Female,Single,2,Freelancer,33,81700.0,980400.0,735,100000,Personal,120,12.42,0,0
Applicant_4309,44,Female,Divorced,2,Freelancer,7,42700.0,512400.0,706,100000,Vehicle,120,15.65,4,0
Applicant_4310,24,Other,Divorced,2,Salaried,4,56300.0,675600.0,900,750000,Personal,24,16.26,2,0
Applicant_4311,48,Female,Single,4,Salaried,3,56200.0,674400.0,576,400000,Home,24,15.92,2,1
Applicant_4312,35,Male,Single,0,Unemployed,0,31600.0,379200.0,574,750000,Personal,180,16.81,1,1
Applicant_4313,21,Male,Divorced,0,Freelancer,0,47500.0,570000.0,664,1000000,Personal,60,8.14,1,1
Applicant_4314,23,Female,Married,2,Salaried,5,37800.0,453600.0,801,1000000,Vehicle,60,17.32,1,1
Applicant_4315,34,Female,Married,2,Salaried,13,80500.0,966000.0,555,100000,Personal,48,6.62,1,0
Applicant_4316,58,Male,Married,1,Self-Employed,3,35200.0,422400.0,825,250000,Home,120,9.44,2,0
Applicant_4317,21,Male,Married,0,Salaried,3,43900.0,526800.0,506,50000,Education,36,7.47,0,0
Applicant_4318,58,Other,Married,2,Self-Employed,2,22600.0,271200.0,637,100000,Vehicle,240,17.37,0,0
Applicant_4319,58,Male,Single,4,Unemployed,0,5000.0,60000.0,667,200000,Vehicle,12,11.38,1,1
Applicant_4320,41,Male,Single,1,Salaried,13,65500.0,786000.0,561,1000000,Business,120,10.13,1,1
Applicant_4321,49,Male,Married,4,Freelancer,28,66700.0,800400.0,587,50000,Home,180,8.42,3,0
Applicant_4322,25,Female,Married,1,Self-Employed,1,50900.0,610800.0,729,500000,Home,12,8.29,3,1
Applicant_4323,30,Male,Married,0,Salaried,1,37800.0,453600.0,794,300000,Personal,36,13.56,1,0
Applicant_4324,48,Female,Divorced,1,Self-Employed,22,83600.0,1003200.0,438,50000,Vehicle,24,7.04,1,0
Applicant_4325,41,Male,Married,1,Self-Employed,11,77500.0,930000.0,668,750000,Vehicle,36,13.33,5,1
Applicant_4326,27,Female,Single,2,Salaried,3,23700.0,284400.0,638,50000,Vehicle,12,15.41,3,0
Applicant_4327,23,Female,Married,1,Salaried,3,35100.0,421200.0,660,200000,Personal,60,13.41,0,0
Applicant_4328,40,Male,Married,1,Self-Employed,8,53700.0,644400.0,618,250000,Vehicle,240,16.01,0,0
Applicant_4329,39,Male,Single,0,Self-Employed,1,41700.0,500400.0,520,750000,Education,36,9.55,0,1
Applicant_4330,55,Male,Single,0,Unemployed,0,21600.0,259200.0,804,100000,Home,48,7.39,2,0
Applicant_4331,24,Male,Married,1,Freelancer,0,38000.0,456000.0,765,750000,Vehicle,60,14.79,1,1
Applicant_4332,25,Female,Divorced,4,Salaried,6,53500.0,642000.0,639,50000,Home,48,16.02,1,0
Applicant_4333,21,Male,Single,0,Freelancer,2,33600.0,403200.0,601,200000,Business,48,12.27,3,1
Applicant_4334,24,Female,Single,3,Salaried,6,57000.0,684000.0,589,400000,Personal,180,15.94,3,1
Applicant_4335,32,Male,Married,1,Salaried,11,40000.0,480000.0,391,200000,Home,36,11.77,1,1
Applicant_4336,47,Male,Married,0,Salaried,7,51700.0,620400.0,685,500000,Home,48,8.78,0,1
Applicant_4337,62,Male,Married,0,Self-Employed,34,106700.0,1280400.0,728,400000,Education,120,11.96,3,0
Applicant_4338,43,Female,Married,0,Salaried,1,48900.0,586800.0,663,300000,Business,24,8.98,1,0
Applicant_4339,45,Male,Married,4,Salaried,3,32100.0,385200.0,641,250000,Home,36,11.93,3,1
Applicant_4340,41,Female,Single,2,Salaried,17,55000.0,660000.0,663,1000000,Personal,12,8.2,0,1
Applicant_4341,44,Male,Married,4,Salaried,11,58500.0,702000.0,564,150000,Personal,24,8.63,4,0
Applicant_4342,45,Male,Single,3,Unemployed,0,34500.0,414000.0,600,500000,Home,60,16.65,1,1
Applicant_4343,52,Female,Married,2,Unemployed,0,5000.0,60000.0,633,200000,Home,36,7.83,0,1
Applicant_4344,52,Female,Single,2,Self-Employed,20,92600.0,1111200.0,719,500000,Education,12,9.08,1,0
Applicant_4345,25,Male,Married,2,Self-Employed,1,60800.0,729600.0,787,50000,Education,240,17.95,4,0
Applicant_4346,56,Female,Single,2,Self-Employed,20,75700.0,908400.0,627,100000,Personal,12,13.12,1,0
Applicant_4347,62,Male,Married,0,Freelancer,39,92800.0,1113600.0,545,100000,Vehicle,36,13.24,0,0
Applicant_4348,62,Female,Single,1,Self-Employed,24,90700.0,1088400.0,653,300000,Home,24,16.22,2,0
Applicant_4349,59,Female,Single,2,Salaried,16,74900.0,898800.0,851,250000,Vehicle,240,12.53,3,0
Applicant_4350,36,Female,Single,0,Salaried,18,63100.0,757200.0,554,1000000,Personal,120,9.05,0,0
Applicant_4351,53,Female,Married,1,Salaried,5,40100.0,481200.0,738,1000000,Personal,12,11.36,0,1
Applicant_4352,41,Male,Married,3,Salaried,13,72800.0,873600.0,783,400000,Vehicle,36,15.18,0,0
Applicant_4353,29,Female,Married,1,Salaried,4,62000.0,744000.0,613,100000,Personal,36,16.53,0,0
Applicant_4354,26,Male,Married,2,Freelancer,7,34200.0,410400.0,579,750000,Home,120,9.64,0,1
Applicant_4355,55,Male,Married,0,Self-Employed,17,68000.0,816000.0,707,100000,Home,48,9.51,1,0
Applicant_4356,59,Male,Married,2,Salaried,29,108000.0,1296000.0,685,50000,Business,36,10.27,2,0
Applicant_4357,42,Female,Divorced,1,Salaried,8,53400.0,640800.0,719,100000,Home,180,13.36,2,0
Applicant_4358,61,Female,Married,4,Self-Employed,13,56500.0,678000.0,857,150000,Personal,12,9.7,2,0
Applicant_4359,25,Male,Single,4,Salaried,5,38700.0,464400.0,666,300000,Personal,240,16.77,0,0
Applicant_4360,62,Female,Divorced,3,Salaried,16,60400.0,724800.0,530,400000,Education,48,17.75,2,0
Applicant_4361,43,Female,Single,0,Freelancer,1,67000.0,804000.0,656,300000,Business,12,14.31,2,0
Applicant_4362,37,Male,Married,1,Self-Employed,13,58100.0,697200.0,674,50000,Business,24,17.66,3,0
Applicant_4363,32,Male,Single,4,Freelancer,10,65500.0,786000.0,776,750000,Personal,24,9.81,1,1
Applicant_4364,43,Female,Married,3,Freelancer,21,92300.0,1107600.0,630,500000,Education,12,15.87,0,0
Applicant_4365,36,Male,Single,3,Freelancer,11,44200.0,530400.0,609,100000,Home,180,14.3,2,0
Applicant_4366,23,Male,Divorced,2,Salaried,0,45500.0,546000.0,512,50000,Personal,180,9.53,0,0
Applicant_4367,50,Female,Married,1,Salaried,15,71500.0,858000.0,704,400000,Business,60,10.16,5,0
Applicant_4368,42,Female,Single,0,Salaried,21,57800.0,693600.0,900,150000,Personal,60,12.12,2,0
Applicant_4369,29,Female,Single,3,Salaried,5,26700.0,320400.0,627,150000,Vehicle,60,15.6,3,1
Applicant_4370,49,Female,Married,2,Self-Employed,17,69700.0,836400.0,695,1000000,Home,12,16.53,2,1
Applicant_4371,57,Male,Married,0,Freelancer,38,94600.0,1135200.0,595,750000,Vehicle,36,13.79,0,0
Applicant_4372,43,Male,Married,0,Unemployed,0,33400.0,400800.0,521,100000,Personal,48,14.8,1,1
Applicant_4373,33,Female,Single,2,Freelancer,1,23500.0,282000.0,693,250000,Business,36,9.53,2,1
Applicant_4374,52,Male,Married,2,Self-Employed,7,78300.0,939600.0,652,200000,Education,120,15.02,0,0
Applicant_4375,43,Female,Married,0,Self-Employed,11,49900.0,598800.0,411,50000,Personal,12,13.46,2,0
Applicant_4376,37,Male,Single,0,Salaried,0,68700.0,824400.0,811,300000,Business,120,9.06,3,0
Applicant_4377,60,Male,Single,0,Salaried,40,127600.0,1531200.0,691,300000,Business,180,17.43,0,0
Applicant_4378,41,Male,Married,0,Freelancer,7,47400.0,568800.0,657,50000,Education,120,12.4,0,0
Applicant_4379,22,Female,Divorced,4,Salaried,0,32300.0,387600.0,607,400000,Education,36,15.64,4,1
Applicant_4380,57,Male,Single,2,Self-Employed,4,51700.0,620400.0,690,300000,Personal,180,12.54,0,0
Applicant_4381,26,Male,Married,2,Freelancer,3,56400.0,676800.0,695,200000,Vehicle,120,17.23,0,0
Applicant_4382,64,Male,Single,2,Salaried,16,69800.0,837600.0,690,400000,Personal,24,8.12,1,0
Applicant_4383,38,Female,Married,1,Unemployed,0,5000.0,60000.0,756,150000,Education,48,12.78,2,1
Applicant_4384,50,Male,Married,2,Salaried,29,94300.0,1131600.0,779,1000000,Vehicle,12,6.79,5,0
Applicant_4385,42,Male,Single,4,Freelancer,19,87300.0,1047600.0,850,300000,Personal,240,8.77,1,0
Applicant_4386,53,Male,Married,2,Salaried,14,80800.0,969600.0,566,300000,Education,48,9.73,4,1
Applicant_4387,50,Female,Married,1,Salaried,19,99700.0,1196400.0,592,1000000,Home,180,11.94,1,0
Applicant_4388,37,Male,Divorced,2,Salaried,3,50700.0,608400.0,686,300000,Business,60,15.93,2,0
Applicant_4389,63,Male,Single,3,Self-Employed,1,37600.0,451200.0,572,150000,Education,60,11.87,0,0
Applicant_4390,52,Male,Single,0,Freelancer,3,37400.0,448800.0,588,1000000,Home,180,12.95,1,1
Applicant_4391,62,Female,Divorced,0,Self-Employed,23,97100.0,1165200.0,697,250000,Personal,24,17.13,4,0
Applicant_4392,34,Female,Single,3,Unemployed,0,5000.0,60000.0,740,50000,Education,12,15.2,1,1
Applicant_4393,30,Male,Married,4,Freelancer,6,57500.0,690000.0,777,300000,Education,60,7.08,0,0
Applicant_4394,56,Female,Single,1,Salaried,1,47500.0,570000.0,630,400000,Personal,48,8.53,1,0
Applicant_4395,54,Other,Married,1,Self-Employed,1,5000.0,60000.0,696,250000,Business,180,6.94,1,1
Applicant_4396,29,Male,Single,0,Salaried,1,55300.0,663600.0,674,250000,Education,48,7.29,0,0
Applicant_4397,62,Female,Married,1,Self-Employed,0,15900.0,190800.0,651,300000,Home,24,10.4,4,1
Applicant_4398,48,Female,Married,4,Salaried,12,76900.0,922800.0,568,400000,Personal,240,14.87,2,0
Applicant_4399,31,Female,Single,0,Salaried,5,63500.0,762000.0,555,200000,Home,120,9.31,1,0
Applicant_4400,34,Male,Married,1,Self-Employed,16,71900.0,862800.0,716,400000,Personal,60,11.01,5,0
Applicant_4401,59,Male,Married,3,Salaried,21,90200.0,1082400.0,566,250000,Vehicle,36,11.03,0,0
Applicant_4402,39,Male,Single,1,Self-Employed,10,71500.0,858000.0,472,400000,Personal,240,13.29,3,1
Applicant_4403,35,Female,Married,2,Unemployed,0,5000.0,60000.0,646,50000,Education,240,16.77,0,1
Applicant_4404,48,Male,Married,1,Salaried,5,61900.0,742800.0,795,1000000,Home,60,17.81,0,0
Applicant_4405,44,Male,Single,3,Freelancer,19,80400.0,964800.0,370,100000,Home,24,13.45,1,0
Applicant_4406,28,Male,Single,4,Self-Employed,2,65400.0,784800.0,621,100000,Home,60,12.31,2,0
Applicant_4407,63,Male,Divorced,1,Salaried,5,33400.0,400800.0,717,400000,Education,180,14.34,2,1
Applicant_4408,29,Female,Married,3,Freelancer,0,31100.0,373200.0,467,750000,Home,240,14.18,0,1
Applicant_4409,53,Male,Married,4,Salaried,34,93600.0,1123200.0,628,400000,Vehicle,12,12.53,0,0
Applicant_4410,53,Male,Single,4,Salaried,34,92900.0,1114800.0,536,300000,Vehicle,24,14.97,2,0
Applicant_4411,39,Female,Married,1,Salaried,7,59400.0,712800.0,549,150000,Personal,240,12.15,4,1
Applicant_4412,23,Male,Single,1,Self-Employed,1,38200.0,458400.0,609,250000,Home,180,17.96,2,0
Applicant_4413,30,Female,Divorced,1,Self-Employed,9,70200.0,842400.0,537,1000000,Business,240,7.06,0,1
Applicant_4414,60,Male,Single,1,Salaried,25,84800.0,1017600.0,529,100000,Home,180,11.6,1,0
Applicant_4415,62,Male,Married,1,Salaried,9,56000.0,672000.0,644,750000,Home,180,11.07,2,1
Applicant_4416,21,Female,Married,0,Freelancer,2,32200.0,386400.0,872,300000,Education,36,15.36,0,0
Applicant_4417,49,Female,Married,2,Freelancer,22,56100.0,673200.0,725,750000,Personal,48,8.69,1,1
Applicant_4418,54,Male,Married,1,Self-Employed,30,84200.0,1010400.0,751,750000,Education,180,11.49,1,0
Applicant_4419,33,Other,Married,3,Salaried,15,86700.0,1040400.0,729,400000,Home,240,14.53,1,0
Applicant_4420,21,Female,Married,3,Salaried,0,31800.0,381600.0,580,250000,Home,60,13.44,2,1
Applicant_4421,54,Other,Married,1,Freelancer,1,44700.0,536400.0,681,200000,Vehicle,180,12.77,2,0
Applicant_4422,49,Male,Single,1,Salaried,27,103100.0,1237200.0,759,50000,Education,120,11.5,5,0
Applicant_4423,33,Male,Married,2,Salaried,9,34800.0,417600.0,732,750000,Home,48,15.15,1,1
Applicant_4424,49,Female,Divorced,0,Self-Employed,31,105000.0,1260000.0,669,300000,Personal,180,13.93,1,0
Applicant_4425,59,Female,Single,0,Self-Employed,32,106800.0,1281600.0,702,100000,Home,24,16.56,0,0
Applicant_4426,44,Male,Single,3,Self-Employed,8,57300.0,687600.0,896,400000,Personal,48,14.93,1,0
Applicant_4427,46,Female,Single,0,Salaried,28,93900.0,1126800.0,733,300000,Home,120,8.11,0,0
Applicant_4428,37,Male,Single,3,Self-Employed,14,48900.0,586800.0,618,200000,Personal,120,13.62,0,0
Applicant_4429,27,Male,Married,3,Self-Employed,1,57200.0,686400.0,642,300000,Personal,120,7.01,0,0
Applicant_4430,33,Male,Married,1,Self-Employed,1,35500.0,426000.0,544,300000,Business,120,10.95,2,1
Applicant_4431,25,Female,Married,3,Salaried,5,36700.0,440400.0,884,250000,Home,12,11.24,2,0
Applicant_4432,46,Male,Single,1,Freelancer,6,43900.0,526800.0,810,50000,Personal,120,16.33,3,0
Applicant_4433,23,Female,Married,3,Self-Employed,5,33900.0,406800.0,658,150000,Vehicle,24,8.57,1,0
Applicant_4434,27,Female,Married,3,Self-Employed,1,22800.0,273600.0,868,400000,Business,24,13.9,1,1
Applicant_4435,59,Female,Divorced,0,Self-Employed,18,65400.0,784800.0,713,100000,Vehicle,60,8.71,0,0
Applicant_4436,21,Other,Single,2,Salaried,0,30000.0,360000.0,606,1000000,Vehicle,240,17.41,2,1
Applicant_4437,37,Female,Married,2,Salaried,4,34300.0,411600.0,740,1000000,Personal,180,12.59,0,1
Applicant_4438,63,Other,Divorced,0,Salaried,40,132100.0,1585200.0,689,50000,Education,24,14.64,1,0
Applicant_4439,45,Male,Married,4,Salaried,17,72300.0,867600.0,733,500000,Business,12,13.94,0,0
Applicant_4440,23,Male,Married,1,Self-Employed,4,61800.0,741600.0,513,400000,Personal,60,9.99,3,1
Applicant_4441,35,Male,Single,1,Self-Employed,4,30200.0,362400.0,568,300000,Personal,12,16.86,2,1
Applicant_4442,49,Male,Married,0,Salaried,23,60100.0,721200.0,798,1000000,Personal,36,13.71,2,0
Applicant_4443,63,Female,Married,2,Unemployed,0,7200.0,86400.0,819,250000,Personal,60,12.37,0,1
Applicant_4444,52,Male,Divorced,3,Salaried,14,95800.0,1149600.0,791,300000,Personal,24,12.58,2,0
Applicant_4445,46,Male,Married,2,Salaried,25,98000.0,1176000.0,871,50000,Personal,24,16.74,2,0
Applicant_4446,36,Female,Married,2,Salaried,18,124200.0,1490400.0,707,750000,Home,24,7.18,0,0
Applicant_4447,45,Female,Married,2,Self-Employed,19,78000.0,936000.0,700,50000,Vehicle,36,10.97,1,0
Applicant_4448,48,Male,Single,0,Self-Employed,10,58500.0,702000.0,558,200000,Vehicle,12,16.18,0,0
Applicant_4449,29,Female,Single,1,Unemployed,0,5000.0,60000.0,591,150000,Personal,24,6.93,2,1
Applicant_4450,21,Male,Married,0,Salaried,0,46400.0,556800.0,451,200000,Education,120,13.85,0,0
Applicant_4451,49,Male,Married,0,Salaried,20,82500.0,990000.0,617,50000,Home,240,11.14,0,0
Applicant_4452,42,Female,Married,0,Self-Employed,21,70900.0,850800.0,444,1000000,Home,240,8.85,0,1
Applicant_4453,36,Female,Married,4,Self-Employed,15,62900.0,754800.0,758,200000,Home,48,13.53,1,0
Applicant_4454,61,Male,Single,4,Unemployed,0,5000.0,60000.0,688,200000,Education,120,16.06,0,1
Applicant_4455,64,Female,Married,0,Salaried,10,57300.0,687600.0,447,150000,Home,180,11.87,3,1
Applicant_4456,61,Male,Married,1,Self-Employed,33,132300.0,1587600.0,631,500000,Education,24,8.19,0,0
Applicant_4457,27,Male,Single,0,Salaried,8,50400.0,604800.0,846,400000,Personal,60,10.02,0,0
Applicant_4458,34,Male,Divorced,3,Self-Employed,7,51500.0,618000.0,637,750000,Vehicle,240,17.79,2,1
Applicant_4459,49,Female,Married,1,Salaried,22,77900.0,934800.0,550,100000,Home,60,7.78,4,0
Applicant_4460,39,Female,Married,2,Self-Employed,20,86800.0,1041600.0,471,1000000,Personal,48,8.35,4,1
Applicant_4461,39,Male,Married,1,Self-Employed,4,45700.0,548400.0,474,150000,Vehicle,180,17.89,0,0
Applicant_4462,22,Male,Single,2,Salaried,2,39800.0,477600.0,703,300000,Vehicle,180,16.64,0,0
Applicant_4463,61,Female,Married,1,Salaried,8,27100.0,325200.0,606,100000,Education,36,14.63,1,0
Applicant_4464,35,Male,Married,0,Salaried,10,63600.0,763200.0,614,100000,Education,60,8.24,0,0
Applicant_4465,23,Male,Divorced,0,Salaried,4,43400.0,520800.0,607,1000000,Home,36,9.27,1,1
Applicant_4466,31,Female,Married,1,Salaried,8,55100.0,661200.0,635,100000,Home,36,8.57,1,0
Applicant_4467,50,Male,Single,3,Salaried,0,22300.0,267600.0,527,100000,Personal,48,13.76,2,1
Applicant_4468,60,Female,Married,1,Freelancer,25,96500.0,1158000.0,681,250000,Education,60,11.09,4,0
Applicant_4469,38,Male,Single,0,Salaried,9,70900.0,850800.0,507,50000,Business,120,7.05,0,0
Applicant_4470,22,Female,Single,4,Salaried,2,65500.0,786000.0,574,400000,Home,180,9.85,2,0
Applicant_4471,52,Male,Married,0,Unemployed,0,22200.0,266400.0,751,50000,Business,24,16.4,1,0
Applicant_4472,28,Female,Married,0,Salaried,7,62900.0,754800.0,687,50000,Education,120,15.65,1,0
Applicant_4473,42,Male,Single,3,Freelancer,18,43900.0,526800.0,718,250000,Personal,120,13.89,2,0
Applicant_4474,26,Female,Married,2,Self-Employed,7,76700.0,920400.0,865,400000,Personal,120,7.48,5,0
Applicant_4475,32,Female,Married,1,Unemployed,0,5000.0,60000.0,644,150000,Personal,180,16.65,3,1
Applicant_4476,60,Male,Single,2,Salaried,36,108000.0,1296000.0,652,400000,Home,36,12.65,2,0
Applicant_4477,56,Male,Married,2,Self-Employed,3,51600.0,619200.0,623,750000,Education,36,12.19,1,1
Applicant_4478,35,Female,Single,0,Salaried,13,77300.0,927600.0,605,200000,Home,60,17.24,1,0
Applicant_4479,48,Female,Married,2,Unemployed,0,13600.0,163200.0,548,250000,Personal,60,6.6,3,1
Applicant_4480,38,Male,Married,2,Salaried,6,46000.0,552000.0,658,500000,Home,120,12.89,0,0
Applicant_4481,22,Male,Married,4,Self-Employed,3,31900.0,382800.0,685,750000,Personal,48,15.6,2,1
Applicant_4482,33,Female,Divorced,4,Salaried,7,92000.0,1104000.0,691,250000,Home,12,7.23,1,0
Applicant_4483,35,Male,Single,1,Unemployed,0,5000.0,60000.0,656,250000,Education,120,10.61,2,1
Applicant_4484,40,Other,Married,2,Self-Employed,6,44600.0,535200.0,742,100000,Personal,120,17.74,0,0
Applicant_4485,49,Female,Married,0,Salaried,10,49300.0,591600.0,652,750000,Personal,180,8.94,2,1
Applicant_4486,62,Female,Married,0,Salaried,21,85700.0,1028400.0,609,300000,Education,180,12.61,2,0
Applicant_4487,49,Male,Married,1,Salaried,14,71000.0,852000.0,557,250000,Personal,12,15.08,0,0
Applicant_4488,23,Male,Married,2,Salaried,5,49800.0,597600.0,495,250000,Business,180,10.99,1,0
Applicant_4489,39,Female,Married,2,Salaried,6,57700.0,692400.0,796,200000,Education,12,11.19,2,0
Applicant_4490,23,Female,Single,1,Unemployed,0,31500.0,378000.0,580,50000,Education,36,7.23,4,1
Applicant_4491,34,Other,Married,3,Self-Employed,16,58100.0,697200.0,557,300000,Personal,48,8.69,0,0
Applicant_4492,60,Male,Married,2,Unemployed,0,5600.0,67200.0,608,50000,Vehicle,180,16.63,0,1
Applicant_4493,24,Male,Married,2,Salaried,4,38300.0,459600.0,622,1000000,Home,12,15.91,0,1
Applicant_4494,31,Male,Divorced,0,Self-Employed,7,53400.0,640800.0,813,100000,Personal,120,10.0,5,0
Applicant_4495,51,Female,Single,2,Self-Employed,5,36500.0,438000.0,617,400000,Vehicle,60,10.89,3,1
Applicant_4496,63,Male,Married,3,Salaried,33,98100.0,1177200.0,900,50000,Personal,180,11.56,2,0
Applicant_4497,52,Male,Married,0,Self-Employed,4,21100.0,253200.0,656,500000,Education,120,10.48,0,1
Applicant_4498,47,Male,Married,1,Salaried,9,59500.0,714000.0,855,500000,Personal,180,14.02,1,0
Applicant_4499,50,Male,Divorced,4,Unemployed,0,11400.0,136800.0,739,400000,Home,36,6.65,2,1
Applicant_4500,63,Other,Single,2,Self-Employed,27,116900.0,1402800.0,686,400000,Education,36,16.62,4,0
Applicant_4501,22,Male,Single,1,Freelancer,2,36000.0,432000.0,807,50000,Education,120,9.96,1,0
Applicant_4502,29,Male,Married,0,Self-Employed,1,30300.0,363600.0,762,150000,Home,180,16.53,5,0
Applicant_4503,48,Male,Married,2,Self-Employed,29,72600.0,871200.0,713,750000,Home,240,11.73,0,0
Applicant_4504,51,Male,Divorced,1,Self-Employed,27,70700.0,848400.0,881,250000,Business,60,15.43,1,0
Applicant_4505,54,Male,Married,0,Salaried,36,92600.0,1111200.0,600,250000,Vehicle,48,16.0,4,0
Applicant_4506,35,Male,Single,1,Salaried,10,88200.0,1058400.0,550,400000,Education,48,9.96,2,1
Applicant_4507,45,Female,Married,0,Freelancer,22,73300.0,879600.0,582,1000000,Home,12,13.86,3,1
Applicant_4508,56,Male,Married,2,Unemployed,0,5000.0,60000.0,825,500000,Business,60,13.49,4,1
Applicant_4509,28,Male,Married,4,Salaried,2,29600.0,355200.0,795,300000,Personal,24,11.97,1,0
Applicant_4510,29,Male,Single,1,Unemployed,0,5000.0,60000.0,597,250000,Business,48,11.9,0,1
Applicant_4511,57,Female,Single,2,Salaried,38,106900.0,1282800.0,414,50000,Personal,240,10.01,2,0
Applicant_4512,59,Female,Divorced,1,Self-Employed,31,116700.0,1400400.0,629,1000000,Vehicle,12,10.07,2,0
Applicant_4513,52,Female,Single,0,Salaried,1,41600.0,499200.0,548,1000000,Home,36,12.8,3,1
Applicant_4514,37,Female,Married,4,Salaried,14,46300.0,555600.0,600,1000000,Home,48,6.87,1,1
Applicant_4515,55,Female,Married,0,Salaried,15,104700.0,1256400.0,544,750000,Education,24,17.24,3,1
Applicant_4516,57,Male,Married,0,Salaried,15,52900.0,634800.0,489,300000,Personal,36,13.97,4,1
Applicant_4517,39,Female,Single,1,Salaried,18,67100.0,805200.0,838,150000,Vehicle,240,11.6,2,0
Applicant_4518,64,Male,Single,2,Salaried,2,63700.0,764400.0,581,1000000,Vehicle,36,7.21,2,1
Applicant_4519,49,Male,Married,1,Salaried,27,100200.0,1202400.0,791,400000,Vehicle,240,13.75,2,0
Applicant_4520,27,Female,Single,0,Salaried,5,43000.0,516000.0,627,200000,Home,180,6.7,1,0
Applicant_4521,48,Male,Married,3,Salaried,19,59500.0,714000.0,536,150000,Business,240,14.32,5,0
Applicant_4522,29,Female,Single,1,Self-Employed,3,26500.0,318000.0,700,400000,Education,60,7.33,2,1
Applicant_4523,48,Male,Married,0,Freelancer,0,11400.0,136800.0,610,300000,Vehicle,60,14.05,3,1
Applicant_4524,26,Female,Divorced,1,Salaried,5,50100.0,601200.0,629,200000,Home,120,11.17,1,0
Applicant_4525,49,Female,Single,0,Salaried,7,56900.0,682800.0,664,1000000,Home,48,14.12,2,1
Applicant_4526,37,Other,Single,1,Self-Employed,14,60800.0,729600.0,568,500000,Business,24,8.09,2,0
Applicant_4527,36,Female,Married,2,Salaried,4,47400.0,568800.0,487,100000,Business,60,7.85,2,0
Applicant_4528,43,Female,Married,2,Self-Employed,19,57200.0,686400.0,644,300000,Business,240,9.35,1,0
Applicant_4529,51,Female,Single,0,Salaried,11,66400.0,796800.0,746,150000,Home,12,11.23,1,0
Applicant_4530,23,Male,Married,0,Salaried,3,65200.0,782400.0,559,500000,Vehicle,36,9.41,0,0
Applicant_4531,41,Male,Single,0,Salaried,19,75600.0,907200.0,665,500000,Personal,12,7.44,1,0
Applicant_4532,46,Female,Single,0,Salaried,3,43300.0,519600.0,800,50000,Personal,36,10.24,0,0
Applicant_4533,56,Other,Divorced,0,Freelancer,29,84200.0,1010400.0,641,100000,Personal,12,14.62,1,0
Applicant_4534,62,Female,Married,1,Salaried,30,116800.0,1401600.0,658,200000,Business,36,13.21,4,0
Applicant_4535,57,Female,Married,0,Unemployed,0,5000.0,60000.0,655,50000,Personal,60,17.58,5,1
Applicant_4536,42,Female,Single,2,Salaried,21,103800.0,1245600.0,581,150000,Home,12,11.51,2,0
Applicant_4537,62,Male,Single,1,Unemployed,0,11300.0,135600.0,550,200000,Personal,48,10.33,0,1
Applicant_4538,32,Male,Married,0,Salaried,14,68400.0,820800.0,551,1000000,Business,240,14.48,1,1
Applicant_4539,62,Male,Single,1,Salaried,37,132200.0,1586400.0,686,150000,Home,48,11.24,2,0
Applicant_4540,33,Male,Married,0,Self-Employed,4,25300.0,303600.0,725,250000,Home,24,13.61,1,0
Applicant_4541,31,Female,Single,2,Salaried,11,69800.0,837600.0,730,1000000,Personal,24,17.38,0,0
Applicant_4542,36,Other,Married,1,Freelancer,10,51500.0,618000.0,612,400000,Education,180,12.24,0,0
Applicant_4543,28,Female,Single,0,Salaried,10,46000.0,552000.0,759,500000,Home,120,12.23,1,0
Applicant_4544,60,Male,Single,1,Self-Employed,8,57900.0,694800.0,680,500000,Vehicle,24,15.41,0,0
Applicant_4545,60,Male,Married,0,Salaried,23,90200.0,1082400.0,657,100000,Home,12,15.19,0,0
Applicant_4546,22,Male,Married,2,Self-Employed,1,34300.0,411600.0,316,50000,Education,36,12.44,4,1
Applicant_4547,50,Male,Single,4,Self-Employed,31,109900.0,1318800.0,568,300000,Personal,120,7.24,3,0
Applicant_4548,50,Male,Married,0,Freelancer,19,54400.0,652800.0,497,50000,Personal,240,17.78,0,0
Applicant_4549,32,Male,Single,2,Salaried,13,70100.0,841200.0,712,300000,Education,240,10.84,1,0
Applicant_4550,30,Male,Married,0,Unemployed,0,5000.0,60000.0,659,400000,Vehicle,24,10.14,1,1
Applicant_4551,64,Male,Married,0,Unemployed,0,5000.0,60000.0,542,750000,Personal,60,17.79,0,1
Applicant_4552,31,Female,Single,0,Freelancer,5,42500.0,510000.0,680,1000000,Education,48,16.53,2,1
Applicant_4553,35,Male,Married,3,Self-Employed,3,37900.0,454800.0,507,1000000,Education,48,10.3,1,1
Applicant_4554,36,Male,Married,1,Salaried,9,35900.0,430800.0,545,50000,Personal,60,10.05,1,0
Applicant_4555,37,Male,Divorced,4,Salaried,10,33000.0,396000.0,578,400000,Home,48,14.79,0,0
Applicant_4556,46,Male,Married,1,Unemployed,0,16800.0,201600.0,704,200000,Vehicle,12,10.34,1,1
Applicant_4557,22,Female,Single,0,Unemployed,0,5000.0,60000.0,789,750000,Home,180,9.39,3,1
Applicant_4558,32,Female,Single,2,Salaried,6,56200.0,674400.0,591,200000,Personal,60,17.77,3,0
Applicant_4559,46,Male,Married,4,Salaried,17,74800.0,897600.0,782,100000,Business,180,13.01,4,0
Applicant_4560,43,Female,Single,3,Freelancer,24,67500.0,810000.0,654,50000,Business,12,15.27,2,0
Applicant_4561,38,Male,Married,2,Salaried,6,81400.0,976800.0,673,400000,Home,120,14.7,2,0
Applicant_4562,52,Female,Married,1,Salaried,17,76700.0,920400.0,643,400000,Personal,240,15.19,0,0
Applicant_4563,58,Male,Single,0,Unemployed,0,16300.0,195600.0,630,150000,Home,180,16.89,2,1
Applicant_4564,23,Male,Single,0,Freelancer,1,31300.0,375600.0,693,250000,Business,48,12.26,4,1
Applicant_4565,58,Female,Married,1,Unemployed,0,5000.0,60000.0,724,1000000,Personal,60,15.16,0,1
Applicant_4566,23,Female,Single,4,Salaried,2,43700.0,524400.0,561,400000,Home,60,15.66,1,1
Applicant_4567,50,Female,Divorced,2,Salaried,0,61900.0,742800.0,631,500000,Business,240,17.38,0,0
Applicant_4568,21,Male,Married,3,Self-Employed,0,51300.0,615600.0,816,750000,Education,120,14.7,3,1
Applicant_4569,50,Male,Married,0,Self-Employed,6,76300.0,915600.0,667,1000000,Home,120,16.77,2,1
Applicant_4570,52,Other,Married,2,Salaried,9,61300.0,735600.0,678,1000000,Personal,240,7.59,4,1
Applicant_4571,48,Male,Married,3,Freelancer,11,33800.0,405600.0,766,50000,Home,120,7.95,0,0
Applicant_4572,41,Male,Single,1,Unemployed,0,5000.0,60000.0,599,750000,Vehicle,60,8.32,4,1
Applicant_4573,33,Male,Divorced,1,Salaried,10,42200.0,506400.0,646,300000,Education,240,8.17,0,0
Applicant_4574,47,Male,Single,2,Salaried,7,65500.0,786000.0,731,300000,Personal,48,7.51,0,0
Applicant_4575,56,Male,Single,2,Salaried,31,93200.0,1118400.0,773,400000,Vehicle,48,7.91,0,0
Applicant_4576,27,Male,Married,4,Self-Employed,6,5000.0,60000.0,413,750000,Education,48,17.95,0,1
Applicant_4577,42,Male,Single,1,Salaried,16,109000.0,1308000.0,576,400000,Education,24,9.63,0,0
Applicant_4578,30,Female,Single,0,Self-Employed,0,26400.0,316800.0,550,400000,Home,24,12.0,1,1
Applicant_4579,59,Male,Single,1,Self-Employed,24,74400.0,892800.0,637,150000,Vehicle,180,15.95,3,0
Applicant_4580,35,Male,Single,0,Freelancer,5,60100.0,721200.0,557,1000000,Business,36,7.86,4,1
Applicant_4581,35,Female,Married,2,Salaried,16,53900.0,646800.0,716,750000,Home,180,10.15,2,0
Applicant_4582,24,Female,Single,0,Self-Employed,3,58000.0,696000.0,667,200000,Education,60,8.33,0,0
Applicant_4583,52,Male,Married,4,Self-Employed,25,76200.0,914400.0,738,300000,Vehicle,180,7.22,0,0
Applicant_4584,43,Female,Divorced,3,Self-Employed,7,29100.0,349200.0,745,400000,Personal,48,17.55,1,0
Applicant_4585,26,Male,Married,0,Unemployed,0,30600.0,367200.0,717,750000,Personal,60,16.37,3,1
Applicant_4586,44,Female,Married,0,Self-Employed,12,72800.0,873600.0,616,1000000,Personal,120,16.61,2,1
Applicant_4587,40,Male,Divorced,1,Unemployed,0,18800.0,225600.0,660,150000,Business,12,16.49,2,1
Applicant_4588,57,Male,Single,2,Salaried,28,101500.0,1218000.0,603,100000,Vehicle,12,8.28,0,0
Applicant_4589,40,Female,Married,0,Self-Employed,16,76000.0,912000.0,513,100000,Business,48,15.53,1,0
Applicant_4590,32,Female,Married,0,Self-Employed,1,18500.0,222000.0,745,100000,Vehicle,24,14.87,2,0
Applicant_4591,53,Male,Divorced,1,Unemployed,0,6700.0,80400.0,641,750000,Business,180,17.14,2,1
Applicant_4592,48,Male,Married,2,Salaried,7,40100.0,481200.0,499,500000,Home,36,9.02,0,1
Applicant_4593,28,Male,Single,0,Salaried,1,21200.0,254400.0,703,750000,Home,180,11.26,0,1
Applicant_4594,21,Female,Divorced,2,Self-Employed,2,45200.0,542400.0,627,750000,Vehicle,24,9.89,4,1
Applicant_4595,57,Male,Single,4,Salaried,11,79400.0,952800.0,444,50000,Home,60,9.47,1,0
Applicant_4596,42,Male,Married,0,Self-Employed,14,57200.0,686400.0,512,1000000,Business,240,14.0,2,1
Applicant_4597,26,Male,Married,1,Unemployed,0,5000.0,60000.0,579,1000000,Business,24,8.39,1,1
Applicant_4598,41,Female,Married,0,Unemployed,0,5000.0,60000.0,671,750000,Personal,48,11.85,2,1
Applicant_4599,52,Female,Married,0,Salaried,25,90100.0,1081200.0,728,50000,Education,120,13.94,1,0
Applicant_4600,55,Female,Married,0,Salaried,2,55400.0,664800.0,725,250000,Home,120,8.0,0,0
Applicant_4601,35,Male,Married,1,Self-Employed,2,50900.0,610800.0,710,200000,Home,24,9.46,1,0
Applicant_4602,25,Female,Single,3,Self-Employed,5,53200.0,638400.0,646,500000,Business,12,17.62,1,1
Applicant_4603,26,Female,Married,2,Self-Employed,2,29700.0,356400.0,822,250000,Home,48,15.65,1,0
Applicant_4604,45,Female,Married,0,Self-Employed,8,41200.0,494400.0,719,750000,Vehicle,180,14.28,0,1
Applicant_4605,60,Male,Married,0,Self-Employed,39,124900.0,1498800.0,672,50000,Education,48,16.34,2,0
Applicant_4606,49,Male,Divorced,2,Salaried,3,58200.0,698400.0,706,500000,Business,180,6.66,1,0
Applicant_4607,27,Female,Married,0,Freelancer,5,32400.0,388800.0,610,300000,Home,48,6.57,0,0
Applicant_4608,60,Male,Married,1,Salaried,19,71600.0,859200.0,644,50000,Personal,24,8.27,3,0
Applicant_4609,33,Male,Single,1,Salaried,14,85500.0,1026000.0,441,100000,Education,12,12.2,2,0
Applicant_4610,58,Female,Married,3,Freelancer,28,75600.0,907200.0,611,200000,Home,24,13.05,4,0
Applicant_4611,38,Female,Divorced,0,Self-Employed,4,54200.0,650400.0,825,250000,Personal,60,7.81,2,0
Applicant_4612,22,Other,Married,2,Self-Employed,3,38900.0,466800.0,664,50000,Vehicle,120,7.33,0,0
Applicant_4613,28,Female,Married,0,Salaried,0,24300.0,291600.0,660,1000000,Home,36,16.03,3,1
Applicant_4614,31,Male,Single,2,Salaried,5,74200.0,890400.0,749,400000,Education,36,11.84,0,0
Applicant_4615,53,Male,Married,2,Salaried,31,103800.0,1245600.0,685,200000,Business,120,17.91,2,0
Applicant_4616,58,Male,Married,3,Self-Employed,35,94300.0,1131600.0,571,50000,Vehicle,240,9.14,0,0
Applicant_4617,47,Male,Married,1,Salaried,1,21100.0,253200.0,652,300000,Home,36,13.94,2,1
Applicant_4618,40,Male,Married,1,Self-Employed,16,47600.0,571200.0,536,750000,Home,120,15.75,3,1
Applicant_4619,32,Male,Single,0,Freelancer,8,35400.0,424800.0,668,750000,Home,60,16.54,1,1
Applicant_4620,63,Female,Single,0,Self-Employed,31,125900.0,1510800.0,566,200000,Home,60,10.02,1,0
Applicant_4621,51,Female,Married,1,Freelancer,1,18200.0,218400.0,742,400000,Home,60,8.72,5,1
Applicant_4622,47,Other,Single,3,Freelancer,8,62700.0,752400.0,598,1000000,Education,12,9.1,0,1
Applicant_4623,52,Female,Married,1,Freelancer,28,79000.0,948000.0,567,50000,Personal,240,14.17,1,0
Applicant_4624,30,Female,Single,2,Self-Employed,5,27300.0,327600.0,638,1000000,Personal,240,12.51,4,1
Applicant_4625,23,Female,Single,0,Salaried,1,34900.0,418800.0,686,750000,Home,48,13.39,2,1
Applicant_4626,47,Other,Married,1,Self-Employed,21,57800.0,693600.0,529,50000,Personal,120,6.74,1,0
Applicant_4627,55,Female,Married,1,Self-Employed,34,90200.0,1082400.0,597,750000,Home,180,11.0,2,0
Applicant_4628,51,Female,Single,0,Salaried,14,54700.0,656400.0,660,300000,Home,60,10.07,1,0
Applicant_4629,35,Female,Single,1,Self-Employed,6,18400.0,220800.0,783,1000000,Education,36,16.43,0,1
Applicant_4630,36,Female,Single,2,Self-Employed,12,81700.0,980400.0,397,400000,Home,120,15.43,0,0
Applicant_4631,33,Male,Married,1,Salaried,9,61200.0,734400.0,711,200000,Business,180,11.44,1,0
Applicant_4632,55,Male,Single,2,Self-Employed,35,94700.0,1136400.0,611,750000,Home,180,13.75,1,0
Applicant_4633,31,Male,Married,2,Salaried,8,59300.0,711600.0,600,300000,Business,36,7.05,1,0
Applicant_4634,41,Male,Married,1,Salaried,20,67500.0,810000.0,581,300000,Personal,240,13.83,1,0
Applicant_4635,31,Male,Married,2,Freelancer,11,6900.0,82800.0,613,1000000,Personal,120,7.62,0,1
Applicant_4636,50,Male,Single,1,Self-Employed,9,97400.0,1168800.0,712,300000,Personal,120,14.71,0,0
Applicant_4637,55,Male,Married,0,Self-Employed,18,73800.0,885600.0,596,200000,Home,24,13.1,1,0
Applicant_4638,42,Male,Divorced,0,Salaried,16,63200.0,758400.0,815,400000,Home,180,9.96,1,0
Applicant_4639,58,Female,Single,0,Self-Employed,0,6000.0,72000.0,712,100000,Education,48,10.76,1,1
Applicant_4640,51,Male,Single,2,Salaried,12,41600.0,499200.0,669,100000,Personal,60,7.54,2,0
Applicant_4641,34,Female,Married,3,Self-Employed,3,65800.0,789600.0,633,300000,Personal,48,10.21,1,0
Applicant_4642,44,Female,Single,0,Freelancer,14,75500.0,906000.0,768,750000,Personal,60,17.62,0,0
Applicant_4643,52,Female,Married,0,Freelancer,19,74300.0,891600.0,783,150000,Home,36,12.09,3,0
Applicant_4644,56,Female,Married,1,Salaried,5,33300.0,399600.0,533,400000,Vehicle,48,11.95,0,1
Applicant_4645,52,Male,Married,2,Self-Employed,22,101600.0,1219200.0,579,750000,Home,48,13.74,5,1
Applicant_4646,35,Male,Married,1,Freelancer,9,49700.0,596400.0,713,750000,Home,60,12.07,5,1
Applicant_4647,63,Male,Married,1,Salaried,23,95800.0,1149600.0,743,150000,Vehicle,60,10.59,2,0
Applicant_4648,55,Male,Single,2,Salaried,4,54700.0,656400.0,619,50000,Home,180,8.1,1,0
Applicant_4649,23,Female,Single,1,Freelancer,5,12400.0,148800.0,575,100000,Vehicle,240,13.75,3,1
Applicant_4650,36,Male,Married,4,Freelancer,16,39000.0,468000.0,657,500000,Home,240,15.11,4,1
Applicant_4651,25,Male,Divorced,0,Salaried,2,36300.0,435600.0,797,400000,Home,48,17.12,2,0
Applicant_4652,41,Male,Married,4,Salaried,3,55700.0,668400.0,654,50000,Home,120,6.53,0,0
Applicant_4653,30,Male,Divorced,0,Self-Employed,6,26300.0,315600.0,523,150000,Personal,60,7.27,0,0
Applicant_4654,39,Female,Single,0,Salaried,16,69400.0,832800.0,660,500000,Personal,48,16.84,0,0
Applicant_4655,45,Female,Single,2,Self-Employed,24,80400.0,964800.0,728,400000,Home,24,13.76,0,0
Applicant_4656,24,Male,Married,2,Salaried,1,53900.0,646800.0,639,250000,Home,48,17.52,0,0
Applicant_4657,49,Male,Single,3,Self-Employed,20,85100.0,1021200.0,775,150000,Home,12,11.45,1,0
Applicant_4658,39,Male,Married,1,Self-Employed,21,61800.0,741600.0,736,400000,Education,48,11.29,1,0
Applicant_4659,63,Male,Divorced,4,Freelancer,0,46700.0,560400.0,643,250000,Vehicle,240,10.46,2,1
Applicant_4660,22,Female,Married,0,Self-Employed,3,23600.0,283200.0,654,50000,Education,180,8.14,0,0
Applicant_4661,30,Male,Married,0,Salaried,1,58400.0,700800.0,465,250000,Business,180,10.85,0,0
Applicant_4662,63,Female,Single,1,Salaried,6,43700.0,524400.0,771,150000,Home,240,6.67,2,0
Applicant_4663,45,Female,Single,2,Salaried,21,84500.0,1014000.0,617,100000,Home,120,12.36,1,0
Applicant_4664,40,Male,Married,2,Self-Employed,5,48400.0,580800.0,610,150000,Personal,24,16.24,2,0
Applicant_4665,39,Male,Married,1,Unemployed,0,8000.0,96000.0,595,1000000,Business,24,10.19,1,1
Applicant_4666,43,Other,Married,0,Self-Employed,5,55100.0,661200.0,695,200000,Vehicle,240,7.59,3,0
Applicant_4667,44,Female,Divorced,0,Salaried,13,71900.0,862800.0,537,50000,Personal,120,17.7,2,0
Applicant_4668,31,Male,Married,1,Salaried,13,77800.0,933600.0,551,200000,Education,180,7.98,2,0
Applicant_4669,54,Female,Single,1,Salaried,13,73000.0,876000.0,644,750000,Home,240,12.58,0,0
Applicant_4670,48,Female,Single,2,Salaried,11,43000.0,516000.0,587,50000,Personal,180,15.81,3,0
Applicant_4671,25,Male,Married,2,Self-Employed,0,39000.0,468000.0,683,400000,Education,36,9.4,1,0
Applicant_4672,25,Female,Single,4,Salaried,0,31500.0,378000.0,591,500000,Business,120,16.18,0,1
Applicant_4673,41,Male,Married,0,Salaried,1,25400.0,304800.0,809,750000,Personal,36,12.91,3,1
Applicant_4674,32,Male,Married,1,Salaried,1,37700.0,452400.0,719,400000,Vehicle,180,10.32,1,1
Applicant_4675,24,Other,Single,1,Self-Employed,4,45700.0,548400.0,718,750000,Personal,12,16.46,0,1
Applicant_4676,62,Female,Married,2,Self-Employed,25,88700.0,1064400.0,589,1000000,Business,60,13.65,3,1
Applicant_4677,40,Male,Married,1,Freelancer,22,84800.0,1017600.0,890,150000,Education,60,13.58,1,0
Applicant_4678,58,Male,Married,3,Salaried,11,81600.0,979200.0,606,50000,Personal,24,12.3,3,0
Applicant_4679,45,Female,Single,2,Freelancer,13,56000.0,672000.0,578,100000,Home,24,9.66,3,0
Applicant_4680,34,Female,Married,0,Self-Employed,12,66800.0,801600.0,720,1000000,Personal,36,10.01,0,0
Applicant_4681,31,Female,Married,0,Salaried,2,45400.0,544800.0,669,50000,Personal,180,7.51,2,0
Applicant_4682,52,Other,Married,2,Salaried,14,79500.0,954000.0,568,100000,Business,24,9.3,1,0
Applicant_4683,31,Female,Single,2,Salaried,2,51300.0,615600.0,869,750000,Business,240,9.69,1,0
Applicant_4684,38,Male,Married,0,Self-Employed,19,72200.0,866400.0,747,250000,Personal,48,7.18,0,0
Applicant_4685,47,Male,Married,0,Salaried,18,108300.0,1299600.0,650,200000,Home,48,7.77,2,0
Applicant_4686,38,Male,Married,2,Freelancer,14,44800.0,537600.0,890,100000,Vehicle,12,9.61,3,0
Applicant_4687,43,Female,Married,2,Salaried,18,97800.0,1173600.0,731,150000,Home,180,14.29,5,0
Applicant_4688,31,Female,Married,0,Self-Employed,7,28700.0,344400.0,648,750000,Business,48,8.62,1,1
Applicant_4689,41,Male,Married,1,Salaried,22,96200.0,1154400.0,878,150000,Personal,12,12.5,0,0
Applicant_4690,64,Male,Single,1,Self-Employed,12,80500.0,966000.0,715,500000,Business,36,12.34,1,0
Applicant_4691,25,Male,Married,4,Freelancer,6,8400.0,100800.0,711,50000,Personal,240,16.09,0,0
Applicant_4692,43,Male,Single,0,Unemployed,0,7100.0,85200.0,611,250000,Personal,48,13.51,1,1
Applicant_4693,61,Male,Married,2,Salaried,30,110700.0,1328400.0,654,100000,Education,12,17.05,4,0
Applicant_4694,45,Male,Divorced,1,Salaried,9,61800.0,741600.0,608,200000,Business,240,13.72,0,0
Applicant_4695,61,Male,Single,0,Freelancer,1,32700.0,392400.0,793,100000,Education,180,6.79,1,0
Applicant_4696,30,Male,Married,1,Salaried,10,62000.0,744000.0,489,150000,Business,240,10.89,2,0
Applicant_4697,42,Female,Married,0,Self-Employed,24,66600.0,799200.0,786,250000,Home,60,14.54,0,0
Applicant_4698,39,Male,Single,2,Unemployed,0,40500.0,486000.0,562,100000,Business,240,11.96,1,1
Applicant_4699,21,Female,Married,2,Self-Employed,0,27400.0,328800.0,644,750000,Education,12,11.32,4,1
Applicant_4700,27,Female,Married,0,Salaried,5,56500.0,678000.0,620,500000,Education,120,14.22,0,0
Applicant_4701,24,Female,Married,0,Freelancer,5,25300.0,303600.0,597,250000,Business,240,9.79,2,1
Applicant_4702,21,Female,Married,2,Unemployed,0,5000.0,60000.0,718,50000,Business,180,16.95,0,1
Applicant_4703,35,Male,Married,0,Self-Employed,8,37100.0,445200.0,649,250000,Personal,48,11.25,2,0
Applicant_4704,60,Male,Married,1,Salaried,40,98300.0,1179600.0,583,200000,Vehicle,12,13.76,0,0
Applicant_4705,32,Other,Married,1,Unemployed,0,21400.0,256800.0,665,750000,Home,120,17.8,0,1
Applicant_4706,42,Female,Married,4,Unemployed,0,5000.0,60000.0,580,100000,Education,36,15.53,0,1
Applicant_4707,42,Other,Married,1,Unemployed,0,5000.0,60000.0,596,400000,Education,240,12.61,0,1
Applicant_4708,37,Female,Married,2,Salaried,5,34000.0,408000.0,500,100000,Education,24,16.38,5,1
Applicant_4709,49,Male,Divorced,0,Freelancer,28,82400.0,988800.0,604,150000,Education,60,12.95,1,0
Applicant_4710,34,Male,Married,0,Self-Employed,9,42300.0,507600.0,699,150000,Personal,36,11.58,3,0
Applicant_4711,40,Female,Married,0,Salaried,21,96900.0,1162800.0,653,1000000,Education,60,16.54,4,0
Applicant_4712,53,Male,Married,1,Self-Employed,23,85500.0,1026000.0,831,500000,Education,240,6.81,0,0
Applicant_4713,63,Male,Married,2,Self-Employed,7,40400.0,484800.0,900,100000,Personal,60,11.19,3,0
Applicant_4714,35,Female,Married,2,Freelancer,14,65800.0,789600.0,603,50000,Home,120,10.44,2,0
Applicant_4715,32,Male,Married,1,Freelancer,5,35100.0,421200.0,566,300000,Education,12,14.71,2,1
Applicant_4716,60,Male,Single,2,Salaried,6,52300.0,627600.0,762,300000,Home,180,6.64,3,0
Applicant_4717,40,Female,Married,0,Self-Employed,19,51100.0,613200.0,683,50000,Vehicle,24,14.1,0,0
Applicant_4718,50,Female,Married,0,Self-Employed,16,65900.0,790800.0,763,250000,Education,240,10.48,0,0
Applicant_4719,58,Male,Married,3,Freelancer,35,99800.0,1197600.0,689,750000,Vehicle,12,7.63,0,0
Applicant_4720,23,Female,Married,2,Salaried,3,66000.0,792000.0,630,1000000,Personal,12,17.77,4,1
Applicant_4721,48,Female,Married,2,Self-Employed,12,47700.0,572400.0,631,1000000,Home,48,8.94,0,1
Applicant_4722,46,Male,Married,1,Self-Employed,23,115200.0,1382400.0,693,250000,Home,240,10.51,5,0
Applicant_4723,50,Male,Married,1,Unemployed,0,13400.0,160800.0,628,400000,Personal,12,8.88,0,1
Applicant_4724,33,Male,Married,0,Self-Employed,13,38200.0,458400.0,771,300000,Vehicle,240,14.11,2,0
Applicant_4725,33,Male,Divorced,3,Self-Employed,1,24300.0,291600.0,519,1000000,Home,24,15.5,2,1
Applicant_4726,22,Male,Married,2,Unemployed,0,26300.0,315600.0,771,200000,Home,36,16.4,4,1
Applicant_4727,57,Other,Married,0,Self-Employed,30,113600.0,1363200.0,462,100000,Education,120,10.08,1,0
Applicant_4728,58,Female,Married,3,Salaried,22,84300.0,1011600.0,664,1000000,Education,12,12.53,1,0
Applicant_4729,22,Female,Single,1,Salaried,4,50200.0,602400.0,616,250000,Business,24,14.13,3,0
Applicant_4730,56,Other,Single,2,Freelancer,16,39500.0,474000.0,498,1000000,Personal,12,13.74,5,1
Applicant_4731,46,Female,Married,0,Salaried,17,93800.0,1125600.0,443,750000,Home,120,14.73,0,0
Applicant_4732,31,Male,Married,0,Self-Employed,13,46200.0,554400.0,540,150000,Vehicle,60,15.35,2,0
Applicant_4733,28,Male,Married,0,Self-Employed,7,61700.0,740400.0,654,150000,Education,240,7.62,0,0
Applicant_4734,64,Female,Married,0,Unemployed,0,25300.0,303600.0,589,400000,Personal,120,8.44,2,1
Applicant_4735,60,Male,Single,2,Self-Employed,9,53700.0,644400.0,545,1000000,Personal,12,14.94,3,1
Applicant_4736,63,Male,Single,2,Self-Employed,30,109500.0,1314000.0,785,100000,Home,48,11.98,3,0
Applicant_4737,42,Female,Married,2,Salaried,12,91700.0,1100400.0,526,500000,Home,60,11.41,1,0
Applicant_4738,40,Female,Single,3,Self-Employed,19,77000.0,924000.0,717,400000,Home,24,11.74,0,0
Applicant_4739,28,Male,Married,0,Salaried,2,41400.0,496800.0,561,500000,Vehicle,120,10.78,2,1
Applicant_4740,49,Female,Married,3,Freelancer,29,82000.0,984000.0,537,1000000,Business,12,13.3,3,1
Applicant_4741,60,Male,Married,3,Freelancer,17,47900.0,574800.0,589,300000,Home,240,10.22,4,1
Applicant_4742,46,Female,Single,1,Salaried,26,80500.0,966000.0,711,250000,Personal,180,13.82,1,0
Applicant_4743,50,Male,Single,0,Salaried,5,56600.0,679200.0,512,200000,Personal,60,8.83,0,0
Applicant_4744,37,Female,Married,2,Self-Employed,19,70500.0,846000.0,678,500000,Home,60,15.21,0,0
Applicant_4745,40,Male,Married,1,Self-Employed,2,43900.0,526800.0,553,100000,Personal,36,15.49,3,0
Applicant_4746,36,Female,Single,2,Self-Employed,18,48700.0,584400.0,571,300000,Business,60,13.15,1,0
Applicant_4747,63,Male,Divorced,0,Unemployed,0,5000.0,60000.0,690,1000000,Home,120,10.75,2,1
Applicant_4748,27,Male,Single,1,Freelancer,9,58500.0,702000.0,867,300000,Vehicle,24,6.67,0,0
Applicant_4749,36,Male,Married,1,Salaried,2,27200.0,326400.0,558,250000,Personal,240,7.9,0,0
Applicant_4750,47,Male,Single,0,Salaried,11,62200.0,746400.0,721,100000,Home,180,7.42,5,0
Applicant_4751,43,Male,Married,1,Self-Employed,7,21200.0,254400.0,618,250000,Vehicle,12,6.62,3,1
Applicant_4752,44,Male,Married,0,Freelancer,24,53400.0,640800.0,602,150000,Home,120,14.81,1,0
Applicant_4753,29,Female,Single,1,Self-Employed,8,63100.0,757200.0,757,400000,Vehicle,60,17.49,1,0
Applicant_4754,55,Female,Married,3,Self-Employed,36,102400.0,1228800.0,565,400000,Education,180,6.63,4,0
Applicant_4755,40,Male,Married,0,Salaried,16,99300.0,1191600.0,534,500000,Personal,24,7.8,0,0
Applicant_4756,57,Female,Married,2,Unemployed,0,11500.0,138000.0,696,1000000,Business,36,16.4,3,1
Applicant_4757,62,Male,Single,0,Freelancer,9,51000.0,612000.0,809,750000,Education,12,14.42,0,0
Applicant_4758,37,Male,Married,2,Salaried,16,55900.0,670800.0,724,50000,Education,48,11.15,4,0
Applicant_4759,51,Male,Single,3,Salaried,28,90200.0,1082400.0,509,200000,Personal,60,17.92,2,0
Applicant_4760,28,Female,Married,1,Salaried,7,43000.0,516000.0,588,300000,Personal,60,13.1,1,0
Applicant_4761,35,Male,Married,3,Freelancer,6,21000.0,252000.0,747,400000,Education,36,14.2,2,1
Applicant_4762,51,Other,Married,1,Freelancer,33,101000.0,1212000.0,808,250000,Vehicle,24,14.01,0,0
Applicant_4763,50,Male,Married,1,Self-Employed,29,106000.0,1272000.0,672,300000,Business,36,9.06,0,0
Applicant_4764,40,Male,Married,3,Salaried,3,52000.0,624000.0,592,50000,Education,24,12.11,1,0
Applicant_4765,59,Male,Married,0,Salaried,40,107600.0,1291200.0,814,250000,Personal,12,8.99,2,0
Applicant_4766,32,Female,Single,0,Self-Employed,13,66000.0,792000.0,642,100000,Personal,60,12.36,0,0
Applicant_4767,37,Female,Single,2,Salaried,13,37300.0,447600.0,589,100000,Vehicle,48,6.85,1,0
Applicant_4768,62,Female,Married,2,Salaried,23,105800.0,1269600.0,572,50000,Education,240,10.89,0,0
Applicant_4769,50,Female,Married,2,Salaried,30,80500.0,966000.0,530,1000000,Home,36,10.78,2,0
Applicant_4770,49,Female,Single,0,Salaried,31,85200.0,1022400.0,900,750000,Home,120,9.85,4,0
Applicant_4771,39,Female,Married,4,Self-Employed,20,76700.0,920400.0,792,200000,Vehicle,48,7.41,0,0
Applicant_4772,31,Male,Married,2,Freelancer,13,54100.0,649200.0,584,200000,Education,48,15.37,0,0
Applicant_4773,54,Female,Married,4,Salaried,27,92900.0,1114800.0,823,750000,Home,60,11.34,2,0
Applicant_4774,27,Male,Single,1,Self-Employed,8,34300.0,411600.0,703,250000,Personal,60,15.86,1,0
Applicant_4775,64,Female,Married,2,Salaried,18,93000.0,1116000.0,697,200000,Education,180,16.11,2,0
Applicant_4776,54,Female,Single,3,Self-Employed,3,15700.0,188400.0,578,400000,Home,180,8.96,0,1
Applicant_4777,40,Female,Single,1,Unemployed,0,5000.0,60000.0,598,250000,Personal,120,11.35,1,1
Applicant_4778,58,Male,Married,4,Salaried,33,104400.0,1252800.0,645,500000,Home,48,14.79,1,0
Applicant_4779,44,Female,Single,0,Salaried,24,69000.0,828000.0,453,150000,Personal,12,12.24,0,0
Applicant_4780,30,Other,Single,1,Salaried,6,70300.0,843600.0,601,500000,Education,120,16.33,2,1
Applicant_4781,52,Male,Single,4,Self-Employed,21,59300.0,711600.0,650,300000,Personal,48,13.07,3,0
Applicant_4782,35,Male,Married,4,Self-Employed,17,92400.0,1108800.0,780,750000,Education,24,13.74,1,0
Applicant_4783,57,Female,Single,0,Salaried,6,67500.0,810000.0,588,300000,Personal,120,15.55,2,0
Applicant_4784,40,Other,Single,0,Salaried,10,78500.0,942000.0,731,200000,Home,180,7.91,0,0
Applicant_4785,23,Male,Married,2,Freelancer,1,55300.0,663600.0,443,100000,Education,240,13.22,3,1
Applicant_4786,57,Male,Married,4,Self-Employed,10,56200.0,674400.0,766,150000,Home,24,7.48,0,0
Applicant_4787,60,Male,Divorced,2,Self-Employed,8,35800.0,429600.0,559,400000,Personal,24,9.5,0,1
Applicant_4788,28,Male,Married,2,Unemployed,0,5000.0,60000.0,663,1000000,Education,24,8.94,4,1
Applicant_4789,60,Female,Married,2,Salaried,34,99500.0,1194000.0,690,250000,Personal,36,13.02,1,0
Applicant_4790,64,Female,Married,0,Freelancer,36,86400.0,1036800.0,671,400000,Personal,180,16.2,2,0
Applicant_4791,43,Female,Single,4,Unemployed,0,7300.0,87600.0,639,400000,Personal,12,8.03,3,1
Applicant_4792,60,Male,Married,1,Salaried,22,79300.0,951600.0,525,300000,Home,36,15.34,2,0
Applicant_4793,31,Female,Married,2,Self-Employed,0,23700.0,284400.0,561,100000,Personal,36,8.15,2,0
Applicant_4794,28,Male,Single,1,Self-Employed,0,31300.0,375600.0,749,250000,Vehicle,240,8.68,1,0
Applicant_4795,49,Male,Married,1,Freelancer,19,71200.0,854400.0,590,1000000,Home,240,17.04,4,1
Applicant_4796,50,Male,Single,2,Salaried,4,62300.0,747600.0,639,300000,Home,24,6.61,0,0
Applicant_4797,30,Male,Divorced,4,Freelancer,12,25000.0,300000.0,500,500000,Education,12,8.77,4,1
Applicant_4798,59,Male,Married,2,Unemployed,0,5000.0,60000.0,735,50000,Personal,180,8.98,2,1
Applicant_4799,48,Male,Married,2,Freelancer,25,72900.0,874800.0,518,1000000,Education,240,9.74,2,1
Applicant_4800,56,Male,Single,0,Unemployed,0,5000.0,60000.0,741,400000,Business,12,10.68,1,1
Applicant_4801,33,Male,Single,3,Self-Employed,2,37200.0,446400.0,543,250000,Personal,48,7.69,0,1
Applicant_4802,52,Female,Single,0,Unemployed,0,7200.0,86400.0,751,400000,Home,120,11.89,1,1
Applicant_4803,56,Male,Single,0,Salaried,37,121800.0,1461600.0,651,150000,Vehicle,36,11.09,3,0
Applicant_4804,57,Female,Married,0,Self-Employed,2,40200.0,482400.0,594,200000,Home,120,13.69,2,0
Applicant_4805,46,Male,Divorced,2,Self-Employed,20,61800.0,741600.0,810,100000,Home,120,16.48,2,0
Applicant_4806,42,Female,Married,4,Salaried,12,94200.0,1130400.0,643,300000,Home,240,9.92,5,0
Applicant_4807,24,Female,Married,2,Salaried,6,64400.0,772800.0,613,250000,Home,12,12.78,5,1
Applicant_4808,51,Female,Married,0,Self-Employed,16,75300.0,903600.0,740,50000,Business,180,10.77,1,0
Applicant_4809,38,Female,Married,0,Salaried,2,59100.0,709200.0,501,50000,Education,60,6.96,0,0
Applicant_4810,58,Male,Single,1,Salaried,22,87700.0,1052400.0,397,500000,Business,120,15.94,1,1
Applicant_4811,44,Male,Married,0,Salaried,2,63300.0,759600.0,765,500000,Business,36,13.79,3,0
Applicant_4812,43,Male,Married,1,Unemployed,0,5900.0,70800.0,566,300000,Home,120,6.52,1,1
Applicant_4813,42,Male,Married,2,Salaried,20,80000.0,960000.0,736,750000,Personal,240,9.37,1,0
Applicant_4814,22,Male,Divorced,4,Freelancer,4,42500.0,510000.0,654,50000,Personal,12,10.05,2,0
Applicant_4815,51,Female,Married,1,Salaried,1,65600.0,787200.0,533,1000000,Vehicle,60,15.83,2,1
Applicant_4816,31,Female,Single,0,Self-Employed,2,61700.0,740400.0,710,500000,Home,120,15.25,5,0
Applicant_4817,48,Female,Married,3,Self-Employed,19,81900.0,982800.0,608,100000,Education,60,11.06,1,0
Applicant_4818,52,Female,Single,2,Self-Employed,8,58700.0,704400.0,542,500000,Vehicle,60,8.31,5,1
Applicant_4819,25,Female,Married,3,Freelancer,7,49400.0,592800.0,544,150000,Home,24,10.94,0,0
Applicant_4820,58,Female,Married,0,Freelancer,3,45800.0,549600.0,476,300000,Home,180,15.82,3,1
Applicant_4821,30,Female,Married,1,Freelancer,8,60500.0,726000.0,690,400000,Personal,240,11.7,1,0
Applicant_4822,60,Male,Divorced,4,Salaried,0,36500.0,438000.0,556,150000,Education,180,7.83,3,1
Applicant_4823,44,Male,Married,0,Self-Employed,6,66800.0,801600.0,646,100000,Personal,180,6.94,4,0
Applicant_4824,55,Other,Single,2,Self-Employed,11,62100.0,745200.0,631,50000,Business,48,10.33,2,0
Applicant_4825,64,Female,Single,0,Salaried,39,127800.0,1533600.0,555,250000,Personal,120,8.21,2,0
Applicant_4826,43,Female,Married,1,Freelancer,7,59700.0,716400.0,497,50000,Personal,120,15.07,5,0
Applicant_4827,37,Male,Single,3,Freelancer,8,52200.0,626400.0,900,50000,Education,48,9.71,1,0
Applicant_4828,21,Female,Single,1,Salaried,1,55700.0,668400.0,645,250000,Business,12,16.59,1,0
Applicant_4829,51,Male,Single,3,Unemployed,0,5000.0,60000.0,832,150000,Business,180,13.6,4,1
Applicant_4830,51,Male,Married,1,Freelancer,19,85500.0,1026000.0,766,1000000,Home,12,11.03,2,1
Applicant_4831,62,Male,Single,4,Salaried,4,58400.0,700800.0,617,150000,Education,120,13.52,4,0
Applicant_4832,62,Male,Divorced,1,Salaried,19,79900.0,958800.0,668,400000,Business,180,9.89,2,0
Applicant_4833,54,Male,Divorced,0,Unemployed,0,21500.0,258000.0,665,150000,Education,120,8.13,2,1
Applicant_4834,29,Male,Divorced,1,Self-Employed,4,81800.0,981600.0,834,100000,Personal,48,17.59,0,0
Applicant_4835,42,Male,Single,2,Salaried,1,24500.0,294000.0,732,150000,Education,240,12.98,1,0
Applicant_4836,33,Male,Divorced,3,Self-Employed,4,30900.0,370800.0,569,200000,Home,60,6.58,3,0
Applicant_4837,45,Female,Divorced,1,Self-Employed,9,93300.0,1119600.0,685,750000,Education,12,10.07,1,0
Applicant_4838,38,Female,Divorced,2,Self-Employed,8,57400.0,688800.0,730,100000,Business,120,8.33,1,0
Applicant_4839,32,Male,Married,3,Self-Employed,6,49900.0,598800.0,532,300000,Personal,24,9.47,5,1
Applicant_4840,60,Male,Married,3,Self-Employed,29,91300.0,1095600.0,699,250000,Personal,240,7.14,2,0
Applicant_4841,37,Female,Single,2,Self-Employed,17,87100.0,1045200.0,784,300000,Home,180,9.32,0,0
Applicant_4842,35,Male,Married,3,Unemployed,0,44200.0,530400.0,564,250000,Home,240,14.35,1,1
Applicant_4843,62,Male,Single,2,Unemployed,0,5000.0,60000.0,578,300000,Home,24,15.94,1,1
Applicant_4844,35,Female,Single,0,Self-Employed,11,55500.0,666000.0,766,200000,Home,48,10.5,5,1
Applicant_4845,35,Other,Divorced,0,Unemployed,0,5000.0,60000.0,614,500000,Personal,12,12.51,2,1
Applicant_4846,59,Male,Married,4,Freelancer,9,54000.0,648000.0,551,750000,Personal,12,6.98,1,1
Applicant_4847,33,Male,Single,0,Salaried,12,82300.0,987600.0,738,1000000,Education,120,7.54,1,0
Applicant_4848,37,Male,Divorced,1,Unemployed,0,29300.0,351600.0,707,400000,Vehicle,240,12.85,4,1
Applicant_4849,52,Female,Divorced,4,Salaried,20,91500.0,1098000.0,659,50000,Education,120,16.17,2,0
Applicant_4850,29,Male,Single,0,Salaried,5,87800.0,1053600.0,762,250000,Business,180,7.51,1,0
Applicant_4851,60,Male,Married,3,Self-Employed,16,58400.0,700800.0,769,400000,Home,60,11.31,1,0
Applicant_4852,40,Male,Married,3,Self-Employed,4,30500.0,366000.0,641,250000,Home,240,17.66,0,0
Applicant_4853,46,Other,Married,4,Self-Employed,5,67000.0,804000.0,847,250000,Personal,12,15.0,5,0
Applicant_4854,47,Female,Single,0,Freelancer,9,44800.0,537600.0,808,250000,Home,48,8.77,2,0
Applicant_4855,41,Female,Single,1,Salaried,10,39400.0,472800.0,451,250000,Home,12,9.78,1,1
Applicant_4856,38,Female,Single,3,Unemployed,0,5000.0,60000.0,546,250000,Home,120,17.4,0,1
Applicant_4857,33,Male,Single,0,Salaried,1,45800.0,549600.0,424,50000,Home,12,9.04,0,0
Applicant_4858,36,Female,Divorced,1,Unemployed,0,5000.0,60000.0,617,300000,Personal,240,11.57,1,1
Applicant_4859,29,Female,Married,2,Salaried,6,36800.0,441600.0,528,300000,Personal,24,10.59,1,0
Applicant_4860,32,Male,Married,0,Self-Employed,13,57900.0,694800.0,568,500000,Education,48,12.14,1,0
Applicant_4861,64,Female,Married,4,Self-Employed,3,25000.0,300000.0,759,250000,Home,36,9.22,3,0
Applicant_4862,58,Female,Single,2,Self-Employed,36,116500.0,1398000.0,474,100000,Business,48,14.19,5,0
Applicant_4863,39,Female,Divorced,0,Salaried,18,46800.0,561600.0,662,400000,Home,48,9.2,1,0
Applicant_4864,27,Male,Married,0,Salaried,4,49400.0,592800.0,662,50000,Personal,120,13.42,0,0
Applicant_4865,55,Other,Single,0,Salaried,27,101800.0,1221600.0,641,250000,Vehicle,240,10.61,3,0
Applicant_4866,38,Other,Single,0,Self-Employed,19,71600.0,859200.0,663,250000,Home,36,9.39,1,0
Applicant_4867,36,Male,Married,2,Unemployed,0,21400.0,256800.0,426,150000,Home,180,14.49,0,1
Applicant_4868,59,Male,Married,0,Salaried,29,77400.0,928800.0,569,100000,Vehicle,120,17.6,0,0
Applicant_4869,24,Male,Married,1,Self-Employed,1,26500.0,318000.0,804,200000,Education,36,16.5,0,0
Applicant_4870,45,Other,Single,3,Freelancer,5,30000.0,360000.0,530,400000,Education,24,7.5,0,1
Applicant_4871,52,Female,Single,2,Salaried,1,52700.0,632400.0,816,1000000,Personal,60,11.73,4,1
Applicant_4872,60,Male,Married,0,Salaried,2,47300.0,567600.0,509,150000,Home,48,14.49,1,0
Applicant_4873,33,Male,Married,4,Salaried,11,94200.0,1130400.0,497,300000,Vehicle,48,12.97,0,0
Applicant_4874,37,Male,Single,0,Salaried,14,55900.0,670800.0,554,400000,Home,48,14.85,0,0
Applicant_4875,57,Female,Married,3,Salaried,38,95100.0,1141200.0,762,100000,Personal,48,17.71,1,0
Applicant_4876,26,Male,Married,2,Salaried,8,82800.0,993600.0,595,150000,Personal,24,10.44,2,0
Applicant_4877,39,Other,Married,2,Salaried,1,20500.0,246000.0,684,750000,Personal,48,15.37,2,1
Applicant_4878,33,Female,Single,2,Freelancer,6,47200.0,566400.0,657,50000,Personal,36,7.58,1,0
Applicant_4879,46,Female,Married,1,Freelancer,14,38300.0,459600.0,644,500000,Vehicle,36,16.5,5,1
Applicant_4880,34,Male,Married,3,Freelancer,2,5000.0,60000.0,777,50000,Vehicle,12,15.45,3,1
Applicant_4881,51,Male,Divorced,3,Self-Employed,4,37400.0,448800.0,727,150000,Education,24,12.49,3,0
Applicant_4882,24,Male,Single,1,Salaried,5,63500.0,762000.0,535,300000,Personal,12,15.94,1,0
Applicant_4883,59,Male,Single,1,Salaried,39,99700.0,1196400.0,622,500000,Home,48,14.17,1,0
Applicant_4884,28,Male,Divorced,3,Salaried,3,54600.0,655200.0,824,400000,Personal,180,12.85,1,0
Applicant_4885,45,Other,Married,1,Self-Employed,17,80400.0,964800.0,681,150000,Home,24,17.38,1,0
Applicant_4886,33,Male,Married,3,Unemployed,0,5000.0,60000.0,499,300000,Business,180,8.0,0,1
Applicant_4887,52,Male,Married,2,Salaried,26,88600.0,1063200.0,506,50000,Home,24,17.92,5,0
Applicant_4888,58,Male,Single,2,Self-Employed,4,66700.0,800400.0,739,500000,Business,60,8.28,3,0
Applicant_4889,58,Male,Married,0,Self-Employed,16,76800.0,921600.0,720,750000,Education,240,12.02,0,0
Applicant_4890,48,Other,Married,0,Freelancer,29,79100.0,949200.0,557,750000,Vehicle,60,9.16,4,0
Applicant_4891,50,Male,Married,1,Salaried,11,68200.0,818400.0,724,200000,Personal,240,9.63,2,0
Applicant_4892,23,Male,Single,2,Salaried,1,31700.0,380400.0,809,200000,Business,180,13.77,0,0
Applicant_4893,48,Female,Divorced,2,Freelancer,30,101700.0,1220400.0,795,400000,Personal,12,6.9,1,0
Applicant_4894,23,Male,Married,2,Salaried,0,56700.0,680400.0,810,400000,Vehicle,12,17.32,0,0
Applicant_4895,54,Male,Married,2,Self-Employed,28,92800.0,1113600.0,705,300000,Business,36,9.72,0,0
Applicant_4896,36,Male,Married,3,Freelancer,5,38500.0,462000.0,632,400000,Business,180,9.63,0,0
Applicant_4897,42,Male,Married,0,Unemployed,0,5000.0,60000.0,609,50000,Education,36,16.43,1,1
Applicant_4898,52,Male,Married,2,Salaried,2,23700.0,284400.0,648,750000,Personal,120,15.3,1,1
Applicant_4899,58,Male,Divorced,0,Salaried,37,108400.0,1300800.0,562,300000,Education,180,14.22,0,0
Applicant_4900,28,Female,Married,1,Salaried,8,54700.0,656400.0,614,500000,Home,120,8.18,1,1
Applicant_4901,28,Male,Married,0,Self-Employed,5,60900.0,730800.0,777,250000,Business,180,15.35,1,0
Applicant_4902,26,Female,Divorced,1,Self-Employed,7,62800.0,753600.0,489,400000,Home,120,10.65,1,1
Applicant_4903,34,Female,Single,1,Unemployed,0,7800.0,93600.0,495,150000,Education,36,17.93,0,1
Applicant_4904,52,Male,Single,0,Self-Employed,29,110900.0,1330800.0,733,1000000,Education,24,14.22,2,0
Applicant_4905,55,Male,Divorced,1,Self-Employed,21,62800.0,753600.0,614,50000,Home,48,16.11,0,0
Applicant_4906,30,Male,Married,4,Salaried,5,66200.0,794400.0,457,400000,Home,240,14.94,1,0
Applicant_4907,23,Female,Divorced,0,Salaried,2,32100.0,385200.0,643,250000,Education,12,13.33,4,1
Applicant_4908,32,Female,Single,2,Salaried,12,82600.0,991200.0,629,50000,Home,36,14.74,1,0
Applicant_4909,51,Female,Single,1,Salaried,9,57800.0,693600.0,606,750000,Personal,180,13.37,1,1
Applicant_4910,49,Male,Single,1,Freelancer,31,57000.0,684000.0,718,750000,Home,24,7.09,0,0
Applicant_4911,25,Female,Married,0,Self-Employed,2,50000.0,600000.0,516,300000,Vehicle,60,10.47,2,1
Applicant_4912,45,Male,Married,0,Salaried,3,58100.0,697200.0,651,750000,Vehicle,48,10.14,4,1
Applicant_4913,61,Male,Married,2,Self-Employed,28,84200.0,1010400.0,628,400000,Education,60,14.71,0,0
Applicant_4914,51,Male,Single,0,Salaried,7,48400.0,580800.0,653,500000,Education,120,13.13,1,0
Applicant_4915,41,Male,Married,0,Salaried,19,75600.0,907200.0,476,100000,Home,180,13.52,2,0
Applicant_4916,40,Male,Married,1,Freelancer,14,24100.0,289200.0,597,100000,Vehicle,60,16.24,0,0
Applicant_4917,59,Female,Single,2,Unemployed,0,5000.0,60000.0,651,200000,Personal,180,12.54,5,1
Applicant_4918,42,Female,Divorced,2,Salaried,6,71500.0,858000.0,704,50000,Personal,48,9.01,1,0
Applicant_4919,24,Female,Single,1,Freelancer,0,12600.0,151200.0,834,500000,Vehicle,24,6.64,0,1
Applicant_4920,33,Male,Married,1,Self-Employed,11,84800.0,1017600.0,730,250000,Vehicle,180,8.33,1,0
Applicant_4921,62,Female,Married,1,Salaried,24,108600.0,1303200.0,696,400000,Business,60,6.85,1,0
Applicant_4922,40,Male,Married,0,Self-Employed,8,74500.0,894000.0,777,100000,Business,24,9.23,1,0
Applicant_4923,33,Male,Single,1,Salaried,6,42200.0,506400.0,619,250000,Vehicle,240,13.8,2,0
Applicant_4924,37,Male,Single,2,Salaried,7,29900.0,358800.0,805,750000,Vehicle,60,8.24,1,1
Applicant_4925,56,Male,Married,2,Salaried,1,25700.0,308400.0,761,750000,Education,36,7.44,1,1
Applicant_4926,53,Male,Single,2,Salaried,25,83300.0,999600.0,605,100000,Vehicle,180,17.66,1,0
Applicant_4927,21,Male,Married,2,Salaried,1,6400.0,76800.0,842,100000,Business,120,17.96,3,0
Applicant_4928,35,Female,Divorced,0,Salaried,11,54900.0,658800.0,694,250000,Education,48,13.83,1,0
Applicant_4929,33,Female,Divorced,0,Self-Employed,14,60000.0,720000.0,869,150000,Personal,12,7.75,0,0
Applicant_4930,37,Male,Married,1,Self-Employed,16,47600.0,571200.0,680,50000,Personal,48,15.95,1,0
Applicant_4931,44,Other,Married,2,Salaried,18,60400.0,724800.0,593,50000,Education,60,12.7,0,0
Applicant_4932,28,Female,Divorced,0,Salaried,5,46700.0,560400.0,573,250000,Business,60,8.59,4,1
Applicant_4933,47,Male,Married,4,Salaried,20,85300.0,1023600.0,614,150000,Home,120,13.12,1,0
Applicant_4934,43,Female,Single,1,Freelancer,4,19600.0,235200.0,592,750000,Vehicle,180,6.95,0,1
Applicant_4935,28,Male,Single,1,Salaried,8,60400.0,724800.0,777,150000,Education,36,17.68,5,0
Applicant_4936,28,Female,Single,2,Freelancer,5,37100.0,445200.0,647,150000,Home,36,16.0,0,0
Applicant_4937,46,Female,Married,0,Salaried,2,44700.0,536400.0,488,150000,Vehicle,48,9.5,3,1
Applicant_4938,33,Other,Married,1,Unemployed,0,5000.0,60000.0,671,50000,Home,12,11.32,2,1
Applicant_4939,59,Female,Married,1,Salaried,15,50000.0,600000.0,662,150000,Business,120,11.05,1,0
Applicant_4940,57,Female,Married,0,Salaried,30,125400.0,1504800.0,603,250000,Education,48,16.41,1,0
Applicant_4941,48,Female,Married,3,Self-Employed,17,78500.0,942000.0,676,500000,Vehicle,12,10.58,4,0
Applicant_4942,45,Male,Married,2,Self-Employed,13,76100.0,913200.0,645,400000,Home,24,7.05,1,0
Applicant_4943,36,Male,Single,0,Self-Employed,14,61700.0,740400.0,713,200000,Home,60,8.97,1,0
Applicant_4944,22,Male,Married,1,Salaried,1,39500.0,474000.0,707,200000,Vehicle,24,8.98,1,1
Applicant_4945,38,Male,Married,0,Salaried,3,53400.0,640800.0,686,200000,Home,48,17.42,0,0
Applicant_4946,37,Male,Married,3,Self-Employed,10,27500.0,330000.0,520,500000,Vehicle,12,17.13,1,1
Applicant_4947,50,Female,Single,1,Unemployed,0,5000.0,60000.0,861,500000,Business,12,9.96,0,1
Applicant_4948,59,Male,Divorced,1,Unemployed,0,5000.0,60000.0,494,100000,Home,240,6.53,0,1
Applicant_4949,33,Other,Divorced,1,Self-Employed,4,36200.0,434400.0,637,400000,Personal,24,12.45,1,1
Applicant_4950,52,Female,Married,1,Salaried,6,38800.0,465600.0,540,250000,Home,36,15.67,1,0
Applicant_4951,49,Female,Married,2,Salaried,17,79000.0,948000.0,689,100000,Education,36,9.59,0,0
Applicant_4952,50,Female,Married,2,Freelancer,19,64200.0,770400.0,663,150000,Education,120,11.55,0,0
Applicant_4953,38,Male,Single,1,Freelancer,1,47900.0,574800.0,633,400000,Personal,24,8.49,0,1
Applicant_4954,33,Female,Single,2,Unemployed,0,42100.0,505200.0,801,300000,Vehicle,36,10.27,1,1
Applicant_4955,63,Male,Married,1,Self-Employed,25,66100.0,793200.0,760,300000,Home,12,15.23,1,0
Applicant_4956,41,Male,Single,0,Freelancer,22,71200.0,854400.0,617,400000,Education,48,11.43,0,0
Applicant_4957,50,Male,Married,0,Freelancer,31,89200.0,1070400.0,730,300000,Personal,36,11.64,3,0
Applicant_4958,41,Male,Married,1,Self-Employed,12,58800.0,705600.0,806,100000,Home,120,15.58,0,0
Applicant_4959,37,Female,Married,2,Freelancer,12,32700.0,392400.0,760,500000,Business,12,15.27,0,0
Applicant_4960,60,Male,Single,3,Salaried,16,58200.0,698400.0,636,400000,Personal,120,8.65,5,1
Applicant_4961,39,Male,Married,0,Self-Employed,21,80600.0,967200.0,490,300000,Vehicle,180,11.28,1,0
Applicant_4962,35,Female,Single,1,Unemployed,0,5000.0,60000.0,682,250000,Personal,48,16.26,0,1
Applicant_4963,29,Female,Married,0,Salaried,10,62400.0,748800.0,716,300000,Education,240,11.75,4,1
Applicant_4964,30,Male,Married,3,Self-Employed,0,31300.0,375600.0,573,150000,Business,12,14.11,0,0
Applicant_4965,64,Female,Divorced,3,Salaried,25,92100.0,1105200.0,652,100000,Business,240,10.02,4,0
Applicant_4966,51,Female,Single,0,Freelancer,13,36700.0,440400.0,641,750000,Business,180,7.18,0,1
Applicant_4967,43,Other,Married,2,Self-Employed,20,77400.0,928800.0,788,50000,Education,180,8.4,3,0
Applicant_4968,50,Male,Single,2,Unemployed,0,5000.0,60000.0,835,100000,Personal,180,11.12,0,1
Applicant_4969,53,Male,Married,0,Self-Employed,13,63400.0,760800.0,767,1000000,Personal,60,10.56,4,1
Applicant_4970,29,Male,Married,1,Salaried,11,82100.0,985200.0,641,1000000,Education,180,16.8,2,1
Applicant_4971,21,Male,Married,2,Salaried,0,43900.0,526800.0,764,50000,Education,48,12.77,0,0
Applicant_4972,64,Female,Married,0,Freelancer,36,101800.0,1221600.0,714,500000,Business,60,13.71,3,0
Applicant_4973,55,Male,Married,1,Salaried,3,58300.0,699600.0,642,200000,Home,180,14.42,1,0
Applicant_4974,31,Other,Single,0,Self-Employed,6,25900.0,310800.0,859,300000,Education,36,12.61,2,0
Applicant_4975,54,Male,Married,1,Salaried,28,121800.0,1461600.0,576,250000,Home,120,15.35,2,0
Applicant_4976,36,Other,Single,3,Freelancer,12,33200.0,398400.0,710,500000,Home,36,15.51,2,1
Applicant_4977,29,Male,Single,1,Salaried,3,59200.0,710400.0,733,1000000,Education,12,10.54,1,1
Applicant_4978,52,Female,Single,0,Unemployed,0,16200.0,194400.0,621,400000,Business,24,7.48,4,1
Applicant_4979,35,Female,Single,0,Self-Employed,17,55500.0,666000.0,705,50000,Vehicle,12,17.84,2,0
Applicant_4980,32,Other,Married,2,Salaried,1,57100.0,685200.0,744,500000,Personal,180,13.89,0,0
Applicant_4981,53,Male,Married,1,Self-Employed,1,44500.0,534000.0,674,200000,Education,240,14.65,0,0
Applicant_4982,34,Male,Single,2,Unemployed,0,33300.0,399600.0,697,400000,Business,120,15.2,2,1
Applicant_4983,28,Female,Single,0,Freelancer,6,39900.0,478800.0,660,150000,Home,120,13.55,3,0
Applicant_4984,28,Male,Married,2,Salaried,3,44400.0,532800.0,729,100000,Home,120,11.92,2,0
Applicant_4985,47,Male,Married,3,Unemployed,0,5000.0,60000.0,627,50000,Education,60,17.82,0,1
Applicant_4986,32,Male,Divorced,3,Salaried,3,19800.0,237600.0,618,1000000,Personal,120,14.87,0,1
Applicant_4987,21,Male,Divorced,1,Salaried,0,35200.0,422400.0,652,250000,Business,48,16.23,2,0
Applicant_4988,63,Male,Divorced,2,Self-Employed,5,40900.0,490800.0,768,150000,Vehicle,240,11.56,0,0
Applicant_4989,60,Male,Married,0,Salaried,17,77900.0,934800.0,475,150000,Personal,24,16.9,1,0
Applicant_4990,62,Male,Married,2,Self-Employed,19,51700.0,620400.0,559,500000,Personal,12,14.92,2,1
Applicant_4991,31,Male,Single,0,Self-Employed,10,51400.0,616800.0,877,50000,Home,60,15.08,0,0
Applicant_4992,59,Female,Married,2,Self-Employed,38,119600.0,1435200.0,677,100000,Personal,60,7.5,1,0
Applicant_4993,63,Male,Single,1,Salaried,40,130100.0,1561200.0,609,50000,Vehicle,36,13.6,1,0
Applicant_4994,51,Male,Married,3,Self-Employed,33,73100.0,877200.0,729,400000,Education,12,10.35,1,0
Applicant_4995,37,Female,Married,2,Self-Employed,7,59600.0,715200.0,571,200000,Home,12,14.19,2,0
Applicant_4996,53,Other,Married,1,Self-Employed,23,77300.0,927600.0,439,150000,Education,120,13.03,3,0
Applicant_4997,52,Other,Single,3,Freelancer,17,56200.0,674400.0,685,150000,Personal,180,7.78,2,0
Applicant_4998,49,Female,Married,0,Salaried,29,62500.0,750000.0,576,1000000,Personal,120,12.59,0,0
Applicant_4999,41,Male,Single,4,Freelancer,0,47400.0,568800.0,660,150000,Personal,60,11.69,4,0
Applicant_5000,41,Female,Single,2,Freelancer,22,71700.0,860400.0,682,100000,Business,12,15.43,2,0
